YEAR,ST_CASE,veh_no,per_no,P1,P2,P3,P4,P5,P6,P7,P8,P9,P10
2002,40199,1,1,24,24,24,24,24,24,24,24,24,24
2002,40199,2,1,0,0,0,0,0,0,0,0,0,0
2002,40200,1,1,23,23,23,23,23,23,23,23,23,23
2002,40201,1,1,29,29,29,29,29,29,29,29,29,29
2002,40202,1,2,0,0,0,0,0,0,0,0,0,0
2002,40203,1,1,16,16,16,16,16,16,16,16,16,16
2002,40204,1,1,20,0,0,16,0,0,0,6,11,21
2002,40204,2,1,0,0,0,0,0,0,0,0,0,0
2002,40205,0,1,0,0,0,35,0,0,0,0,0,0
2002,40205,1,1,0,0,0,0,0,0,0,0,15,0
2002,40206,1,1,0,0,0,0,0,0,0,0,0,0
2002,40206,2,1,0,0,0,0,0,0,0,0,0,0
2002,40207,1,1,31,31,31,31,31,31,31,31,31,31
2002,40207,2,1,0,0,0,0,0,0,0,0,0,0
2002,40208,1,1,0,0,0,0,0,0,0,0,0,0
2002,40208,2,1,0,0,0,0,0,0,0,0,0,0
2002,40209,1,1,0,0,0,0,0,0,0,0,0,0
2002,40210,0,1,32,22,0,36,32,0,17,19,24,24
2002,40210,1,1,9,21,0,7,0,0,0,26,0,0
2002,40211,1,1,0,0,0,0,0,0,0,0,0,0
2002,40212,0,1,0,0,0,0,0,0,0,0,0,0
2002,40212,1,1,0,0,0,0,0,0,0,0,0,0
2002,40213,1,1,0,0,0,0,0,0,0,0,0,0
2002,40214,1,1,0,0,0,0,0,0,0,0,0,0
2002,40215,1,1,0,0,0,18,0,0,18,0,0,0
2002,40216,1,1,0,0,0,0,0,0,0,0,0,0
2002,40216,2,1,0,0,0,0,0,0,0,0,0,0
2002,40217,1,1,0,17,0,0,0,20,29,0,0,0
2002,40217,2,1,0,0,0,0,0,0,0,0,0,0
2002,40218,1,1,0,12,0,0,0,0,0,0,12,7
2002,40219,1,1,22,7,10,14,24,22,26,16,37,16
2002,40219,2,1,0,0,0,0,0,0,0,0,0,0
2002,40220,1,1,0,0,0,0,0,0,0,0,0,0
2002,40221,0,1,0,0,0,0,0,0,0,0,0,0
2002,40221,1,1,0,0,0,0,0,0,0,9,0,0
2002,40222,1,1,0,0,0,0,0,22,0,0,0,0
2002,40222,2,1,0,0,0,0,0,0,0,0,0,0
2002,40223,1,1,12,31,11,0,23,12,18,21,21,29
2002,40224,1,1,15,15,15,15,15,15,15,15,15,15
2002,40225,1,1,0,0,0,0,0,0,5,0,0,0
2002,40226,1,1,0,0,0,0,0,0,0,0,0,0
2002,40226,2,1,0,0,0,0,0,0,0,0,0,0
2002,40227,1,1,6,10,7,0,18,12,21,22,0,24
2002,40228,1,1,9,9,9,9,9,9,9,9,9,9
2002,40229,1,1,0,0,0,0,0,0,0,0,0,0
2002,40230,1,1,0,0,0,0,0,0,0,0,0,0
2002,40230,2,1,0,0,0,0,0,0,0,0,0,0
2002,40231,1,1,31,15,4,27,9,12,0,14,15,6
2002,40232,1,1,0,12,10,9,18,13,18,16,8,0
2002,40233,1,1,0,0,0,0,0,0,0,0,19,0
2002,40234,1,1,0,0,0,0,0,0,0,0,0,0
2002,40234,2,1,0,0,0,0,0,0,0,0,0,0
2002,40235,0,1,0,0,0,0,0,0,0,0,0,0
2002,40235,1,1,0,0,0,0,0,0,0,0,0,0
2002,40236,0,1,0,0,21,30,25,0,15,17,11,19
2002,40236,1,1,8,17,8,0,0,0,0,20,0,0
2002,40237,1,1,9,9,9,9,9,9,9,9,9,9
2002,40237,2,1,0,0,0,0,0,0,0,0,0,0
2002,40238,1,1,20,11,28,37,16,15,15,17,12,12
2002,40238,2,1,15,25,22,22,20,11,23,33,16,28
2002,40239,1,1,2,2,2,2,2,2,2,2,2,2
2002,40240,0,1,0,0,0,0,0,0,0,0,0,0
2002,40240,1,1,21,12,20,20,0,17,0,14,15,0
2002,40241,1,1,10,10,10,10,10,10,10,10,10,10
2002,40242,1,1,0,0,0,0,0,0,0,0,0,0
2002,40243,1,1,0,0,0,0,6,0,0,0,0,0
2002,40243,2,1,15,0,0,0,0,0,0,0,0,0
2002,40244,1,1,0,0,0,0,23,13,20,39,0,0
2002,40244,2,1,0,0,0,0,0,0,0,0,0,0
2002,40245,1,1,14,14,14,14,14,14,14,14,14,14
2002,40245,2,1,0,0,0,0,0,0,0,0,0,0
2002,40246,1,1,0,0,0,0,0,0,0,0,0,0
2002,40246,2,1,0,0,0,0,0,0,0,0,0,0
2002,40247,1,1,0,0,0,0,0,0,0,0,14,7
2002,40248,1,1,27,38,26,0,0,20,0,32,0,0
2002,40249,1,1,14,0,0,0,0,8,0,0,0,0
2002,40250,1,1,0,0,0,0,0,0,0,0,0,0
2002,40251,1,1,0,0,12,0,0,0,0,0,0,0
2002,40251,2,1,0,0,0,0,0,0,0,0,0,0
2002,40252,0,1,14,0,0,0,0,22,27,0,15,0
2002,40252,1,1,0,0,0,0,0,0,0,0,0,0
2002,40253,1,1,10,10,10,10,10,10,10,10,10,10
2002,40254,1,1,0,0,0,0,0,0,0,0,0,0
2002,40254,2,1,0,0,0,0,0,0,0,0,5,0
2002,40255,0,1,0,0,0,0,0,0,0,0,0,0
2002,40255,1,1,0,0,0,0,0,0,0,0,0,0
2002,40256,1,1,22,0,5,18,18,24,11,4,15,19
2002,40256,2,1,0,0,0,0,0,0,0,0,0,0
2002,40257,1,1,0,0,0,0,22,7,4,0,0,20
2002,40258,1,1,0,0,0,0,0,0,0,0,0,0
2002,40258,2,1,0,0,0,0,0,0,0,0,0,0
2002,40259,1,1,0,0,0,0,0,0,0,0,0,0
2002,40260,1,1,0,0,0,0,0,0,0,0,0,19
2002,40260,2,1,0,0,0,0,0,0,0,0,0,0
2002,40260,3,1,0,0,0,0,0,0,0,0,0,0
2002,40261,0,1,23,12,21,3,20,9,11,8,10,9
2002,40261,1,1,0,0,0,0,0,0,0,0,0,0
2002,40262,1,1,0,0,0,0,0,0,0,0,0,0
2002,40263,1,1,0,0,0,0,0,0,0,0,0,0
2002,40263,2,1,0,0,0,0,0,0,0,0,0,0
2002,40264,1,1,30,34,0,22,0,0,21,0,18,24
2002,40265,0,1,0,11,28,17,13,0,19,25,0,27
2002,40265,1,1,0,0,0,0,0,0,0,0,0,0
2002,40266,1,1,0,0,0,0,0,0,0,0,0,0
2002,40267,1,1,10,6,16,28,5,19,24,7,11,11
2002,40267,2,1,0,0,0,0,23,0,0,0,0,0
2002,40268,1,1,0,0,0,0,7,0,0,0,0,0
2002,40269,0,1,0,0,0,0,0,0,0,0,0,0
2002,40269,1,1,16,16,16,16,16,16,16,16,16,16
2002,40270,1,1,0,0,0,0,0,0,0,0,0,0
2002,40270,2,1,0,0,0,0,0,0,0,0,0,0
2002,40270,3,1,0,0,0,0,0,0,0,0,0,0
2002,40270,4,1,0,0,0,0,0,0,0,0,0,0
2002,40271,0,1,29,29,29,29,29,29,29,29,29,29
2002,40271,1,1,0,0,0,0,0,0,0,0,0,0
2002,40272,1,1,0,0,0,4,0,0,0,0,9,0
2002,40272,2,1,0,0,0,0,0,0,0,0,0,0
2002,40273,1,1,0,0,0,0,0,0,0,0,0,0
2002,40273,2,1,0,0,0,0,0,0,0,0,0,0
2002,40274,0,1,11,11,11,11,11,11,11,11,11,11
2002,40274,1,1,0,0,0,7,0,7,0,0,0,0
2002,40275,1,1,26,26,26,26,26,26,26,26,26,26
2002,40276,1,1,0,0,0,0,0,0,0,0,0,0
2002,40276,2,1,0,0,0,0,0,0,0,0,0,0
2002,40276,3,1,0,0,0,11,0,0,0,9,0,0
2002,40276,4,1,0,0,0,0,13,0,0,0,0,0
2002,40276,5,1,0,0,0,0,0,0,0,0,0,0
2002,40276,6,1,0,0,0,0,0,0,19,0,0,0
2002,40277,1,1,0,0,0,0,0,0,0,0,0,0
2002,40277,2,1,14,7,16,11,22,4,17,21,15,18
2002,40278,1,1,6,6,6,6,6,6,6,6,6,6
2002,40279,1,1,0,0,0,26,25,25,23,15,27,28
2002,40280,1,1,0,0,0,0,0,0,0,0,0,0
2002,40280,2,1,20,0,0,0,0,21,0,0,0,0
2002,40281,1,1,0,0,0,0,0,0,0,0,0,0
2002,40282,1,1,0,0,0,0,0,0,11,0,0,0
2002,40283,1,1,0,0,0,0,0,0,0,0,0,0
2002,40283,2,1,0,0,0,0,0,0,0,0,0,0
2002,40284,0,1,23,17,0,15,43,6,20,0,0,25
2002,40284,1,1,0,0,0,0,0,0,0,0,0,0
2002,40285,1,1,0,0,0,0,0,0,22,0,26,0
2002,40286,0,1,0,0,0,13,0,0,0,5,0,0
2002,40286,1,1,42,42,42,42,42,42,42,42,42,42
2002,40287,1,1,8,8,8,8,8,8,8,8,8,8
2002,40287,2,1,0,0,0,0,0,0,0,0,0,0
2002,40288,1,1,22,22,22,22,22,22,22,22,22,22
2002,40289,0,1,21,21,21,21,21,21,21,21,21,21
2002,40289,1,1,0,0,0,0,0,0,0,0,0,0
2002,40290,1,1,0,6,0,0,0,0,0,0,0,0
2002,40291,1,1,0,0,0,0,0,0,0,0,0,0
2002,40292,0,1,0,0,0,0,0,0,0,0,0,0
2002,40292,1,1,0,0,0,0,0,0,0,0,0,0
2002,40293,1,1,0,0,0,0,0,0,0,0,0,0
2002,40294,0,1,0,0,0,0,0,0,0,0,0,0
2002,40294,1,1,0,0,0,0,0,25,0,0,0,0
2002,40295,1,1,12,0,0,25,0,0,0,0,0,0
2002,40296,0,1,0,0,0,0,0,0,0,0,0,0
2002,40296,1,1,0,0,0,0,0,0,0,0,0,0
2002,40297,1,1,0,0,0,0,0,21,0,0,0,0
2002,40298,1,1,0,0,0,0,0,0,0,0,0,0
2002,40298,2,1,0,0,0,0,0,0,0,0,0,0
2002,40299,1,1,0,0,0,0,0,0,0,0,0,0
2002,40299,2,1,0,0,0,0,0,0,0,0,0,0
2002,40299,3,1,0,0,0,0,0,0,0,0,0,0
2002,40299,4,1,0,0,0,0,0,11,0,0,0,0
2002,40300,1,1,0,0,0,0,0,0,0,0,0,0
2002,40301,0,1,0,0,0,0,0,0,0,0,0,0
2002,40301,1,1,0,0,0,0,0,0,0,0,0,0
2002,40302,1,1,0,0,18,0,0,0,0,0,0,0
2002,40302,2,1,1,1,1,1,1,1,1,1,1,1
2002,40303,1,1,0,0,0,0,0,0,0,0,0,0
2002,40303,2,1,0,0,0,0,0,0,0,0,0,0
2002,40304,1,1,17,6,6,20,2,10,7,15,25,10
2002,40305,0,1,21,0,27,24,15,26,8,24,0,35
2002,40305,1,1,0,0,0,14,0,9,15,0,0,0
2002,40306,1,1,7,8,9,10,13,20,7,13,12,6
2002,40307,1,1,0,0,0,0,0,0,0,0,0,0
2002,40308,1,1,0,0,0,0,0,0,0,0,0,0
2002,40308,2,1,0,0,0,0,0,0,0,0,0,0
2002,40309,0,1,0,0,0,0,0,0,0,0,0,0
2002,40309,1,1,0,0,0,0,0,0,0,0,0,26
2002,40309,2,1,26,0,0,0,0,0,0,0,0,0
2002,40310,1,1,15,0,0,0,0,0,0,0,0,0
2002,40310,2,1,0,0,0,0,0,0,0,0,0,0
2002,40311,1,2,0,30,9,21,16,18,18,0,0,14
2002,40312,1,1,0,18,0,0,0,0,0,0,0,0
2002,40312,2,1,0,0,0,0,0,0,0,0,0,0
2002,40313,1,1,0,0,0,0,0,0,0,0,0,0
2002,40314,1,1,0,0,0,0,0,0,0,0,0,0
2002,40315,1,1,6,0,0,0,0,0,0,0,0,0
2002,40315,2,1,0,0,0,0,0,0,0,0,0,0
2002,40316,1,1,0,0,0,30,0,0,0,27,14,8
2002,40316,2,1,17,13,5,18,5,0,5,9,18,12
2002,40317,0,1,13,13,13,13,13,13,13,13,13,13
2002,40317,0,2,0,0,0,0,0,0,0,0,0,0
2002,40317,1,1,0,0,0,0,0,0,0,0,14,0
2002,40318,0,1,0,0,0,0,0,0,0,0,0,0
2002,40318,0,2,0,22,0,15,34,29,8,17,18,0
2002,40318,0,3,0,0,0,0,0,0,0,0,0,0
2002,40318,2,1,0,0,0,0,0,0,0,0,0,0
2002,40319,1,1,0,0,28,0,7,0,25,8,0,9
2002,40320,1,1,0,0,0,0,0,0,0,0,0,0
2002,40320,2,1,0,0,0,0,0,0,0,0,0,0
2002,40320,3,1,0,0,0,0,0,0,0,0,0,0
2002,40321,1,1,0,0,0,0,0,0,0,0,0,0
2002,40322,1,1,0,0,0,0,0,0,0,0,0,0
2002,40323,1,1,32,12,12,13,28,16,28,29,0,0
2002,40324,1,1,0,0,0,0,0,0,0,0,0,0
2002,40324,2,1,0,0,0,0,0,0,0,0,0,0
2002,40324,3,1,0,0,0,0,0,0,0,0,0,0
2002,40325,1,1,14,14,14,14,14,14,14,14,14,14
2002,40326,1,1,24,24,24,24,24,24,24,24,24,24
2002,40327,1,1,18,0,0,0,0,0,23,0,0,0
2002,40328,1,1,0,0,0,0,0,0,0,0,0,0
2002,40329,0,1,19,19,19,19,19,19,19,19,19,19
2002,40329,1,1,0,0,0,21,0,0,0,15,20,0
2002,40330,0,1,0,0,0,0,0,0,0,0,0,0
2002,40330,1,1,0,0,0,0,0,0,0,0,0,0
2002,40331,1,1,0,0,0,0,0,0,0,0,0,0
2002,40331,2,1,0,0,0,0,0,0,0,0,0,0
2002,40332,1,7,26,0,19,15,15,22,7,20,0,23
2002,40333,0,1,0,24,0,0,0,0,0,0,0,0
2002,40333,1,1,10,0,26,0,0,11,13,0,0,0
2002,40334,1,1,0,0,0,0,0,0,0,0,0,0
2002,40334,2,1,0,0,0,0,0,0,0,0,0,0
2002,40335,1,1,0,0,0,0,0,0,0,0,0,0
2002,40335,2,1,0,0,0,0,0,0,0,0,0,0
2002,40336,1,1,26,26,26,26,26,26,26,26,26,26
2002,40337,0,1,0,0,0,0,0,0,0,0,0,0
2002,40337,0,2,0,0,0,18,0,0,0,0,0,0
2002,40337,1,1,0,0,0,0,0,10,0,0,0,0
2002,40338,1,1,14,14,14,14,14,14,14,14,14,14
2002,40339,1,1,0,0,0,0,0,0,0,0,0,0
2002,40339,2,1,0,0,0,0,0,0,0,0,0,0
2002,40340,1,1,16,16,16,16,16,16,16,16,16,16
2002,40340,2,1,0,0,0,0,0,0,0,0,0,0
2002,40340,3,1,0,0,0,0,0,0,0,0,0,0
2002,40341,1,1,0,0,0,0,0,0,0,0,0,0
2002,40341,2,1,0,0,0,0,0,0,0,0,0,0
2002,40341,3,1,0,0,0,0,0,0,0,0,0,13
2002,40342,1,1,0,0,0,0,0,0,0,0,0,0
2002,40342,2,1,0,0,0,0,0,0,0,0,0,0
2002,40343,0,1,17,17,17,17,17,17,17,17,17,17
2002,40343,1,1,0,0,0,8,12,0,0,0,0,0
2002,40344,1,1,0,0,0,0,0,0,0,0,0,0
2002,40344,2,1,0,0,0,0,0,0,0,0,0,0
2002,40345,1,1,0,0,0,0,0,0,0,0,0,0
2002,40345,2,1,0,0,0,0,0,0,0,0,0,0
2002,40346,1,1,0,0,0,0,0,0,0,0,0,0
2002,40346,2,1,0,0,0,0,0,0,0,0,0,0
2002,40347,1,1,38,9,30,21,0,0,0,10,0,0
2002,40348,1,1,0,0,0,0,0,0,0,0,0,0
2002,40348,2,1,0,0,18,0,0,0,0,0,0,0
2002,40349,1,1,0,0,0,0,0,0,0,0,0,0
2002,40349,2,1,0,0,0,0,0,0,0,0,0,0
2002,40349,3,1,0,0,0,0,0,0,0,0,0,0
2002,40349,4,1,0,0,0,0,0,0,34,0,0,10
2002,40349,5,1,0,0,0,0,0,0,0,0,0,0
2002,40349,6,1,0,0,0,0,0,0,0,0,0,0
2002,40350,1,1,0,0,0,0,0,0,0,0,0,0
2002,40350,2,1,0,0,0,0,0,0,0,0,0,0
2002,40351,0,1,18,14,24,0,34,24,15,23,15,29
2002,40351,1,1,0,0,0,24,0,0,0,0,0,0
2002,40352,1,1,0,0,0,0,0,0,0,0,0,0
2002,40352,2,1,0,0,0,0,0,0,0,0,0,0
2002,40353,0,1,33,19,0,25,21,34,0,0,29,15
2002,40353,1,1,0,0,0,0,0,0,0,0,0,0
2002,40354,1,1,16,37,17,2,9,18,25,16,14,0
2002,40354,2,1,0,0,0,0,0,0,0,0,0,0
2002,40354,3,1,0,0,0,0,0,0,0,0,0,0
2002,40354,4,1,0,0,0,0,0,0,0,0,0,0
2002,40355,0,1,12,12,12,12,12,12,12,12,12,12
2002,40355,1,1,18,19,11,14,32,9,25,16,0,7
2002,40356,1,1,8,8,8,8,8,8,8,8,8,8
2002,40356,2,1,5,5,5,5,5,5,5,5,5,5
2002,40356,3,1,0,0,0,0,0,0,0,0,0,0
2002,40357,1,1,0,0,0,0,0,0,0,0,0,0
2002,40357,2,1,0,0,0,0,0,0,0,0,0,0
2002,40358,1,1,0,0,0,0,0,0,0,0,0,0
2002,40359,1,1,25,25,25,25,25,25,25,25,25,25
2002,40360,1,1,0,0,3,0,0,0,9,0,22,0
2002,40361,1,1,15,15,15,15,15,15,15,15,15,15
2002,40362,1,1,7,7,7,7,7,7,7,7,7,7
2002,40363,1,1,0,0,0,0,0,0,0,0,10,0
2002,40363,2,1,0,0,0,0,6,0,0,0,0,0
2002,40364,0,1,12,12,12,12,12,12,12,12,12,12
2002,40364,1,1,0,0,0,0,0,0,0,0,0,0
2002,40365,1,1,0,0,0,0,0,0,0,0,0,0
2002,40365,2,1,0,0,0,0,0,0,0,0,0,0
2002,40366,1,1,13,13,13,13,13,13,13,13,13,13
2002,40366,2,1,0,0,0,0,0,0,0,0,30,0
2002,40366,3,1,0,0,26,4,28,23,0,4,13,7
2002,40367,1,1,12,10,19,10,0,0,16,14,8,0
2002,40367,2,1,0,0,0,0,16,0,0,14,0,0
2002,40368,1,1,0,0,0,0,0,0,0,0,0,0
2002,40369,1,1,31,31,31,31,31,31,31,31,31,31
2002,40369,2,1,5,0,0,0,11,0,11,0,10,5
2002,40369,3,1,0,0,14,0,0,0,0,0,0,0
2002,40370,1,1,0,0,0,0,0,0,0,0,0,0
2002,40371,1,1,0,0,0,0,0,0,0,0,0,0
2002,40371,2,1,0,0,0,0,0,0,0,0,0,0
2002,40371,3,1,0,0,0,0,0,0,0,0,0,0
2002,40372,1,1,0,0,0,0,11,0,0,0,0,0
2002,40373,1,1,0,0,0,0,0,0,0,0,0,8
2002,40374,1,1,0,0,0,0,0,0,0,0,0,2
2002,40374,2,1,0,0,0,0,0,0,0,0,0,0
2002,40375,1,1,8,8,12,16,29,11,16,11,16,2
2002,40375,2,1,0,0,0,0,0,0,0,0,0,0
2002,40376,1,1,0,0,0,0,0,0,0,0,0,0
2002,40376,2,1,0,0,0,0,0,0,0,0,0,0
2002,40376,3,1,0,0,0,0,0,0,0,0,0,0
2002,40377,1,1,0,3,7,10,18,0,25,10,0,19
2002,40377,2,1,0,0,0,0,0,0,0,0,0,0
2002,40378,0,1,0,0,0,0,0,14,0,0,0,0
2002,40378,0,2,0,5,8,0,0,0,10,17,8,0
2002,40378,1,1,0,0,11,7,9,0,0,0,9,6
2002,40379,1,1,21,29,29,0,18,16,17,28,14,0
2002,40380,1,1,27,27,27,27,27,27,27,27,27,27
2002,40381,1,1,0,0,0,0,0,0,0,0,0,0
2002,40382,1,1,15,15,15,15,15,15,15,15,15,15
2002,40383,1,1,0,0,0,0,0,0,0,0,0,0
2002,40383,2,1,0,0,0,0,0,0,0,0,0,0
2002,40384,1,1,33,30,29,17,8,23,11,14,33,0
2002,40385,0,1,0,0,0,0,0,0,0,0,0,0
2002,40385,0,2,0,0,0,0,0,0,0,0,0,0
2002,40385,0,3,0,0,0,0,0,0,0,0,0,0
2002,40385,1,1,0,0,0,0,5,0,0,0,22,0
2002,40386,1,1,5,10,0,0,3,0,0,7,0,14
2002,40387,1,1,5,13,14,15,26,18,18,16,12,6
2002,40388,1,1,16,26,5,11,8,16,12,10,0,14
2002,40388,2,1,0,0,0,0,0,0,0,0,0,0
2002,40389,1,1,0,0,8,0,0,0,0,0,12,0
2002,40390,1,1,0,0,0,0,0,0,0,0,0,0
2002,40390,2,1,0,0,0,0,0,0,0,0,0,0
2002,40390,3,1,0,0,0,0,0,0,0,0,0,0
2002,40391,1,1,11,24,19,30,4,0,0,26,0,33
2002,40391,2,1,0,0,0,0,40,0,0,0,0,0
2002,40392,1,1,0,0,0,0,0,0,0,0,0,0
2002,40392,2,1,0,0,0,0,0,0,0,0,0,0
2002,40393,1,1,17,17,17,17,17,17,17,17,17,17
2002,40394,1,1,0,0,3,8,5,15,0,0,0,0
2002,40395,1,1,2,2,2,2,2,2,2,2,2,2
2002,40396,1,1,8,8,8,8,8,8,8,8,8,8
2002,40397,0,1,25,25,25,25,25,25,25,25,25,25
2002,40397,1,1,0,0,0,0,0,0,14,0,0,0
2002,40398,1,1,7,0,0,0,0,0,0,0,0,0
2002,40399,1,1,0,0,0,0,0,0,0,0,0,0
2002,40400,0,1,0,0,0,0,0,0,0,0,0,0
2002,40400,0,2,0,2,26,37,12,0,34,21,0,0
2002,40400,1,1,0,17,20,0,24,18,17,14,20,38
2002,40401,0,1,0,0,0,0,0,0,22,0,13,0
2002,40401,1,1,0,0,0,0,0,0,0,0,0,0
2002,40402,1,1,4,4,4,4,4,4,4,4,4,4
2002,40403,1,1,11,0,16,0,0,15,0,0,0,0
2002,40404,1,1,6,6,6,6,6,6,6,6,6,6
2002,40405,1,1,14,22,11,19,19,22,12,37,15,0
2002,40405,2,1,0,0,5,0,8,0,0,0,0,0
2002,40406,1,1,0,0,0,0,18,8,11,7,0,0
2002,40406,2,1,10,0,0,0,0,0,0,0,0,0
2002,40406,3,1,7,0,0,0,0,0,0,0,0,0
2002,40407,1,1,9,10,14,11,17,16,10,18,11,51
2002,40408,0,1,0,0,0,0,0,0,0,0,0,0
2002,40408,1,1,0,0,0,0,0,0,0,0,0,0
2002,40409,1,1,0,0,0,0,0,0,0,0,0,0
2002,40409,2,1,0,0,0,0,0,0,0,0,0,0
2002,40410,1,1,0,0,0,0,0,0,0,0,0,0
2002,40410,2,1,0,0,0,0,0,0,0,0,0,0
2002,40411,1,1,0,0,0,0,0,0,0,0,0,0
2002,40411,2,1,0,0,0,0,0,0,0,0,0,0
2002,40412,0,1,0,20,0,0,0,12,0,0,0,30
2002,40412,1,1,0,0,0,0,0,0,0,0,0,0
2002,40413,1,1,11,15,0,0,0,0,0,0,0,16
2002,40413,2,1,0,0,0,0,0,0,0,0,0,0
2002,40414,1,1,0,0,0,0,0,0,0,0,0,0
2002,40415,1,1,0,0,17,9,25,0,0,0,3,0
2002,40416,1,1,0,0,0,0,0,0,0,0,0,0
2002,40416,2,1,0,0,0,0,0,0,0,0,0,0
2002,40417,1,1,2,0,7,0,0,7,0,15,0,0
2002,40418,1,1,0,0,0,0,0,23,0,0,0,0
2002,40418,2,1,0,0,0,0,0,0,0,0,0,0
2002,40419,1,1,0,0,0,0,0,0,0,0,0,0
2002,40419,2,1,0,0,0,0,0,0,0,0,0,0
2002,40420,1,1,7,0,5,0,20,19,0,9,16,0
2002,40420,2,1,0,0,0,0,0,0,0,0,0,0
2002,40421,1,1,19,19,19,19,19,19,19,19,19,19
2002,40422,1,1,18,18,18,18,18,18,18,18,18,18
2002,40423,1,1,31,31,31,31,31,31,31,31,31,31
2002,40424,1,1,0,0,0,0,0,0,0,0,0,0
2002,40425,0,1,0,16,11,0,0,0,0,0,0,0
2002,40425,1,1,0,0,0,0,7,0,0,0,0,0
2002,40425,2,1,0,26,0,0,0,0,0,0,0,0
2002,40426,1,1,33,0,0,0,20,0,0,0,0,0
2002,40427,1,1,0,0,0,0,0,0,0,0,0,0
2002,40427,2,1,0,0,0,14,0,0,19,0,0,0
2002,40428,1,1,0,0,0,0,0,0,0,0,0,0
2002,40428,2,1,0,0,5,0,0,0,0,0,0,0
2002,40428,3,1,0,0,0,0,0,0,0,0,0,0
2002,40429,1,1,0,0,0,0,0,0,0,0,0,0
2002,40429,2,1,0,0,0,0,0,0,0,0,0,0
2002,40430,1,1,0,0,0,0,0,0,0,0,0,0
2002,40431,1,1,0,0,0,0,0,0,0,0,0,0
2002,40431,2,1,0,0,0,0,0,0,0,0,0,0
2002,40432,1,1,0,0,0,0,0,0,0,0,0,0
2002,40432,2,1,0,0,0,0,0,0,0,12,0,0
2002,40433,1,1,6,7,8,7,19,12,6,15,0,0
2002,40434,0,1,42,13,13,0,0,0,13,0,0,0
2002,40434,1,1,14,8,8,6,7,11,20,8,4,11
2002,40435,1,1,11,9,19,11,8,21,26,13,6,13
2002,40436,0,1,26,26,26,26,26,26,26,26,26,26
2002,40436,1,1,0,0,28,0,0,0,9,0,0,0
2002,40437,1,1,0,0,0,0,0,0,0,0,0,0
2002,40437,2,1,0,0,0,0,0,0,0,0,0,0
2002,40437,3,1,0,0,0,10,0,0,0,0,0,0
2002,40437,4,1,0,0,0,0,0,0,0,0,0,0
2002,40437,5,1,0,0,0,0,0,0,0,0,0,0
2002,40438,1,1,19,8,31,8,11,0,19,14,7,18
2002,40439,1,1,0,0,0,0,0,0,0,0,0,0
2002,40439,2,1,0,0,0,0,0,0,0,0,0,0
2002,40440,1,1,0,0,0,0,0,0,0,0,0,0
2002,40441,1,1,0,0,0,0,0,0,0,0,0,0
2002,40441,2,1,0,0,0,0,0,0,0,0,0,0
2002,40442,0,1,19,13,12,41,10,0,56,0,24,40
2002,40442,1,1,0,0,0,0,0,0,0,11,0,0
2002,40443,1,1,0,0,11,17,0,7,0,0,0,0
2002,40444,1,1,0,0,0,0,0,0,0,0,0,0
2002,40444,2,1,0,0,0,0,0,0,0,0,0,0
2002,40445,1,1,0,0,0,0,0,0,0,0,0,0
2002,40446,1,1,0,0,0,0,12,0,0,0,0,0
2002,40446,2,1,0,0,0,0,0,0,0,0,0,0
2002,40447,1,1,0,0,0,0,0,0,0,0,0,0
2002,40448,1,1,0,0,0,0,0,0,0,14,0,12
2002,40449,1,1,0,17,0,0,0,0,0,0,0,0
2002,40450,1,1,0,0,0,0,0,22,0,0,0,17
2002,40451,1,1,0,0,0,0,0,0,0,0,0,0
2002,40451,2,1,0,0,0,0,0,0,0,0,0,0
2002,40452,1,1,8,8,8,8,8,8,8,8,8,8
2002,40453,1,1,0,0,0,0,0,0,0,0,0,0
2002,40453,2,1,0,0,0,0,0,0,0,0,0,0
2002,40454,1,1,0,0,0,0,0,0,0,0,0,0
2002,40455,1,1,0,0,0,0,0,0,0,0,0,0
2002,40456,1,1,9,12,0,0,0,0,0,10,0,0
2002,40457,1,1,0,0,0,0,0,0,0,0,0,0
2002,40458,1,1,0,0,0,0,0,0,0,0,0,0
2002,40458,2,1,0,0,0,0,0,0,0,0,0,0
2002,40459,0,1,0,0,32,0,0,17,0,0,34,21
2002,40459,1,1,0,0,0,0,21,0,0,0,0,0
2002,40460,1,1,40,22,13,23,12,22,12,29,11,14
2002,40460,2,1,0,0,0,0,0,0,0,0,0,0
2002,40461,1,1,14,14,14,14,14,14,14,14,14,14
2002,40461,2,1,24,7,19,29,7,25,9,26,17,0
2002,40462,1,1,0,0,11,20,37,11,0,0,16,26
2002,40463,0,1,20,20,20,20,20,20,20,20,20,20
2002,40463,1,1,0,0,0,0,0,0,0,0,0,0
2002,40464,1,1,0,0,0,0,0,0,0,0,0,2
2002,40465,1,1,2,23,13,4,12,11,17,8,15,13
2002,40466,1,1,0,0,0,0,9,0,0,0,0,0
2002,40466,2,1,20,0,0,0,0,30,0,0,21,0
2002,40467,1,1,27,27,27,27,27,27,27,27,27,27
2002,40468,1,1,0,0,0,0,0,0,0,0,0,0
2002,40469,1,1,0,0,0,0,0,0,0,0,0,0
2002,40470,1,1,0,0,0,0,0,0,0,0,0,0
2002,40470,2,1,0,0,0,0,0,0,0,0,0,0
2002,40471,1,1,19,20,0,9,19,9,13,18,16,0
2002,40472,1,1,0,0,0,0,14,4,0,0,19,16
2002,40472,2,1,15,33,17,24,0,23,0,0,26,0
2002,40473,1,1,0,0,0,0,11,11,11,23,0,0
2002,40474,1,1,0,0,0,0,0,0,0,0,0,0
2002,40475,1,1,22,22,22,22,22,22,22,22,22,22
2002,40475,2,1,1,1,1,1,1,1,1,1,1,1
2002,40476,1,1,0,0,0,0,0,0,0,0,0,0
2002,40476,2,1,0,33,0,15,26,0,0,0,0,3
2002,40476,3,1,0,0,0,0,0,0,0,0,0,0
2002,40477,1,1,0,0,0,0,0,0,0,0,0,0
2002,40478,1,1,0,0,0,0,0,23,0,0,0,0