YEAR,ST_CASE,veh_no,per_no,P1,P2,P3,P4,P5,P6,P7,P8,P9,P10
2002,40478,2,1,0,0,0,0,0,0,0,0,0,0
2002,40479,1,1,0,0,0,0,0,0,0,20,0,0
2002,40479,2,1,0,0,0,0,0,0,0,0,0,0
2002,40480,1,1,19,19,19,19,19,19,19,19,19,19
2002,40480,2,1,28,24,21,18,18,6,15,14,0,13
2002,40481,1,1,0,19,0,0,0,0,0,0,18,0
2002,40481,2,1,0,0,0,0,0,0,0,0,0,0
2002,40482,0,1,0,0,0,0,0,0,0,0,0,0
2002,40482,1,1,0,0,0,0,0,0,0,0,0,0
2002,40483,1,1,40,40,40,40,40,40,40,40,40,40
2002,40484,1,1,0,0,7,0,0,0,0,0,0,0
2002,40484,2,1,0,0,0,0,0,0,0,0,0,0
2002,40485,1,1,16,16,16,16,16,16,16,16,16,16
2002,40485,2,1,0,0,0,0,0,0,0,0,0,0
2002,40486,0,1,0,23,27,20,0,0,0,23,0,0
2002,40486,1,1,0,0,0,0,0,0,0,0,0,0
2002,40487,0,1,22,22,22,22,22,22,22,22,22,22
2002,40487,1,1,0,0,0,0,0,0,0,0,0,0
2002,40488,1,1,12,12,0,0,15,0,0,0,0,0
2002,40488,2,1,0,0,0,0,0,0,0,0,0,0
2002,40489,1,1,15,15,15,15,15,15,15,15,15,15
2002,40489,2,1,0,0,0,0,0,0,0,0,0,0
2002,40490,1,1,0,0,0,0,0,0,0,7,0,0
2002,40490,2,1,0,0,0,0,0,0,0,0,0,0
2002,40490,3,1,0,0,0,0,0,0,0,0,0,0
2002,40491,1,1,0,0,0,0,0,0,0,0,0,0
2002,40492,1,1,0,0,0,0,0,0,0,0,7,0
2002,40492,2,1,0,0,0,0,0,0,0,0,0,0
2002,40493,1,1,7,13,15,5,14,0,0,0,4,6
2002,40493,2,1,0,0,0,0,0,0,0,0,0,0
2002,40493,3,1,0,0,0,0,0,0,0,0,0,0
2002,40494,1,1,14,0,0,16,0,31,19,0,17,13
2002,40495,1,1,8,11,23,0,7,16,4,0,16,11
2002,40495,2,1,0,0,0,0,0,0,0,0,0,0
2002,40496,0,1,0,0,0,0,0,0,0,0,0,0
2002,40496,1,1,8,8,8,8,8,8,8,8,8,8
2002,40497,1,1,23,23,23,23,23,23,23,23,23,23
2002,40497,2,1,0,0,0,0,0,0,0,0,0,0
2002,40497,3,1,0,0,0,0,0,0,0,0,0,0
2002,40498,1,1,0,35,15,0,13,0,0,0,0,31
2002,40498,2,1,3,3,3,3,3,3,3,3,3,3
2002,40499,1,1,17,17,17,17,17,17,17,17,17,17
2002,40500,1,1,0,0,0,0,0,0,0,0,0,0
2002,40501,1,1,14,14,14,14,14,14,14,14,14,14
2002,40502,1,1,0,0,0,0,0,0,0,0,0,0
2002,40502,2,1,0,0,9,0,0,0,0,0,0,0
2002,40503,1,1,0,9,15,0,0,0,15,8,38,0
2002,40504,1,1,0,0,0,0,0,0,0,0,0,0
2002,40504,2,1,0,0,0,0,0,0,0,0,0,0
2002,40505,1,1,18,27,13,35,14,12,10,16,9,9
2002,40505,2,1,0,0,0,0,0,0,0,0,0,0
2002,40506,1,1,29,16,0,26,13,16,25,13,21,13
2002,40507,1,1,0,7,12,0,0,8,7,14,25,13
2002,40508,1,1,0,0,0,0,0,0,0,0,0,0
2002,40508,2,1,0,0,0,0,0,0,0,0,0,0
2002,40509,1,1,0,0,0,0,0,0,0,0,0,0
2002,40510,1,1,0,0,0,0,0,0,0,0,0,0
2002,40510,2,1,0,0,0,0,0,0,0,0,0,0
2002,40510,3,1,0,0,0,0,0,0,24,0,0,0
2002,40511,1,1,0,0,0,0,0,0,0,16,0,0
2002,40512,1,1,26,12,6,28,10,34,14,3,13,27
2002,40513,1,1,0,0,0,25,0,0,0,0,0,0
2002,40514,1,1,9,9,9,9,9,9,9,9,9,9
2002,40515,1,1,6,8,0,11,14,0,3,7,9,6
2002,40515,2,1,0,0,0,0,0,0,0,0,0,0
2002,40515,3,1,0,26,0,18,0,0,0,0,0,0
2002,40516,1,2,21,17,0,14,27,0,0,0,11,4
2002,40517,0,1,0,0,5,0,0,4,0,0,0,0
2002,40517,1,1,12,5,7,0,0,14,30,12,0,17
2002,40518,1,1,0,0,0,0,20,0,3,0,24,0
2002,40518,2,1,0,0,0,0,0,0,0,0,0,0
2002,40519,1,1,14,14,14,14,14,14,14,14,14,14
2002,40519,2,1,0,0,0,0,0,0,0,0,0,0
2002,40519,3,1,0,0,0,0,0,0,0,0,0,0
2002,40519,4,1,0,0,0,0,0,0,0,0,14,0
2002,40520,1,1,0,0,0,0,0,0,11,0,0,0
2002,40521,1,1,4,0,0,15,0,0,15,0,0,0
2002,40522,1,1,19,19,19,19,19,19,19,19,19,19
2002,40523,1,1,0,0,0,0,0,0,0,0,0,0
2002,40524,1,1,22,22,22,22,22,22,22,22,22,22
2002,40525,1,1,13,12,6,18,19,10,3,11,5,13
2002,40525,2,1,4,4,4,4,4,4,4,4,4,4
2002,40525,3,1,0,0,0,0,0,0,0,0,0,0
2002,40526,1,1,0,6,0,0,0,0,0,0,0,18
2002,40527,1,1,19,19,19,19,19,19,19,19,19,19
2002,40528,1,1,0,0,0,0,0,0,0,0,0,0
2002,40529,1,1,0,0,0,0,0,0,0,0,0,0
2002,40530,1,1,0,0,0,0,23,0,22,0,0,0
2002,40531,1,1,0,0,0,0,0,0,0,0,0,0
2002,40531,2,1,0,0,0,0,0,0,0,0,0,0
2002,40532,1,1,18,18,18,18,18,18,18,18,18,18
2002,40533,1,1,20,0,6,12,21,11,15,20,0,15
2002,40534,1,1,0,0,0,0,0,0,0,0,0,0
2002,40535,1,1,0,0,0,16,0,7,27,0,0,0
2002,40536,1,1,0,0,10,0,0,10,0,0,11,0
2002,40537,1,1,0,0,0,0,0,0,0,0,0,0
2002,40538,0,1,16,16,16,16,16,16,16,16,16,16
2002,40538,1,1,0,0,0,0,0,0,0,0,0,0
2002,40539,1,1,14,0,0,12,0,13,0,0,0,0
2002,40540,0,1,0,0,0,0,0,0,0,0,0,0
2002,40540,1,1,0,5,0,0,0,0,0,0,0,0
2002,40541,1,1,0,0,0,0,0,0,0,0,0,0
2002,40541,2,1,0,0,0,0,0,0,0,0,0,0
2002,40542,1,1,20,18,20,11,12,20,16,3,26,6
2002,40542,2,1,0,0,0,0,0,0,0,0,0,0
2002,40543,1,1,0,0,0,0,0,0,0,0,0,0
2002,40544,1,1,0,0,0,0,0,0,0,0,0,0
2002,40545,1,1,0,0,0,0,0,0,0,0,0,0
2002,40545,2,1,0,0,0,0,0,0,0,0,0,0
2002,40546,0,1,24,32,21,9,25,40,23,0,22,9
2002,40546,0,2,18,27,19,19,11,0,16,15,21,5
2002,40546,1,1,0,0,0,0,0,0,0,0,0,0
2002,40547,1,1,21,21,21,21,21,21,21,21,21,21
2002,40547,2,1,0,0,0,0,0,0,0,0,0,0
2002,40548,0,1,0,0,0,0,0,0,0,0,0,0
2002,40548,1,1,0,0,0,0,0,0,0,0,0,0
2002,40549,1,1,23,8,11,7,14,20,18,23,15,23
2002,40550,1,1,0,0,0,0,0,0,0,0,0,0
2002,40551,1,1,6,6,6,6,6,6,6,6,6,6
2002,40552,1,1,0,0,0,0,0,0,0,0,0,0
2002,40552,2,1,0,0,0,0,0,0,0,0,0,0
2002,40553,1,1,0,0,0,0,28,0,0,0,21,0
2002,40553,2,1,19,11,0,0,0,0,11,0,24,0
2002,40554,1,1,15,0,15,11,26,10,29,0,0,0
2002,40555,1,1,0,0,0,0,0,0,0,0,0,0
2002,40556,1,1,0,0,0,0,0,0,0,0,0,0
2002,40556,2,1,0,4,0,0,0,0,0,0,0,0
2002,40557,1,1,22,22,22,22,22,22,22,22,22,22
2002,40557,2,1,0,0,0,0,0,9,0,0,0,0
2002,40558,1,1,23,23,23,23,23,23,23,23,23,23
2002,40558,2,1,0,0,0,0,0,0,0,0,0,0
2002,40559,1,1,0,0,0,0,0,0,0,0,0,0
2002,40559,2,1,0,0,0,0,0,0,0,0,0,0
2002,40560,1,1,0,0,0,0,0,0,0,0,0,0
2002,40560,2,1,0,0,0,0,0,0,0,0,0,0
2002,40561,1,1,0,0,0,0,0,23,0,0,0,0
2002,40561,2,1,0,0,0,0,0,0,0,0,0,0
2002,40562,1,1,16,16,16,16,16,16,16,16,16,16
2002,40562,2,1,0,0,0,0,0,0,0,0,0,0
2002,40563,1,1,0,0,0,0,0,0,0,0,0,0
2002,40563,2,1,0,0,0,0,0,0,0,0,0,0
2002,40564,0,1,38,38,38,38,38,38,38,38,38,38
2002,40564,1,1,8,0,0,0,0,0,0,0,0,0
2002,40565,0,1,23,30,41,23,26,31,19,17,17,15
2002,40565,1,1,0,0,0,0,0,0,0,0,0,0
2002,40566,1,1,14,14,14,14,14,14,14,14,14,14
2002,40566,2,1,0,0,0,0,0,0,0,0,0,0
2002,40567,1,1,0,11,0,0,0,0,0,0,0,0
2002,40567,2,1,0,0,0,0,0,0,0,0,0,0
2002,40568,1,1,0,29,0,0,0,0,0,0,3,0
2002,40569,1,1,0,0,0,0,0,0,0,0,0,0
2002,40569,2,1,0,0,0,0,0,0,0,0,0,0
2002,40570,1,1,0,0,0,0,0,0,0,0,0,0
2002,40571,1,1,0,0,0,0,0,0,5,0,0,8
2002,40571,2,1,16,0,0,0,0,0,0,0,7,0
2002,40572,0,1,0,0,0,0,0,0,0,0,0,0
2002,40572,1,1,26,12,0,0,11,0,0,0,0,0
2002,40573,1,1,17,0,0,0,0,0,0,0,0,0
2002,40573,2,1,0,0,0,0,0,0,0,0,0,0
2002,40574,1,1,0,0,0,0,0,0,0,0,0,0
2002,40574,2,1,0,0,0,0,0,0,0,0,0,0
2002,40575,0,1,0,0,0,0,0,0,0,0,0,0
2002,40575,1,1,0,0,0,0,0,0,0,0,0,0
2002,40576,1,1,0,0,0,0,0,0,0,0,0,0
2002,40577,1,1,9,0,0,0,0,0,0,0,0,0
2002,40577,2,1,0,0,0,0,0,0,0,0,0,0
2002,40578,0,1,0,0,0,0,0,0,0,0,0,0
2002,40578,1,1,0,0,0,0,0,0,9,0,0,0
2002,40579,0,1,0,0,0,0,0,0,0,0,0,0
2002,40579,1,1,0,0,0,0,0,0,0,0,0,0
2002,40580,0,1,0,0,0,0,0,0,0,0,0,0
2002,40580,1,1,0,0,0,0,0,0,0,0,0,0
2002,40581,1,1,17,17,17,17,17,17,17,17,17,17
2002,40582,1,1,0,0,28,9,16,25,9,0,16,28
2002,40583,0,1,14,14,14,14,14,14,14,14,14,14
2002,40583,1,1,11,0,0,0,0,0,0,0,0,0
2002,40584,1,1,15,0,0,6,22,16,0,5,0,20
2002,40585,1,1,0,0,13,0,0,0,0,0,0,0
2002,40586,1,1,16,0,24,0,14,0,28,22,15,0
2002,40587,1,1,23,0,18,22,0,29,0,0,0,23
2002,40588,1,1,23,23,23,23,23,23,23,23,23,23
2002,40589,1,1,0,14,21,0,17,0,7,18,25,34
2002,40590,1,1,0,0,0,17,0,0,0,0,0,0
2002,40591,1,1,0,0,0,0,0,0,0,0,0,0
2002,40591,2,1,0,0,0,0,0,12,0,0,0,0
2002,40591,3,1,0,0,0,0,0,0,0,0,0,15
2002,40592,1,1,20,20,20,20,20,20,20,20,20,20
2002,40593,1,1,0,0,0,0,0,0,0,0,0,0
2002,40594,1,1,21,21,21,21,21,21,21,21,21,21
2002,40594,2,1,23,23,23,23,23,23,23,23,23,23
2002,40595,1,1,14,17,26,10,22,20,13,17,16,23
2002,40596,1,1,22,22,14,15,10,5,7,14,22,13
2002,40597,1,1,7,22,14,23,10,4,19,20,12,12
2002,40597,2,1,0,0,0,0,0,4,0,0,0,0
2002,40598,1,1,0,0,0,0,0,0,0,0,0,0
2002,40599,0,1,0,0,0,0,0,0,0,0,0,0
2002,40599,1,1,0,0,0,0,0,0,0,0,0,0
2002,40600,0,1,0,0,0,0,0,0,0,0,0,0
2002,40600,1,1,15,8,0,0,0,0,0,0,0,0
2002,40601,1,1,16,14,17,7,5,7,12,0,9,4
2002,40601,2,1,0,0,0,0,0,0,0,0,0,0
2002,40601,3,1,0,0,0,0,0,0,0,0,0,0
2002,40602,1,1,0,0,0,0,0,0,0,0,0,0
2002,40603,1,1,0,0,0,0,0,0,0,0,0,0
2002,40604,0,1,0,0,0,0,0,0,0,0,0,0
2002,40604,1,1,0,0,0,0,0,0,0,0,0,0
2002,40605,1,1,0,0,0,0,0,0,0,0,0,0
2002,40605,2,1,0,0,0,0,0,0,0,0,0,15
2002,40606,0,1,43,43,43,43,43,43,43,43,43,43
2002,40606,1,1,0,12,12,0,0,0,8,0,9,0
2002,40607,0,1,0,8,21,0,16,0,0,16,20,30
2002,40607,1,1,0,0,0,0,0,0,0,0,0,0
2002,40608,1,1,19,21,17,18,15,12,15,17,18,7
2002,40608,2,1,0,0,0,0,0,0,0,0,0,0
2002,40608,3,1,0,0,0,0,0,0,0,0,0,0
2002,40609,1,1,0,0,0,13,0,0,0,0,0,0
2002,40609,2,1,0,0,0,0,0,0,0,0,0,0
2002,40610,1,1,0,0,0,0,0,0,0,0,0,0
2002,40611,0,1,0,0,0,0,0,0,0,0,0,0
2002,40611,1,1,0,0,0,0,0,0,0,0,0,0
2002,40612,0,1,8,28,10,16,6,22,18,24,11,13
2002,40612,1,1,0,0,0,0,0,0,0,0,0,0
2002,40613,1,1,0,0,0,0,0,0,0,0,0,0
2002,40613,2,1,0,0,0,0,0,0,0,0,0,0
2002,40614,0,1,0,0,0,0,0,0,0,0,0,0
2002,40614,1,1,0,0,0,0,0,0,0,0,0,0
2002,40615,0,1,0,0,0,0,36,0,0,2,0,0
2002,40615,1,1,0,0,0,0,0,0,0,0,0,0
2002,40615,2,1,0,0,0,0,16,0,0,0,0,0
2002,40616,1,1,0,0,0,0,0,0,0,0,0,0
2002,40617,1,1,0,0,0,0,0,0,0,0,0,0
2002,40617,2,1,0,0,0,0,0,0,0,0,0,0
2002,40618,1,1,0,0,0,0,0,0,0,0,0,0
2002,40618,2,1,0,0,0,0,0,0,0,0,0,0
2002,40619,1,1,14,14,10,18,7,18,6,10,24,14
2002,40619,2,1,0,0,0,0,0,23,0,0,0,15
2002,40620,1,1,14,14,14,14,14,14,14,14,14,14
2002,40620,2,1,0,0,0,0,0,0,0,0,0,0
2002,40620,3,1,0,0,0,0,0,0,0,0,0,0
2002,40621,1,1,9,4,0,21,0,16,16,38,9,28
2002,40622,0,1,27,27,27,27,27,27,27,27,27,27
2002,40622,1,1,0,0,0,0,0,0,0,0,0,0
2002,40623,1,1,25,25,25,25,25,25,25,25,25,25
2002,40623,2,1,0,0,4,0,0,0,0,0,0,0
2002,40624,1,1,0,0,0,0,0,0,0,0,0,0
2002,40624,2,1,0,0,0,0,0,4,0,0,19,0
2002,40624,3,1,0,0,0,0,0,0,0,0,0,0
2002,40625,1,1,0,0,0,0,0,0,0,0,0,0
2002,40625,2,1,1,0,0,0,0,0,0,0,0,0
2002,40626,0,1,0,0,0,0,0,0,0,0,0,0
2002,40626,1,1,0,0,0,0,0,0,0,0,0,0
2002,40627,1,1,20,16,13,10,27,19,7,15,23,21
2002,40627,2,1,23,0,0,0,0,0,4,10,0,0
2002,40628,1,1,0,0,0,0,0,0,0,0,0,0
2002,40628,2,1,0,0,0,0,0,0,0,0,0,0
2002,40629,1,1,7,4,22,14,3,4,15,14,10,15
2002,40630,0,1,0,0,0,0,0,0,0,0,0,0
2002,40630,1,1,0,0,0,0,0,0,0,0,0,0
2002,40631,1,1,0,0,0,0,0,0,0,0,0,0
2002,40631,2,1,0,0,0,0,0,0,0,0,0,0
2002,40632,1,1,8,16,27,10,12,16,2,32,12,12
2002,40633,1,1,0,0,0,0,0,0,0,0,0,0
2002,40633,2,1,0,0,0,0,0,0,0,0,0,0
2002,40634,1,1,0,0,0,0,0,0,0,0,0,0
2002,40634,2,1,0,0,0,0,0,0,0,0,0,0
2002,40635,1,1,26,26,26,26,26,26,26,26,26,26
2002,40636,1,1,23,21,10,12,8,13,17,11,14,16
2002,40636,2,1,0,6,0,0,0,0,0,0,0,0
2002,40637,0,1,0,0,0,0,0,0,0,0,0,0
2002,40637,1,1,0,0,0,0,0,0,0,0,0,0
2002,40638,1,1,0,0,0,0,0,0,0,0,0,0
2002,40638,2,1,0,0,0,0,0,0,0,0,0,0
2002,40638,3,1,0,0,0,0,0,0,0,0,0,0
2002,40639,1,1,14,0,10,11,11,0,17,21,9,12
2002,40639,2,1,26,0,0,11,0,0,11,0,0,0
2002,40640,1,1,0,0,0,0,0,0,0,0,0,0
2002,40640,2,1,0,10,0,23,0,0,0,0,0,0
2002,40641,1,1,0,0,0,0,0,0,0,0,0,0
2002,40641,2,1,0,0,0,0,0,0,0,0,0,0
2002,40642,1,1,0,16,0,0,0,0,0,0,0,0
2002,40643,1,1,0,0,0,0,0,15,11,0,0,0
2002,40644,1,1,0,0,19,0,0,0,11,0,17,14
2002,40645,1,1,0,0,0,0,0,0,0,0,0,0
2002,40645,2,1,0,0,0,0,0,0,0,8,0,0
2002,40646,1,1,0,0,0,0,0,0,0,0,0,0
2002,40647,1,1,23,0,0,0,0,0,0,0,0,0
2002,40648,1,1,15,13,26,25,13,22,15,37,31,9
2002,40649,1,1,8,0,0,0,0,0,0,0,20,0
2002,40650,1,1,20,20,20,20,20,20,20,20,20,20
2002,40650,2,1,0,0,0,0,0,0,0,0,0,0
2002,40650,3,1,0,0,0,0,0,0,0,0,17,0
2002,40650,4,1,0,0,0,0,0,19,0,0,0,0
2002,40651,0,1,0,0,0,0,0,0,0,0,0,0
2002,40651,1,1,0,0,0,0,0,0,0,0,0,0
2002,40652,1,1,0,0,0,0,0,0,0,0,0,0
2002,40652,2,1,0,0,0,0,0,0,0,0,0,0
2002,40653,1,1,0,0,0,0,0,0,0,0,0,0
2002,40653,2,1,0,0,0,0,0,0,0,0,0,0
2002,40654,1,1,13,0,0,0,0,18,7,0,0,0
2002,40655,1,1,11,11,11,11,11,11,11,11,11,11
2002,40656,1,1,8,9,11,12,18,15,16,27,15,10
2002,40657,0,1,0,0,0,0,0,0,0,0,0,0
2002,40657,1,1,0,0,0,0,0,0,0,0,0,0
2002,40658,1,1,39,39,39,39,39,39,39,39,39,39
2002,40658,2,1,0,0,0,0,0,0,0,0,0,0
2002,40659,2,1,8,3,18,10,18,14,18,7,12,10
2002,40660,1,1,0,0,0,14,16,0,0,0,0,0
2002,40660,2,1,0,0,0,0,0,0,0,0,0,0
2002,40661,1,1,0,0,0,0,0,0,0,0,17,0
2002,40662,1,1,22,23,21,0,10,0,14,15,26,19
2002,40663,1,1,0,0,0,0,0,0,0,0,0,0
2002,40663,2,1,0,0,0,0,0,0,0,0,0,0
2002,40664,0,1,0,0,0,0,0,0,0,0,0,0
2002,40664,1,1,0,0,0,0,0,0,0,0,0,0
2002,40664,2,1,0,0,0,0,0,0,0,0,0,0
2002,40665,0,1,0,0,0,0,0,0,0,0,0,0
2002,40665,1,1,0,0,0,0,0,0,0,0,0,0
2002,40666,1,1,0,0,0,0,0,0,0,0,0,0
2002,40666,2,1,0,0,0,0,0,0,0,0,0,0
2002,40667,1,1,0,0,0,0,0,0,37,0,0,0
2002,40668,0,1,1,1,1,1,1,1,1,1,1,1
2002,40668,1,1,0,0,0,0,0,0,0,0,0,0
2002,40669,1,1,8,11,8,6,11,7,14,14,20,5
2002,40669,2,1,0,0,0,15,0,20,12,22,0,0
2002,40670,1,1,0,0,0,0,13,23,0,0,11,25
2002,40670,2,1,0,0,0,0,0,0,0,0,7,0
2002,40671,1,1,0,0,0,0,0,0,0,0,0,0
2002,40671,2,1,0,0,0,0,0,0,0,0,0,0
2002,40672,1,1,0,0,0,0,0,0,0,0,0,0
2002,40672,2,1,0,0,0,0,0,0,0,0,0,5
2002,40673,0,1,35,35,35,35,35,35,35,35,35,35
2002,40673,1,1,10,10,10,10,10,10,10,10,10,10
2002,40674,0,1,0,0,0,0,0,0,0,0,0,0
2002,40674,1,1,0,0,0,0,0,0,0,0,0,0
2002,40675,1,1,20,0,11,13,13,32,11,16,14,23
2002,40676,1,1,8,14,10,2,5,6,13,14,13,10
2002,40676,2,1,0,0,0,22,0,28,10,13,0,13
2002,40676,3,1,0,0,0,0,0,0,0,0,0,0
2002,40677,1,1,0,0,0,4,0,0,0,0,0,0
2002,40677,2,1,0,0,0,0,0,0,0,0,0,0
2002,40678,1,1,0,0,0,0,0,0,0,0,0,0
2002,40678,2,1,0,0,0,0,0,0,0,0,0,0
2002,40678,3,1,14,0,26,0,0,0,0,0,0,20
2002,40678,4,1,0,0,0,0,0,0,0,0,0,0
2002,40679,1,1,14,14,14,14,14,14,14,14,14,14
2002,40680,0,1,0,0,0,0,0,0,0,0,0,0
2002,40680,1,1,0,0,0,0,0,0,0,0,0,0
2002,40681,0,1,25,25,25,25,25,25,25,25,25,25
2002,40681,1,1,0,0,0,0,0,0,0,0,19,0
2002,40682,1,1,0,0,0,0,0,0,0,0,0,0
2002,40682,2,1,0,0,0,0,0,0,0,0,0,0
2002,40682,3,1,0,0,0,0,0,0,0,0,0,0
2002,40683,1,1,0,0,0,0,0,0,0,0,0,0
2002,40683,2,1,0,0,0,0,0,0,0,0,0,0
2002,40684,0,1,0,0,0,0,0,0,0,0,0,0
2002,40684,1,1,0,0,0,0,0,0,0,0,0,0
2002,40685,0,1,0,0,0,0,0,0,0,0,0,0
2002,40685,1,1,0,0,0,0,20,0,0,0,0,0
2002,40686,1,1,0,0,0,0,0,0,0,0,0,0
2002,40686,2,1,0,0,0,0,0,0,0,0,0,0
2002,40686,3,1,0,0,0,0,0,0,0,0,0,0
2002,40686,4,1,0,0,0,0,0,0,0,0,0,0
2002,40686,5,1,0,0,0,0,0,0,0,0,0,0
2002,40686,6,1,0,0,0,0,0,0,0,0,0,0
2002,40686,7,1,0,0,0,0,0,0,0,0,0,0
2002,40686,8,1,0,0,0,0,0,0,0,0,0,0
2002,40686,9,1,0,0,0,0,0,0,0,0,0,0
2002,40686,10,1,0,0,0,0,0,0,0,0,0,0
2002,40686,11,1,0,0,0,0,0,0,0,0,0,0
2002,40687,0,1,0,0,21,21,0,12,0,0,0,0
2002,40687,1,1,0,0,0,0,0,0,0,0,0,0
2002,40688,1,1,0,0,0,0,0,0,0,0,0,0
2002,40688,2,1,0,0,0,9,0,0,0,0,0,0
2002,40689,0,1,0,0,0,0,0,0,0,0,0,0
2002,40689,1,1,0,0,0,0,0,0,0,0,0,0
2002,40690,1,1,4,4,4,4,4,4,4,4,4,4
2002,40691,1,1,25,25,25,25,25,25,25,25,25,25
2002,40691,2,1,0,10,0,0,0,25,0,0,0,0
2002,40692,1,1,0,0,5,0,0,0,0,0,0,0
2002,40692,2,1,0,0,0,0,0,0,0,0,0,0
2002,40693,0,1,0,0,0,0,0,0,0,0,0,0
2002,40693,1,1,0,17,24,0,0,0,0,14,0,0
2002,40694,0,1,0,0,27,25,10,0,0,0,0,0
2002,40694,0,2,4,11,0,0,0,0,0,0,0,0
2002,40694,1,1,0,0,0,0,0,0,0,0,0,0
2002,40695,1,1,0,0,0,0,0,0,0,0,0,0
2002,40695,2,1,0,0,0,0,0,0,0,0,0,0
2002,40696,1,1,0,0,0,0,0,0,0,16,0,0
2002,40697,1,1,14,14,14,14,14,14,14,14,14,14
2002,40697,2,1,0,0,0,0,0,15,0,0,0,0
2002,40698,1,1,12,0,6,8,7,27,3,17,34,14
2002,40699,1,1,0,0,0,0,0,0,0,0,0,0
2002,40699,2,1,0,0,0,0,0,0,0,0,0,0
2002,40700,0,1,0,0,0,0,0,0,0,0,0,0
2002,40700,1,1,0,0,0,0,0,0,0,0,0,0
2002,40701,1,1,8,2,19,22,21,17,12,12,0,24
2002,40702,1,1,0,0,0,0,0,0,0,0,0,0
2002,40702,2,1,0,0,0,0,0,0,0,0,0,0
2002,40703,0,1,0,0,0,0,0,0,0,0,0,0
2002,40703,1,1,0,0,0,0,0,18,0,0,0,0
2002,40704,1,1,0,0,0,0,0,0,0,0,0,0
2002,40704,2,1,0,0,0,0,0,0,0,0,0,0
2002,40705,1,1,21,30,6,15,26,24,27,15,18,15
2002,40706,1,1,0,0,14,0,0,0,0,0,0,0
2002,40707,1,1,0,0,19,2,31,0,4,0,0,0
2002,40707,2,1,0,0,0,0,0,0,0,0,0,0
2002,40707,3,1,0,0,0,0,0,0,0,0,0,0
2002,40708,1,1,0,0,0,0,0,0,0,0,0,0
2002,40708,2,1,0,0,0,0,0,0,0,0,0,0
2002,40709,0,1,0,0,0,0,0,0,0,0,0,0
2002,40709,1,1,0,10,0,0,10,0,17,0,0,0
2002,40710,1,1,0,0,0,0,0,0,0,0,0,0
2002,40711,1,1,13,13,13,13,13,13,13,13,13,13
2002,40712,1,1,21,21,21,21,21,21,21,21,21,21
2002,40713,1,1,10,0,0,0,0,0,0,0,0,0
2002,40713,2,1,0,5,0,0,0,0,0,0,0,16
2002,40714,1,1,0,20,0,0,0,0,11,0,0,0
2002,40715,1,1,0,0,0,0,0,0,0,0,0,0
2002,40715,2,1,0,0,0,0,0,0,0,0,0,0
2002,40715,3,1,0,0,0,0,0,0,0,0,0,0
2002,40716,1,1,0,0,0,0,0,0,0,0,0,0
2002,40717,0,1,18,18,18,18,18,18,18,18,18,18
2002,40717,1,1,0,0,0,0,0,0,0,0,0,0
2002,40718,1,1,0,0,0,0,0,0,0,0,0,0
2002,40718,2,1,0,0,0,0,0,0,0,0,0,0
2002,40719,1,1,0,0,0,0,0,0,0,0,0,0
2002,40719,2,1,0,0,0,0,0,0,0,0,0,0
2002,40720,1,1,0,0,0,0,0,0,0,0,0,0
2002,40721,1,1,7,0,12,7,9,0,16,0,0,0
2002,40722,1,1,0,0,0,0,0,0,0,0,0,0
2002,40723,1,1,17,0,0,0,0,0,0,0,0,0
2002,40723,2,1,0,0,0,0,0,0,0,0,0,0
2002,40724,1,1,0,0,0,0,0,0,0,0,0,0
2002,40724,2,1,0,0,0,0,0,0,0,0,0,0
2002,40725,0,1,0,0,0,0,0,0,0,0,0,0
2002,40725,1,1,0,17,0,0,0,5,0,17,0,0
2002,40725,2,1,0,13,0,0,0,0,0,0,0,0
2002,40726,1,1,12,12,22,0,11,15,34,16,6,7
2002,40727,1,1,14,14,14,14,14,14,14,14,14,14
2002,40728,1,1,8,8,8,8,8,8,8,8,8,8
2002,40728,2,1,0,0,0,0,0,0,0,0,0,0
2002,40729,1,1,0,11,0,0,4,0,0,0,8,0
2002,40729,2,1,0,0,0,0,0,2,6,0,0,0
2002,40730,0,1,5,5,5,5,5,5,5,5,5,5
2002,40730,1,1,0,0,5,14,0,0,0,0,0,29
2002,40730,2,1,11,14,0,0,7,19,0,17,0,9
2002,40731,1,1,0,0,0,0,0,0,0,0,0,0
2002,40731,2,1,0,0,0,0,0,0,0,0,0,0
2002,40732,1,1,20,29,0,14,32,13,0,22,0,0
2002,40733,1,1,0,0,0,0,0,0,0,0,0,0
2002,40733,2,1,11,18,0,25,11,4,10,10,14,4
2002,40734,1,1,0,0,0,0,0,0,0,0,0,0
2002,40734,2,1,0,0,0,0,0,0,0,0,0,0
2002,40735,1,1,16,16,16,16,16,16,16,16,16,16
2002,40736,1,1,0,0,0,0,0,0,0,0,0,0
2002,40736,2,1,0,0,0,0,0,0,0,0,0,0
2002,40737,1,1,0,21,6,14,0,16,0,0,0,26
2002,40738,0,1,0,0,0,0,0,0,0,0,0,0
2002,40738,1,1,0,0,0,0,0,0,0,0,0,0
2002,40739,1,1,27,14,21,35,24,27,0,5,17,8
2002,40740,0,1,0,0,7,0,0,0,0,0,0,0
2002,40740,1,1,0,0,0,0,0,0,0,0,0,0
2002,40741,1,1,0,0,0,0,0,0,0,0,0,0
2002,40742,1,1,0,0,0,0,0,0,0,0,0,0
2002,40742,2,1,0,0,0,0,0,0,0,0,0,0
2002,40743,1,1,0,0,0,0,0,0,0,0,0,0
2002,40743,2,1,0,0,6,0,0,0,0,3,4,7
2002,40744,1,1,0,0,0,0,0,0,0,0,0,0
2002,40744,2,1,0,0,0,0,0,0,0,0,0,0
2002,40745,1,1,0,23,0,0,0,0,0,0,0,19
2002,40746,0,1,34,27,21,18,34,0,0,0,8,10
2002,40746,0,2,19,35,30,0,23,23,21,35,15,47
2002,40746,1,1,0,0,0,0,0,0,0,0,5,0
2002,40747,1,1,5,22,24,13,15,8,0,0,17,11
2002,40747,2,1,0,0,0,0,0,0,0,0,0,0