YEAR,ST_CASE,veh_no,per_no,P1,P2,P3,P4,P5,P6,P7,P8,P9,P10
2002,120631,1,1,0,0,0,0,0,0,0,0,0,0
2002,120632,1,1,20,20,20,20,20,20,20,20,20,20
2002,120633,1,1,6,6,6,6,6,6,6,6,6,6
2002,120633,2,1,0,0,0,0,0,5,0,0,0,0
2002,120634,1,1,0,0,0,0,0,0,0,0,0,0
2002,120635,0,1,0,0,0,0,0,0,0,0,0,0
2002,120635,1,1,0,0,0,0,0,0,0,0,9,0
2002,120636,1,1,16,16,16,16,16,16,16,16,16,16
2002,120636,2,1,0,0,0,0,0,0,0,0,0,0
2002,120637,0,1,0,0,0,0,0,0,0,0,0,0
2002,120637,1,1,0,0,0,0,0,0,0,0,0,0
2002,120638,1,1,0,0,0,0,0,0,0,0,0,0
2002,120639,1,1,13,13,13,13,13,13,13,13,13,13
2002,120639,2,1,0,0,0,0,0,0,0,0,0,0
2002,120640,0,1,0,0,0,0,0,0,0,0,0,0
2002,120640,1,1,0,0,0,0,0,0,0,0,0,0
2002,120641,1,1,0,0,0,0,0,0,0,0,0,0
2002,120641,2,1,0,0,0,0,0,0,0,0,0,0
2002,120641,3,1,0,0,0,0,0,0,0,0,0,0
2002,120642,0,1,0,0,0,9,0,30,0,11,0,0
2002,120642,1,1,2,2,2,2,2,2,2,2,2,2
2002,120643,1,1,32,32,32,32,32,32,32,32,32,32
2002,120644,1,1,0,0,0,0,0,0,0,0,0,0
2002,120644,2,1,0,0,0,0,0,0,0,0,0,0
2002,120645,1,1,3,3,3,3,3,3,3,3,3,3
2002,120645,2,1,0,0,0,0,0,0,0,0,0,0
2002,120646,1,1,0,0,0,0,0,0,0,0,0,0
2002,120647,1,1,0,0,0,0,0,0,0,0,0,0
2002,120647,2,1,0,0,0,0,0,0,0,0,0,0
2002,120648,1,1,0,0,0,0,0,0,0,0,0,0
2002,120648,2,1,0,0,0,0,0,0,0,0,0,0
2002,120648,3,1,0,0,0,0,0,0,0,5,0,0
2002,120648,4,1,0,0,0,0,0,0,0,0,0,0
2002,120648,5,1,0,0,0,0,6,0,0,0,0,0
2002,120648,6,1,22,0,0,0,0,0,0,0,0,0
2002,120649,0,1,7,7,7,7,7,7,7,7,7,7
2002,120649,1,1,0,12,0,0,0,0,0,0,0,0
2002,120650,1,1,0,0,0,0,0,0,0,0,0,0
2002,120650,2,1,0,0,0,0,0,0,0,0,0,0
2002,120650,3,1,0,0,0,0,0,0,0,0,0,0
2002,120651,1,1,0,0,17,0,0,0,32,0,0,0
2002,120651,2,1,0,0,0,0,24,0,0,0,0,0
2002,120651,3,1,9,9,9,9,9,9,9,9,9,9
2002,120652,0,1,11,33,29,0,32,22,0,9,32,0
2002,120652,1,1,0,0,0,0,0,0,0,0,0,0
2002,120653,1,1,0,0,0,0,0,0,0,0,0,0
2002,120653,2,1,0,0,0,0,0,0,0,0,0,0
2002,120654,0,1,0,0,0,0,0,0,0,0,0,0
2002,120654,1,1,0,0,0,0,0,13,0,0,0,9
2002,120655,1,1,14,14,14,14,14,14,14,14,14,14
2002,120656,1,1,0,15,0,0,0,0,0,0,0,0
2002,120656,2,1,0,0,0,0,0,0,0,0,0,0
2002,120657,1,1,16,16,16,16,16,16,16,16,16,16
2002,120657,2,1,0,0,0,0,0,0,0,0,0,0
2002,120658,1,1,0,0,0,0,0,0,0,11,0,0
2002,120658,2,1,20,0,0,0,0,0,0,0,0,0
2002,120659,1,1,0,0,0,0,0,0,11,0,0,0
2002,120659,2,1,0,0,0,0,0,0,0,0,0,0
2002,120660,1,1,14,14,14,14,14,14,14,14,14,14
2002,120660,2,1,0,0,0,0,0,0,0,0,0,0
2002,120661,1,1,19,19,19,19,19,19,19,19,19,19
2002,120662,1,1,4,4,4,4,4,4,4,4,4,4
2002,120662,2,1,0,0,0,0,32,0,0,0,0,15
2002,120662,3,1,22,22,22,22,22,22,22,22,22,22
2002,120663,1,1,0,0,0,0,0,0,0,0,0,0
2002,120663,2,1,8,0,11,0,0,0,0,0,0,0
2002,120664,1,1,18,18,18,18,18,18,18,18,18,18
2002,120664,2,1,6,0,0,0,0,0,13,0,0,2
2002,120665,1,1,0,0,0,0,0,0,0,0,0,0
2002,120665,2,1,0,0,0,0,0,0,0,0,0,0
2002,120666,1,1,22,22,22,22,22,22,22,22,22,22
2002,120666,2,1,0,0,0,0,0,0,0,0,0,0
2002,120667,1,1,18,18,18,18,18,18,18,18,18,18
2002,120667,2,1,0,0,0,0,0,0,26,0,0,0
2002,120667,3,1,0,0,0,0,0,0,0,0,0,0
2002,120667,4,1,0,0,0,0,3,0,0,0,0,0
2002,120668,1,1,2,2,2,2,2,2,2,2,2,2
2002,120669,1,1,13,13,13,13,13,13,13,13,13,13
2002,120670,1,1,17,17,17,17,17,17,17,17,17,17
2002,120670,2,1,0,0,0,0,0,0,0,0,0,0
2002,120671,1,1,24,24,24,24,24,24,24,24,24,24
2002,120671,2,1,0,0,0,0,0,0,0,0,0,0
2002,120671,3,1,0,0,0,0,0,0,0,0,0,0
2002,120672,0,1,0,0,0,24,17,0,0,0,0,0
2002,120672,1,1,3,3,3,3,3,3,3,3,3,3
2002,120673,1,1,13,13,13,13,13,13,13,13,13,13
2002,120673,2,1,0,0,0,0,0,0,0,0,0,0
2002,120674,1,1,0,0,0,0,0,0,0,0,0,0
2002,120674,2,1,0,0,0,0,0,0,0,0,0,0
2002,120675,0,1,0,0,0,0,0,0,0,0,0,0
2002,120675,1,1,0,0,0,0,0,0,0,0,0,0
2002,120676,0,1,0,0,0,0,0,0,0,0,0,0
2002,120676,1,1,0,0,0,0,0,10,0,0,0,0
2002,120677,1,1,20,20,20,20,20,20,20,20,20,20
2002,120678,1,1,0,0,0,0,0,0,0,0,0,0
2002,120678,2,1,0,0,0,0,0,0,0,0,0,0
2002,120678,3,1,0,0,0,0,0,0,0,0,0,0
2002,120679,0,1,0,0,0,0,15,0,15,0,4,0
2002,120679,1,1,0,0,0,0,0,0,0,0,0,0
2002,120680,0,1,0,0,0,0,0,0,0,0,0,0
2002,120680,1,1,0,0,0,0,0,0,0,0,0,0
2002,120681,1,1,20,0,0,0,10,0,0,0,0,0
2002,120681,2,1,0,0,0,0,0,0,0,0,0,0
2002,120682,1,1,0,0,0,0,0,0,0,0,0,0
2002,120683,1,1,0,0,0,0,0,0,0,0,0,0
2002,120683,2,1,0,0,0,0,0,0,0,0,0,0
2002,120684,1,1,16,16,16,16,16,16,16,16,16,16
2002,120685,1,1,8,8,8,8,8,8,8,8,8,8
2002,120686,1,1,0,0,0,0,0,0,0,0,0,0
2002,120686,2,1,0,0,0,0,0,0,0,0,0,0
2002,120687,1,1,0,0,0,0,0,0,0,0,0,0
2002,120688,1,1,0,0,0,0,0,0,0,0,0,0
2002,120689,1,1,0,0,0,0,0,0,0,0,0,0
2002,120689,2,1,12,0,0,0,0,0,0,0,0,0
2002,120690,1,1,19,19,19,19,19,19,19,19,19,19
2002,120690,2,1,0,0,0,0,0,0,0,0,0,0
2002,120691,1,1,0,0,0,0,0,0,0,0,0,0
2002,120692,1,1,0,0,0,0,0,0,0,0,0,0
2002,120693,0,1,0,0,0,0,0,0,0,0,0,0
2002,120693,1,1,0,0,0,0,0,0,0,0,0,0
2002,120694,1,1,0,0,0,0,0,0,0,0,0,0
2002,120694,2,1,0,0,0,0,0,0,0,0,0,0
2002,120695,1,1,0,0,0,0,0,0,0,0,0,0
2002,120695,2,1,0,0,0,0,0,0,0,0,0,0
2002,120695,3,1,0,0,0,0,0,0,0,0,0,0
2002,120695,4,1,0,0,0,0,0,0,0,0,0,0
2002,120695,5,1,0,0,0,0,0,0,0,0,0,0
2002,120695,6,1,0,0,0,0,0,0,0,0,0,0
2002,120696,1,1,20,20,20,20,20,20,20,20,20,20
2002,120696,2,1,0,0,0,0,0,0,0,5,0,0
2002,120697,1,1,0,0,0,0,0,0,0,7,0,0
2002,120698,1,1,0,0,0,0,0,0,0,0,0,0
2002,120698,2,1,0,0,0,0,0,0,0,0,0,0
2002,120699,1,1,3,3,3,3,3,3,3,3,3,3
2002,120699,2,1,0,0,0,0,0,0,0,0,0,0
2002,120700,1,1,0,0,0,0,0,0,0,0,0,0
2002,120701,1,1,0,0,0,0,0,0,0,0,0,0
2002,120702,0,1,0,0,0,0,0,0,0,0,0,0
2002,120702,1,1,0,0,0,0,0,0,0,0,0,0
2002,120703,1,1,0,0,0,0,0,0,0,0,0,0
2002,120703,2,1,0,0,0,0,0,0,0,0,0,0
2002,120703,3,1,0,0,0,0,0,0,0,0,0,0
2002,120704,1,1,20,20,20,20,20,20,20,20,20,20
2002,120705,1,1,0,0,0,0,0,0,0,0,0,0
2002,120705,2,1,0,0,0,0,0,0,0,0,0,0
2002,120705,3,1,0,5,0,0,0,0,0,0,0,0
2002,120706,1,1,0,0,0,0,0,0,0,0,0,0
2002,120707,0,1,19,19,19,19,19,19,19,19,19,19
2002,120707,1,1,0,0,0,0,0,0,0,0,0,0
2002,120708,1,1,36,36,36,36,36,36,36,36,36,36
2002,120709,1,1,0,0,0,0,0,0,0,0,0,0
2002,120710,0,1,21,21,21,21,21,21,21,21,21,21
2002,120710,1,1,9,9,9,9,9,9,9,9,9,9
2002,120711,1,1,0,0,0,0,0,0,0,0,0,0
2002,120711,2,1,0,0,0,0,0,0,0,0,0,0
2002,120711,3,1,0,0,0,0,0,0,0,23,0,0
2002,120712,1,1,20,20,20,20,20,20,20,20,20,20
2002,120713,1,1,0,0,0,0,0,0,0,0,0,0
2002,120714,1,1,29,29,29,29,29,29,29,29,29,29
2002,120714,2,1,0,0,0,0,0,14,0,0,14,0
2002,120715,1,1,0,0,0,0,0,0,0,0,0,0
2002,120715,2,1,14,14,14,14,14,14,14,14,14,14
2002,120716,1,1,0,0,0,0,0,0,0,0,0,0
2002,120716,2,1,0,0,0,0,0,0,0,0,0,0
2002,120717,1,1,10,10,10,10,10,10,10,10,10,10
2002,120718,1,1,19,19,19,19,19,19,19,19,19,19
2002,120719,1,1,0,0,0,13,0,0,0,0,0,0
2002,120719,2,1,15,18,16,10,11,27,27,7,10,24
2002,120720,1,1,17,17,17,17,17,17,17,17,17,17
2002,120720,2,1,0,0,0,0,0,24,0,0,0,0
2002,120721,1,1,13,13,13,13,13,13,13,13,13,13
2002,120722,1,1,10,0,0,0,0,0,0,0,0,0
2002,120722,2,1,0,0,0,0,0,0,0,0,0,0
2002,120723,1,1,30,30,30,30,30,30,30,30,30,30
2002,120723,2,1,0,0,0,0,0,0,0,0,0,0
2002,120724,1,1,11,0,19,0,8,0,16,0,0,20
2002,120725,1,1,0,0,0,0,0,0,0,0,0,0
2002,120725,2,1,0,0,0,0,0,0,0,0,0,0
2002,120726,1,1,0,0,0,0,0,0,0,0,0,0
2002,120726,2,1,0,0,0,0,0,0,0,0,0,0
2002,120727,1,1,0,0,0,0,0,0,0,0,0,0
2002,120727,2,1,0,0,0,0,0,0,0,0,0,0
2002,120727,3,1,0,0,0,0,0,0,0,0,0,0
2002,120728,1,1,20,20,20,20,20,20,20,20,20,20
2002,120729,1,1,0,0,0,0,0,0,0,0,0,0
2002,120729,2,1,0,0,0,0,0,0,0,0,0,8
2002,120730,1,1,0,0,0,0,0,0,0,0,0,0
2002,120730,2,1,0,0,0,0,0,0,0,0,0,0
2002,120731,0,1,0,0,0,0,0,0,0,0,0,0
2002,120731,1,1,9,9,9,9,9,9,9,9,9,9
2002,120732,0,1,0,0,0,0,0,0,0,0,0,0
2002,120732,1,1,0,0,0,0,0,0,0,0,0,0
2002,120733,1,1,0,0,0,20,0,0,0,0,0,0
2002,120733,2,1,0,0,0,0,0,0,0,0,0,0
2002,120734,1,1,0,12,0,0,0,0,0,0,0,0
2002,120734,2,1,0,0,0,0,0,0,0,0,0,0
2002,120735,1,1,14,0,0,0,0,0,0,0,0,0
2002,120736,1,1,0,0,0,0,0,0,0,0,0,0
2002,120736,2,1,0,0,0,0,0,0,0,0,0,0
2002,120736,3,1,0,0,0,0,0,0,0,0,0,0
2002,120737,0,1,0,0,0,0,0,0,0,0,0,0
2002,120737,1,1,0,0,0,0,0,0,0,0,0,0
2002,120738,1,1,0,0,0,0,0,0,0,0,0,0
2002,120738,2,1,0,0,0,0,0,0,0,0,0,0
2002,120739,1,1,0,0,0,0,0,0,0,0,0,0
2002,120739,2,1,0,0,0,0,0,0,0,0,0,0
2002,120739,3,1,0,0,0,0,0,0,0,0,0,0
2002,120740,1,1,15,15,15,15,15,15,15,15,15,15
2002,120741,1,1,14,21,16,0,15,28,26,17,0,14
2002,120742,0,1,0,0,0,0,0,0,0,15,0,0
2002,120742,1,1,0,0,0,0,0,0,0,0,0,0
2002,120743,1,1,30,30,30,30,30,30,30,30,30,30
2002,120744,1,1,30,30,30,30,30,30,30,30,30,30
2002,120744,2,1,0,0,0,0,0,0,0,0,0,0
2002,120744,3,1,0,0,0,0,0,0,0,0,0,0
2002,120745,0,1,30,0,0,0,20,0,0,0,0,20
2002,120745,1,1,0,0,0,0,0,0,0,0,0,0
2002,120746,0,1,0,0,0,0,0,0,0,0,0,0
2002,120746,1,1,0,0,0,0,0,0,0,0,0,0
2002,120747,1,1,0,0,0,0,0,0,0,0,0,0
2002,120748,1,1,0,0,0,0,0,0,0,0,0,0
2002,120749,1,1,12,12,12,12,12,12,12,12,12,12
2002,120750,0,1,27,27,27,27,27,27,27,27,27,27
2002,120750,1,1,0,0,0,0,0,0,0,0,0,0
2002,120751,1,1,0,0,0,0,0,0,0,0,0,0
2002,120751,2,1,0,0,0,0,0,0,0,0,0,0
2002,120752,1,1,0,0,0,0,0,0,0,0,0,0
2002,120752,2,1,0,0,0,0,0,0,0,0,0,0
2002,120753,1,1,0,0,0,0,0,0,0,0,0,0
2002,120754,1,1,0,0,0,0,0,0,0,0,0,0
2002,120754,2,1,0,0,0,0,0,0,0,0,0,0
2002,120755,0,1,0,12,12,9,8,0,0,22,0,0
2002,120755,1,1,0,0,0,0,0,0,0,0,0,0
2002,120756,1,1,21,18,39,18,15,0,23,25,15,0
2002,120757,1,1,14,14,14,14,14,14,14,14,14,14
2002,120757,2,1,0,0,0,0,0,0,0,0,19,0
2002,120758,1,1,0,0,0,24,0,0,8,11,0,0
2002,120758,2,1,0,6,12,12,0,35,0,14,0,11
2002,120759,1,1,0,0,0,0,0,0,0,0,0,0
2002,120759,2,1,0,0,0,0,0,0,0,0,0,0
2002,120760,1,1,26,26,26,26,26,26,26,26,26,26
2002,120761,1,1,0,0,0,0,0,0,0,0,0,0
2002,120761,2,1,0,0,0,0,0,0,0,0,0,0
2002,120762,1,1,0,0,0,0,0,0,0,0,0,0
2002,120763,1,1,10,10,10,10,10,10,10,10,10,10
2002,120764,0,1,0,0,0,0,0,0,0,0,0,0
2002,120764,1,1,0,11,0,16,0,0,0,2,0,0
2002,120765,1,1,20,20,20,20,20,20,20,20,20,20
2002,120766,0,1,0,0,0,0,0,0,0,0,0,13
2002,120766,0,2,0,0,0,0,0,0,0,0,22,0
2002,120766,1,1,0,0,0,0,0,0,0,0,0,0
2002,120767,1,1,0,0,0,0,0,0,0,0,0,0
2002,120767,2,1,0,0,0,0,0,0,0,0,0,0
2002,120768,0,1,0,0,0,0,0,0,0,0,0,0
2002,120768,1,1,0,0,0,0,0,0,0,0,0,0
2002,120769,1,1,0,0,0,0,0,0,0,0,0,0
2002,120769,2,1,8,8,8,8,8,8,8,8,8,8
2002,120770,1,1,0,0,0,0,0,6,0,0,0,0
2002,120770,2,1,0,0,0,0,0,15,0,0,0,0
2002,120771,0,1,47,47,47,47,47,47,47,47,47,47
2002,120771,1,1,21,0,0,0,0,10,0,16,0,0
2002,120771,2,1,0,0,0,0,0,0,25,0,0,0
2002,120772,0,1,30,30,30,30,30,30,30,30,30,30
2002,120772,1,1,10,0,0,0,0,0,0,0,0,0
2002,120773,1,1,0,0,0,0,0,0,0,0,0,0
2002,120773,2,1,0,0,0,0,0,0,0,0,0,0
2002,120774,0,1,0,0,0,0,0,0,0,0,0,0
2002,120774,1,1,20,0,0,0,0,0,0,0,0,0
2002,120775,1,1,0,0,0,10,0,0,0,11,0,0
2002,120775,2,1,4,4,4,4,4,4,4,4,4,4
2002,120776,0,1,0,0,0,0,0,0,0,0,0,0
2002,120776,1,1,0,0,0,0,0,0,0,0,0,0
2002,120777,1,1,0,0,0,0,0,0,0,0,0,0
2002,120777,2,1,0,0,0,0,0,0,0,0,0,0
2002,120778,0,1,0,0,0,0,0,0,0,0,0,0
2002,120778,1,1,0,0,0,0,0,0,0,0,0,0
2002,120779,1,1,0,0,0,0,0,0,0,0,0,0
2002,120779,2,1,0,0,0,0,0,0,0,0,0,0
2002,120780,1,1,0,0,0,0,0,0,0,0,0,0
2002,120780,2,1,5,0,0,0,21,0,0,0,0,6
2002,120780,3,1,0,0,0,0,0,0,0,0,0,0
2002,120781,1,1,0,0,0,0,0,0,0,0,0,0
2002,120781,2,1,0,0,0,0,0,0,0,0,0,0
2002,120781,3,1,0,0,0,0,0,0,0,0,0,0
2002,120782,1,1,0,0,0,0,0,0,0,0,0,0
2002,120783,1,1,0,0,0,0,0,0,0,0,0,0
2002,120783,2,1,0,0,0,0,0,0,0,0,0,0
2002,120784,1,1,14,14,14,14,14,14,14,14,14,14
2002,120785,1,1,0,0,0,0,0,0,9,0,0,0
2002,120786,1,1,19,19,19,19,19,19,19,19,19,19
2002,120787,1,1,17,17,17,17,17,17,17,17,17,17
2002,120788,1,1,0,0,0,0,0,0,0,0,0,0
2002,120789,1,1,0,0,0,0,0,0,0,0,0,0
2002,120789,2,1,0,0,0,0,0,0,0,0,0,0
2002,120790,0,1,29,11,29,19,24,0,21,0,0,0
2002,120790,1,1,0,0,0,0,0,0,0,0,0,0
2002,120791,1,1,0,0,0,0,0,0,10,0,0,0
2002,120792,1,1,0,0,0,14,0,0,0,0,0,0
2002,120792,2,1,0,0,0,0,0,0,0,0,0,0
2002,120793,1,1,0,0,0,0,0,0,0,0,0,0
2002,120793,2,1,0,0,0,0,0,0,0,0,0,0
2002,120793,3,1,0,0,0,0,0,0,0,0,0,0
2002,120793,4,1,0,0,0,0,0,0,0,0,0,0
2002,120793,5,1,0,0,0,0,0,0,0,0,0,0
2002,120794,0,1,0,0,0,0,0,0,0,0,0,0
2002,120794,1,1,0,0,0,0,0,0,0,0,0,0
2002,120795,1,1,0,0,0,0,0,0,0,0,0,0
2002,120796,0,1,0,0,0,0,0,0,0,0,0,0
2002,120796,1,1,0,0,0,0,0,0,0,0,0,0
2002,120797,1,1,0,0,0,0,0,0,0,0,0,0
2002,120797,2,1,0,0,0,0,0,0,0,0,0,0
2002,120798,1,1,0,0,0,0,0,11,0,0,0,0
2002,120799,1,1,0,0,0,0,0,0,0,0,0,0
2002,120799,2,1,0,0,0,0,0,0,0,0,0,0
2002,120800,1,1,0,0,0,0,0,0,0,0,0,0
2002,120801,1,1,0,0,0,0,0,0,0,16,0,0
2002,120801,2,1,0,0,0,0,0,0,0,0,0,0
2002,120802,1,1,0,0,0,0,0,11,0,15,0,27
2002,120802,2,1,0,0,0,0,0,0,0,0,0,0
2002,120803,1,1,17,17,17,17,17,17,17,17,17,17
2002,120804,0,1,0,0,0,0,0,0,0,0,0,0
2002,120804,1,1,0,0,0,0,0,0,0,0,0,0
2002,120805,1,1,0,0,0,0,0,0,0,0,0,0
2002,120805,2,1,0,0,0,0,0,0,0,0,0,0
2002,120806,0,1,16,16,16,16,16,16,16,16,16,16
2002,120806,1,1,1,1,1,1,1,1,1,1,1,1
2002,120807,1,1,17,17,17,17,17,17,17,17,17,17
2002,120807,2,1,0,0,0,0,0,0,0,0,0,0
2002,120808,1,1,12,12,12,12,12,12,12,12,12,12
2002,120808,2,1,11,11,11,11,11,11,11,11,11,11
2002,120809,1,1,12,12,12,12,12,12,12,12,12,12
2002,120809,2,1,0,0,0,0,0,0,0,0,0,0
2002,120810,1,1,17,17,17,17,17,17,17,17,17,17
2002,120810,2,1,0,0,0,0,0,0,0,0,0,0
2002,120811,0,1,0,0,0,0,0,0,0,0,0,0
2002,120811,1,1,0,0,0,0,0,0,0,0,0,0
2002,120812,1,1,0,0,0,0,0,0,0,0,0,0
2002,120812,2,1,0,16,0,0,0,0,16,13,0,34
2002,120813,1,1,0,0,0,0,0,0,0,0,0,0
2002,120813,2,1,0,0,0,0,0,0,0,0,0,0
2002,120813,3,1,0,0,0,0,0,0,0,0,0,0
2002,120813,4,1,0,0,0,0,0,0,0,0,0,0
2002,120814,1,1,31,31,31,31,31,31,31,31,31,31
2002,120814,2,1,0,0,0,0,0,0,0,0,0,0
2002,120815,1,1,0,0,0,0,0,0,0,0,0,0
2002,120816,1,1,0,0,0,0,0,0,0,0,0,0
2002,120817,0,1,25,25,25,25,25,25,25,25,25,25
2002,120817,1,1,10,0,0,0,0,0,18,17,26,0
2002,120818,1,1,31,31,31,31,31,31,31,31,31,31
2002,120819,0,1,35,35,35,35,35,35,35,35,35,35
2002,120819,1,1,0,0,0,0,0,0,0,0,0,0
2002,120820,1,1,23,23,23,23,23,23,23,23,23,23
2002,120821,1,1,1,1,1,1,1,1,1,1,1,1
2002,120821,2,1,0,0,0,0,0,0,0,0,0,8
2002,120822,1,1,0,0,0,0,0,0,0,0,0,0
2002,120822,2,1,0,0,0,10,0,0,0,0,0,0
2002,120822,3,1,0,0,0,0,0,0,0,0,0,0
2002,120823,1,1,17,17,17,17,17,17,17,17,17,17
2002,120823,2,1,0,0,0,0,0,0,0,0,0,0
2002,120824,1,1,21,21,21,21,21,21,21,21,21,21
2002,120825,1,1,32,32,32,32,32,32,32,32,32,32
2002,120826,1,1,0,0,0,0,0,0,0,0,0,0
2002,120826,2,1,0,0,0,0,0,0,0,0,0,0
2002,120826,3,1,0,0,0,0,0,0,0,0,0,0
2002,120826,4,1,0,0,0,0,0,0,0,0,0,0
2002,120827,1,1,0,0,0,0,0,0,0,0,0,0
2002,120827,2,1,0,0,0,0,0,0,18,0,0,0
2002,120828,1,1,0,14,0,0,0,17,0,0,0,16
2002,120828,2,1,0,0,0,0,0,0,0,0,0,0
2002,120829,1,1,0,0,0,0,0,0,0,0,0,0
2002,120830,0,1,33,33,33,33,33,33,33,33,33,33
2002,120830,1,1,0,0,0,0,0,0,0,0,0,0
2002,120831,1,1,0,0,0,0,0,0,0,0,0,0
2002,120831,2,1,0,0,0,0,0,0,0,0,0,0
2002,120832,1,1,0,0,0,0,0,0,0,0,0,0
2002,120832,2,1,0,0,0,0,0,0,0,0,0,0
2002,120833,1,1,0,0,0,0,0,0,0,0,0,0
2002,120833,2,1,0,0,0,0,0,0,0,0,0,0
2002,120833,3,1,0,0,0,0,0,0,0,0,0,0
2002,120834,0,1,0,0,0,0,0,0,35,23,0,0
2002,120834,1,1,0,0,0,0,0,0,0,0,0,0
2002,120835,1,1,0,0,0,0,0,0,0,0,0,0
2002,120835,2,1,0,0,0,0,0,0,0,0,0,0
2002,120836,1,1,13,13,13,13,13,13,13,13,13,13
2002,120837,0,1,0,0,0,0,0,0,0,0,0,0
2002,120837,1,1,0,0,0,0,0,0,0,0,4,0
2002,120838,1,1,0,0,0,0,0,0,0,0,0,0
2002,120838,2,1,0,0,0,0,0,0,0,0,0,0
2002,120839,0,1,0,0,0,0,0,0,0,0,0,0
2002,120839,0,2,0,29,0,0,17,0,15,0,0,0
2002,120839,1,1,0,0,0,0,0,0,0,0,0,0
2002,120839,2,1,0,0,0,11,0,0,0,0,0,0
2002,120840,1,1,0,0,0,0,0,0,0,0,0,0
2002,120840,2,1,0,0,0,0,0,0,0,0,0,0
2002,120840,3,1,0,0,0,0,0,0,0,0,0,0
2002,120841,1,1,16,16,16,16,16,16,16,16,16,16
2002,120841,2,1,0,0,0,0,0,0,0,0,0,0
2002,120842,1,1,0,0,21,0,0,15,0,0,19,0
2002,120843,1,1,19,19,19,19,19,19,19,19,19,19
2002,120843,2,1,0,0,0,0,0,0,0,0,0,0
2002,120844,1,1,0,0,0,0,0,0,0,0,0,0
2002,120845,1,1,0,0,0,0,0,0,0,0,0,0
2002,120846,1,1,8,0,0,0,0,0,0,12,0,0
2002,120846,2,1,0,0,0,0,0,0,0,0,0,0
2002,120847,1,1,0,0,0,28,0,0,0,0,0,0
2002,120847,2,1,0,0,0,0,0,0,0,0,0,0
2002,120848,0,1,27,27,27,27,27,27,27,27,27,27
2002,120848,1,1,0,0,0,0,0,0,0,0,0,0
2002,120849,1,1,7,27,13,29,21,25,31,11,29,10
2002,120850,1,1,18,18,18,18,18,18,18,18,18,18
2002,120850,2,1,0,0,0,0,0,15,0,0,0,0
2002,120851,1,1,0,0,0,0,0,0,0,0,0,0
2002,120852,1,1,0,0,0,0,0,0,0,0,0,0
2002,120852,2,1,0,0,0,20,5,0,0,0,0,0
2002,120853,1,1,0,0,0,0,0,0,0,0,0,0
2002,120854,1,1,0,0,0,0,0,0,0,0,0,0
2002,120855,1,1,28,28,28,28,28,28,28,28,28,28
2002,120855,2,1,0,0,0,0,0,0,0,0,0,0
2002,120856,1,1,0,0,0,0,0,0,0,0,0,0
2002,120856,2,1,0,0,0,25,0,0,0,0,0,0
2002,120857,1,1,26,26,26,26,26,26,26,26,26,26
2002,120858,1,1,0,0,0,0,0,0,0,0,0,0
2002,120858,2,1,0,0,0,9,0,0,0,0,0,0
2002,120859,1,1,0,0,0,0,0,0,0,0,0,0
2002,120859,2,1,0,0,0,0,0,0,0,0,0,0
2002,120860,1,1,0,0,0,0,0,0,0,0,0,0
2002,120860,2,1,0,0,0,0,0,0,0,0,0,0
2002,120861,1,1,8,8,8,8,8,8,8,8,8,8
2002,120862,0,1,0,0,0,10,16,10,40,24,19,22
2002,120862,1,1,0,0,0,0,0,0,0,0,0,0
2002,120863,0,1,14,14,14,14,14,14,14,14,14,14
2002,120863,1,1,0,0,0,0,0,0,0,0,0,0
2002,120864,1,1,0,0,0,0,0,0,0,0,0,0
2002,120864,2,1,0,0,0,0,0,0,0,0,0,0
2002,120865,0,1,24,24,24,24,24,24,24,24,24,24
2002,120865,1,1,0,0,0,0,0,0,0,0,0,0
2002,120866,1,1,26,26,26,26,26,26,26,26,26,26
2002,120867,1,1,19,19,19,19,19,19,19,19,19,19
2002,120867,2,1,9,11,18,0,0,0,0,8,0,0
2002,120868,1,1,0,0,0,0,0,0,0,0,0,0
2002,120868,2,1,0,0,0,0,0,0,0,18,0,0
2002,120869,1,1,0,0,0,0,0,0,0,0,0,0
2002,120870,1,1,23,23,23,23,23,23,23,23,23,23
2002,120871,1,1,0,0,0,0,0,0,0,0,0,0
2002,120872,1,1,0,0,0,0,0,0,0,0,0,0
2002,120873,1,1,0,0,0,0,0,0,0,0,0,0
2002,120873,2,1,0,0,0,0,0,0,0,0,0,0
2002,120874,1,1,0,0,0,0,0,0,0,0,0,0
2002,120875,1,1,0,0,0,0,0,0,0,0,0,0
2002,120876,1,1,23,23,23,23,23,23,23,23,23,23
2002,120877,1,1,0,0,0,0,0,0,0,0,0,0
2002,120877,2,1,0,0,0,0,0,0,13,0,0,0
2002,120878,1,1,0,0,0,0,0,0,0,0,0,0
2002,120878,2,1,0,0,0,0,0,0,0,0,0,0
2002,120879,1,1,0,0,0,0,0,0,0,0,0,0
2002,120879,2,1,0,0,0,0,0,0,0,0,0,0
2002,120880,1,1,0,0,0,4,0,0,0,37,0,0
2002,120880,2,1,0,0,12,0,0,0,0,0,0,0
2002,120880,3,1,0,0,0,0,0,0,0,0,0,0
2002,120881,0,1,30,30,30,30,30,30,30,30,30,30
2002,120881,1,1,20,17,29,0,18,0,0,0,14,21
2002,120882,1,1,0,0,0,0,0,0,0,0,0,0
2002,120883,1,1,0,22,22,17,23,38,23,0,0,34