YEAR,ST_CASE,veh_no,per_no,P1,P2,P3,P4,P5,P6,P7,P8,P9,P10
2002,121143,1,1,0,0,17,0,0,0,0,0,15,0
2002,121144,0,1,0,33,0,0,29,0,28,0,16,0
2002,121144,1,1,0,0,0,0,0,0,0,0,0,0
2002,121145,1,1,0,0,0,0,0,0,0,0,0,0
2002,121145,2,1,0,0,0,0,0,0,0,0,0,0
2002,121146,1,1,0,0,0,0,0,0,17,4,23,0
2002,121146,2,1,25,25,25,25,25,25,25,25,25,25
2002,121147,1,1,0,8,0,0,0,0,0,0,0,0
2002,121147,2,1,0,0,0,0,0,0,0,0,0,0
2002,121148,1,1,25,25,25,25,25,25,25,25,25,25
2002,121149,1,1,0,0,0,0,0,0,0,0,0,0
2002,121150,1,1,0,0,0,0,0,0,0,0,0,0
2002,121151,1,1,0,0,0,0,0,0,0,0,0,0
2002,121151,2,1,0,0,0,0,0,0,0,0,0,0
2002,121152,1,1,26,26,26,26,26,26,26,26,26,26
2002,121153,0,1,0,0,0,0,0,0,0,0,0,0
2002,121153,1,1,0,0,0,0,0,0,0,0,0,0
2002,121154,1,1,0,0,0,0,0,20,0,0,0,0
2002,121154,2,1,0,0,0,0,0,0,0,0,19,0
2002,121155,0,1,19,19,19,19,19,19,19,19,19,19
2002,121155,1,1,0,0,0,0,0,0,0,0,0,0
2002,121156,0,1,0,0,0,0,0,0,0,0,0,0
2002,121156,1,1,2,2,2,2,2,2,2,2,2,2
2002,121157,1,1,0,0,0,0,0,0,0,0,0,0
2002,121158,1,1,0,0,0,0,0,0,0,0,0,0
2002,121158,2,1,0,0,0,0,0,0,0,0,0,0
2002,121159,1,1,0,0,0,0,0,0,0,0,0,0
2002,121159,2,1,0,0,0,0,0,0,0,0,0,0
2002,121160,1,1,0,0,0,0,0,0,0,0,0,0
2002,121160,2,1,0,0,15,0,0,0,0,0,2,0
2002,121161,0,1,11,11,11,11,11,11,11,11,11,11
2002,121161,0,2,12,12,12,12,12,12,12,12,12,12
2002,121161,1,1,0,0,0,0,0,0,0,0,0,0
2002,121162,0,1,30,30,30,30,30,30,30,30,30,30
2002,121162,1,1,0,0,11,0,0,0,0,0,0,0
2002,121163,0,1,8,0,0,0,0,0,0,0,0,8
2002,121163,1,1,0,0,0,0,0,0,0,0,0,0
2002,121164,0,1,0,0,0,0,0,0,0,0,0,0
2002,121164,1,1,0,0,0,0,0,0,0,0,0,0
2002,121165,1,1,0,0,0,0,0,0,0,0,0,0
2002,121165,2,1,0,0,0,0,0,0,0,0,0,0
2002,121166,1,1,0,0,0,0,0,0,0,0,0,0
2002,121166,2,1,0,0,0,0,0,0,0,0,0,0
2002,121167,1,1,0,0,0,0,0,0,0,0,0,0
2002,121167,2,1,0,0,0,0,0,0,0,0,0,0
2002,121168,1,1,0,0,4,0,0,0,0,0,0,0
2002,121168,2,1,0,0,0,0,0,0,0,0,0,0
2002,121169,1,1,6,6,6,6,6,6,6,6,6,6
2002,121170,1,1,0,0,0,0,0,0,0,0,0,0
2002,121171,1,1,0,0,0,0,0,0,0,0,0,0
2002,121172,1,1,0,0,21,0,0,0,0,0,0,0
2002,121172,2,1,0,0,0,0,0,0,0,0,0,0
2002,121173,1,1,0,0,0,0,0,0,0,0,0,0
2002,121174,1,1,0,0,0,0,0,0,0,0,0,0
2002,121175,1,1,0,16,0,0,19,18,0,0,10,0
2002,121176,1,1,0,0,0,0,0,0,0,0,0,0
2002,121176,2,1,0,0,0,0,0,0,0,0,0,0
2002,121177,1,1,0,0,0,0,0,0,0,0,0,0
2002,121178,1,1,0,0,0,0,0,0,0,0,0,0
2002,121178,2,1,21,21,21,21,21,21,21,21,21,21
2002,121179,1,1,0,0,0,0,0,0,0,0,0,0
2002,121179,2,1,0,0,0,0,0,0,0,0,0,0
2002,121179,3,1,0,0,0,0,0,0,0,0,0,0
2002,121180,1,1,0,6,9,0,14,2,0,0,0,0
2002,121181,1,1,0,0,0,0,0,0,0,0,0,0
2002,121182,1,1,9,0,0,14,0,0,7,27,21,0
2002,121183,0,1,0,0,0,0,0,0,0,0,0,0
2002,121183,1,1,0,0,0,0,0,0,0,0,0,0
2002,121184,1,1,0,0,0,0,0,0,0,0,0,0
2002,121184,2,1,0,0,0,0,0,0,0,0,0,0
2002,121185,1,1,24,0,0,29,23,0,19,22,25,0
2002,121186,0,1,0,0,0,0,0,0,0,0,0,0
2002,121186,1,1,0,0,4,0,0,0,0,0,0,0
2002,121187,0,1,0,0,0,0,0,0,0,0,0,0
2002,121187,1,1,0,0,0,0,0,0,0,0,0,0
2002,121188,1,1,0,0,0,0,0,0,0,0,0,0
2002,121188,2,1,0,0,0,0,0,0,0,0,0,0
2002,121189,1,1,0,0,0,0,0,0,0,0,0,0
2002,121190,1,1,0,0,0,0,0,0,0,0,0,0
2002,121190,2,1,0,0,0,0,0,0,0,0,0,0
2002,121190,3,1,0,0,0,0,0,0,0,0,0,0
2002,121190,4,1,0,0,0,0,0,0,0,0,0,0
2002,121191,1,1,18,0,0,0,0,0,0,0,0,0
2002,121191,2,1,0,0,0,0,0,0,0,0,0,0
2002,121192,0,1,13,13,13,13,13,13,13,13,13,13
2002,121192,1,1,0,0,0,0,0,0,0,5,0,0
2002,121193,1,1,0,17,0,0,0,0,0,0,0,0
2002,121194,1,1,0,0,0,0,0,12,0,0,0,0
2002,121194,2,1,0,14,0,0,0,0,0,0,0,0
2002,121195,1,1,16,16,16,16,16,16,16,16,16,16
2002,121195,2,1,0,0,0,31,0,0,0,0,0,0
2002,121196,1,1,0,0,0,0,0,0,0,0,0,0
2002,121196,2,1,0,0,0,0,0,0,0,0,0,0
2002,121197,0,1,0,53,0,0,0,7,27,0,0,0
2002,121197,1,1,0,0,0,0,0,0,0,0,0,0
2002,121197,2,1,0,0,0,0,0,0,0,0,0,0
2002,121198,0,1,0,0,0,0,0,0,0,0,0,0
2002,121198,1,1,0,0,0,0,0,0,0,0,0,0
2002,121199,0,1,0,0,0,0,0,6,24,0,0,0
2002,121199,1,1,0,0,0,0,0,0,0,0,0,0
2002,121200,1,1,0,0,0,0,0,0,0,0,0,0
2002,121201,1,1,0,0,0,0,0,0,0,0,0,0
2002,121201,2,1,0,0,0,0,0,0,0,0,0,0
2002,121202,1,1,11,0,0,7,0,20,45,15,0,0
2002,121202,2,1,0,0,0,0,0,0,5,0,0,0
2002,121203,1,1,0,0,0,0,0,0,0,0,0,0
2002,121203,2,1,0,0,0,0,0,0,0,0,0,0
2002,121204,1,1,0,0,0,0,0,0,0,0,0,0
2002,121205,1,1,0,0,0,0,8,0,0,0,13,0
2002,121205,2,1,0,0,0,0,0,0,0,0,0,0
2002,121205,3,1,0,0,14,0,0,0,5,0,0,0
2002,121206,1,1,0,0,0,0,0,0,0,0,0,0
2002,121206,2,1,13,0,9,0,0,5,0,0,0,10
2002,121207,1,1,0,0,0,0,0,0,0,0,0,0
2002,121208,1,1,0,0,0,0,0,0,0,0,0,0
2002,121208,2,1,0,0,0,0,0,0,0,0,0,0
2002,121209,0,1,24,24,24,24,24,24,24,24,24,24
2002,121209,1,1,0,0,0,0,0,0,0,0,0,0
2002,121210,1,1,0,0,0,0,0,0,0,0,0,0
2002,121210,2,1,0,0,0,0,0,0,0,0,0,0
2002,121211,1,1,0,0,0,0,0,0,0,0,0,0
2002,121211,2,1,0,0,0,0,0,0,0,0,0,0
2002,121211,3,1,0,0,0,0,0,0,0,0,0,0
2002,121212,1,1,0,0,0,0,0,0,0,0,0,0
2002,121212,2,1,0,0,0,0,0,0,0,0,0,0
2002,121213,1,1,0,0,0,0,0,0,0,0,0,0
2002,121213,2,1,0,0,0,0,0,0,0,0,0,0
2002,121214,1,1,0,0,23,0,0,0,0,0,0,0
2002,121215,1,1,0,0,0,0,0,0,0,15,0,0
2002,121216,1,1,0,0,0,0,0,0,0,0,0,0
2002,121216,2,1,0,0,0,0,0,0,0,0,0,0
2002,121217,0,1,19,19,19,19,19,19,19,19,19,19
2002,121217,1,1,0,0,0,0,0,0,0,0,0,0
2002,121218,1,1,0,0,0,0,0,0,0,0,0,0
2002,121218,2,1,0,0,0,0,0,0,0,0,0,0
2002,121219,0,1,21,21,21,21,21,21,21,21,21,21
2002,121219,1,1,0,0,0,0,0,0,0,0,0,0
2002,121220,1,1,0,0,0,0,0,0,0,0,0,0
2002,121220,2,1,0,0,0,0,0,0,0,0,0,0
2002,121221,1,1,0,0,0,0,0,0,0,0,0,0
2002,121222,0,1,0,18,19,0,0,0,24,0,0,0
2002,121222,1,1,0,0,0,0,0,0,0,0,0,0
2002,121223,1,1,13,13,13,13,13,13,13,13,13,13
2002,121223,2,1,0,0,0,0,0,0,0,0,0,0
2002,121224,1,1,0,0,0,0,0,0,0,0,0,0
2002,121224,2,1,0,0,0,0,0,0,0,0,0,0
2002,121225,1,1,0,23,17,0,37,0,0,0,0,7
2002,121226,1,1,6,0,0,0,0,0,0,0,0,0
2002,121227,1,1,0,0,0,0,0,0,0,0,0,0
2002,121227,2,1,0,0,0,0,0,0,0,0,0,0
2002,121228,1,1,15,15,15,15,15,15,15,15,15,15
2002,121228,2,1,0,0,0,0,0,0,0,0,0,0
2002,121229,1,1,0,0,0,0,0,0,0,0,0,0
2002,121229,2,1,0,0,0,0,0,0,0,0,0,0
2002,121230,1,1,0,0,0,0,0,0,0,0,0,0
2002,121231,1,1,0,0,0,0,0,0,0,0,0,0
2002,121232,1,1,0,0,0,0,0,0,0,0,0,0
2002,121233,1,1,0,0,19,0,0,0,0,0,0,0
2002,121234,1,1,0,0,0,0,0,0,0,0,0,0
2002,121234,2,1,0,0,0,0,0,0,0,0,0,0
2002,121234,3,1,0,19,0,0,0,0,0,0,0,0
2002,121235,1,1,17,17,17,17,17,17,17,17,17,17
2002,121235,2,1,0,0,13,0,9,0,9,0,0,0
2002,121236,1,1,0,0,0,0,0,0,0,0,0,0
2002,121236,2,1,0,0,0,0,0,0,0,0,0,0
2002,121237,0,1,21,21,21,21,21,21,21,21,21,21
2002,121237,1,1,12,0,0,0,0,0,0,0,0,0
2002,121238,0,1,19,0,0,13,0,0,27,8,24,8
2002,121238,1,1,18,0,8,0,0,39,23,0,0,0
2002,121239,0,1,0,0,0,0,0,0,0,0,6,21
2002,121239,1,1,14,0,0,0,0,0,0,23,0,0
2002,121240,1,1,19,19,19,19,19,19,19,19,19,19
2002,121241,1,1,22,22,22,22,22,22,22,22,22,22
2002,121242,1,1,16,16,16,16,16,16,16,16,16,16
2002,121243,1,1,9,9,9,9,9,9,9,9,9,9
2002,121244,1,1,0,0,0,0,0,0,0,0,0,0
2002,121244,2,1,13,16,7,20,0,4,6,14,14,0
2002,121244,3,1,0,0,0,0,0,0,0,0,28,0
2002,121245,1,1,18,18,18,18,18,18,18,18,18,18
2002,121246,1,1,12,12,12,12,12,12,12,12,12,12
2002,121247,1,1,4,4,4,4,4,4,4,4,4,4
2002,121247,2,1,0,0,0,0,0,0,0,0,0,0
2002,121248,0,1,0,0,0,0,0,0,0,0,0,0
2002,121248,1,1,0,0,0,0,0,0,0,0,0,0
2002,121249,0,1,12,25,49,19,22,13,0,24,23,11
2002,121249,1,1,0,0,0,0,0,0,0,0,0,0
2002,121250,0,1,0,0,0,0,0,0,0,0,0,0
2002,121250,1,1,14,0,0,0,0,0,0,0,0,0
2002,121251,0,1,0,0,0,0,0,0,0,0,0,0
2002,121251,1,1,0,0,0,0,0,0,0,0,0,0
2002,121252,0,1,24,4,20,0,0,0,0,0,19,0
2002,121252,1,1,0,0,0,0,0,0,0,0,0,0
2002,121253,1,1,15,15,15,15,15,15,15,15,15,15
2002,121253,2,1,5,0,0,0,0,0,0,0,0,0
2002,121253,3,1,0,0,0,0,0,0,0,0,0,0
2002,121254,1,1,0,0,0,0,0,0,0,0,0,0
2002,121254,2,1,0,0,0,0,0,0,0,0,0,0
2002,121255,0,1,0,0,0,0,0,0,0,0,0,0
2002,121255,1,1,0,0,0,0,0,0,0,0,0,0
2002,121256,1,1,0,0,0,0,0,0,0,0,0,0
2002,121256,2,1,24,0,0,0,0,0,0,0,0,0
2002,121256,3,1,0,0,0,0,0,0,0,0,0,0
2002,121257,1,1,0,0,0,0,0,0,0,12,0,0
2002,121257,2,1,0,0,0,0,0,0,0,0,0,0
2002,121258,1,1,0,0,0,0,0,0,0,0,0,0
2002,121258,2,1,0,0,0,0,0,0,0,0,0,0
2002,121258,3,1,0,0,0,0,0,0,0,0,0,0
2002,121258,4,1,0,0,0,0,0,0,0,0,0,0
2002,121259,0,1,0,0,0,0,0,0,0,0,0,0
2002,121259,1,1,0,0,0,0,0,0,0,0,0,0
2002,121260,1,1,9,9,9,9,9,9,9,9,9,9
2002,121261,1,1,14,14,14,14,14,14,14,14,14,14
2002,121262,1,1,12,12,12,12,12,12,12,12,12,12
2002,121263,1,1,0,0,0,0,0,0,0,0,0,0
2002,121264,1,1,21,21,21,21,21,21,21,21,21,21
2002,121265,0,1,25,25,25,25,25,25,25,25,25,25
2002,121265,1,1,3,3,3,3,3,3,3,3,3,3
2002,121266,1,1,0,0,0,0,0,0,14,0,0,0
2002,121266,2,1,0,0,0,0,0,0,0,0,0,0
2002,121267,1,1,15,15,15,15,15,15,15,15,15,15
2002,121268,1,1,0,0,0,0,0,0,0,0,0,0
2002,121268,2,1,0,0,0,0,0,0,0,0,0,0
2002,121269,1,1,0,0,0,0,0,0,0,0,0,0
2002,121269,2,1,0,0,0,0,0,0,0,0,0,0
2002,121270,0,1,0,17,26,0,38,35,0,30,16,0
2002,121270,1,1,0,0,0,0,0,0,0,0,0,0
2002,121271,1,1,0,0,0,0,0,0,0,0,0,0
2002,121272,1,1,0,0,0,0,0,13,0,0,0,0
2002,121273,1,1,0,30,0,0,0,0,0,0,0,0
2002,121273,2,1,0,12,0,0,0,0,0,0,0,0
2002,121273,3,1,0,0,0,0,0,0,0,0,0,0
2002,121273,4,1,0,0,0,0,0,0,0,0,0,0
2002,121274,1,1,16,16,16,16,16,16,16,16,16,16
2002,121275,1,1,0,0,0,0,0,0,0,0,0,0
2002,121275,2,1,15,0,0,0,0,0,0,0,0,0
2002,121276,1,1,0,0,0,0,0,0,0,0,0,0
2002,121276,2,1,0,0,0,0,0,0,0,0,0,0
2002,121277,1,1,0,0,0,0,0,0,0,0,0,0
2002,121277,2,1,0,0,0,0,0,0,0,0,0,0
2002,121278,1,1,18,18,18,18,18,18,18,18,18,18
2002,121278,2,1,0,0,0,0,0,0,0,0,0,0
2002,121279,1,1,0,0,0,0,0,0,0,0,0,0
2002,121280,0,1,18,18,18,18,18,18,18,18,18,18
2002,121280,1,1,0,18,0,0,0,17,0,6,0,16
2002,121281,1,1,0,0,0,0,0,0,0,0,0,0
2002,121281,2,1,0,0,0,0,0,0,0,0,0,0
2002,121282,0,1,6,0,14,16,0,0,8,0,0,0
2002,121282,0,2,0,5,0,0,2,0,10,0,0,9
2002,121282,1,1,19,14,0,0,11,28,16,22,7,15
2002,121283,0,1,17,17,17,17,17,17,17,17,17,17
2002,121283,1,1,0,0,0,0,0,0,0,0,0,0
2002,121284,1,1,0,17,0,0,0,0,0,0,0,20
2002,121285,1,1,23,23,23,23,23,23,23,23,23,23
2002,121286,1,1,17,17,17,17,17,17,17,17,17,17
2002,121287,1,1,0,0,0,0,0,0,0,0,0,0
2002,121287,2,1,0,0,8,0,0,0,0,0,0,0
2002,121288,1,1,0,18,0,0,0,0,35,0,0,0
2002,121289,1,1,0,0,0,0,0,0,0,0,0,0
2002,121289,2,1,12,12,12,12,12,12,12,12,12,12
2002,121290,1,1,11,11,11,11,11,11,11,11,11,11
2002,121291,1,1,0,0,0,0,0,8,0,0,0,0
2002,121291,2,1,0,0,0,0,0,0,0,0,0,0
2002,121292,1,1,20,20,20,20,20,20,20,20,20,20
2002,121293,1,1,0,0,0,0,0,0,0,0,0,0
2002,121293,2,1,0,0,0,0,0,0,0,0,0,0
2002,121294,1,1,0,0,0,0,0,0,0,0,0,0
2002,121294,2,1,0,0,0,0,0,0,0,0,0,0
2002,121295,0,1,0,0,0,0,0,0,0,0,0,0
2002,121295,1,1,0,0,0,0,0,0,0,0,0,0
2002,121296,1,1,0,0,0,0,0,0,0,0,0,0
2002,121296,2,1,0,0,0,0,0,0,0,0,0,0
2002,121297,1,1,0,0,0,0,0,0,0,0,0,0
2002,121298,1,1,20,20,20,20,20,20,20,20,20,20
2002,121298,2,1,0,0,0,0,0,0,0,0,0,0
2002,121299,1,1,18,18,18,18,18,18,18,18,18,18
2002,121299,2,1,0,0,0,0,0,0,0,0,0,0
2002,121300,1,1,0,0,0,0,0,0,0,0,0,0
2002,121300,2,1,0,0,0,0,0,0,0,0,0,0
2002,121300,3,1,0,0,0,0,0,0,0,0,0,0
2002,121301,1,1,0,0,0,0,14,0,0,0,0,0
2002,121302,0,1,0,0,0,0,0,0,0,0,0,0
2002,121302,1,1,0,0,0,0,0,0,0,0,0,0
2002,121303,1,1,0,0,0,0,0,0,0,22,0,0
2002,121303,2,1,0,0,0,0,0,0,0,0,0,0
2002,121304,1,1,0,0,0,0,0,0,0,0,0,0
2002,121304,2,1,0,0,0,0,0,0,0,0,0,0
2002,121305,1,1,15,15,15,15,15,15,15,15,15,15
2002,121306,1,1,22,22,22,22,22,22,22,22,22,22
2002,121307,1,1,0,0,0,0,0,0,0,0,0,0
2002,121308,1,1,0,0,0,0,0,0,0,0,0,0
2002,121308,2,1,0,0,0,0,0,0,0,0,0,0
2002,121308,3,1,0,0,0,0,0,11,0,0,0,0
2002,121308,4,1,0,0,0,0,0,0,0,0,0,0
2002,121309,1,1,0,0,0,0,0,0,0,0,0,0
2002,121309,2,1,0,0,0,0,0,0,0,0,0,0
2002,121310,1,1,9,9,9,9,9,9,9,9,9,9
2002,121311,1,1,20,20,20,20,20,20,20,20,20,20
2002,121311,2,1,9,9,9,9,9,9,9,9,9,9
2002,121312,1,1,23,23,23,23,23,23,23,23,23,23
2002,121313,1,1,22,22,22,22,22,22,22,22,22,22
2002,121314,1,1,0,0,0,3,0,0,0,0,0,0
2002,121314,2,1,17,0,0,8,4,7,2,0,12,6
2002,121314,3,1,0,0,0,0,0,0,0,0,0,0
2002,121314,4,1,0,0,0,0,0,0,0,0,0,0
2002,121314,5,1,0,0,0,0,0,0,0,0,0,0
2002,121315,1,1,19,19,19,19,19,19,19,19,19,19
2002,121316,1,1,0,0,0,0,0,0,0,0,0,0
2002,121316,2,1,0,0,0,0,0,0,0,0,0,0
2002,121317,1,1,12,12,12,12,12,12,12,12,12,12
2002,121318,1,1,17,17,17,17,17,17,17,17,17,17
2002,121318,2,1,0,0,0,0,0,0,0,0,0,0
2002,121319,1,1,0,0,10,0,20,0,0,0,0,0
2002,121319,2,1,0,0,0,0,0,0,0,0,0,0
2002,121320,1,1,0,0,0,0,0,0,0,0,0,0
2002,121320,2,1,0,0,0,0,0,0,0,0,0,0
2002,121320,3,1,0,0,0,0,0,0,0,0,0,0
2002,121321,1,1,0,0,0,0,0,0,0,0,0,0
2002,121321,2,1,0,0,0,0,6,0,0,0,0,0
2002,121322,1,1,0,0,0,0,0,0,0,0,0,0
2002,121322,2,1,0,0,0,0,0,0,0,0,0,0
2002,121322,3,1,0,0,0,0,0,0,0,0,0,0
2002,121323,1,1,0,0,0,0,0,0,0,0,0,0
2002,121323,2,1,0,0,0,0,0,0,0,0,0,0
2002,121323,3,1,0,0,0,0,0,0,0,0,0,0
2002,121323,4,1,0,0,0,0,0,0,0,0,0,0
2002,121324,1,1,19,19,19,19,19,19,19,19,19,19
2002,121324,2,1,0,0,0,0,0,0,0,0,0,0
2002,121325,1,1,21,21,21,21,21,21,21,21,21,21
2002,121326,0,1,28,28,28,28,28,28,28,28,28,28
2002,121326,1,1,14,14,14,14,14,14,14,14,14,14
2002,121327,1,1,0,0,0,0,0,0,17,0,0,0
2002,121327,2,1,0,0,0,0,0,0,0,0,0,0
2002,121328,1,1,0,0,0,0,0,0,0,0,0,0
2002,121329,1,1,0,0,0,0,0,0,0,0,0,0
2002,121329,2,1,0,27,0,0,0,0,23,0,0,0
2002,121330,1,1,25,25,25,25,25,25,25,25,25,25
2002,121331,1,1,21,21,21,21,21,21,21,21,21,21
2002,121332,0,1,36,36,36,36,36,36,36,36,36,36
2002,121332,1,1,0,0,0,0,0,0,0,0,0,0
2002,121332,2,1,0,9,0,0,0,0,0,0,0,0
2002,121333,0,1,19,19,19,19,19,19,19,19,19,19
2002,121333,1,1,0,0,0,0,0,0,0,0,0,0
2002,121334,1,1,17,17,17,17,17,17,17,17,17,17
2002,121334,2,1,0,0,0,0,0,0,0,8,0,0
2002,121335,1,1,0,0,0,0,0,0,0,0,0,0
2002,121336,1,1,0,0,0,0,0,0,0,0,0,0
2002,121336,2,1,0,0,0,0,0,0,0,0,0,0
2002,121337,1,1,24,0,0,0,13,10,0,0,0,0
2002,121338,1,1,9,9,9,9,9,9,9,9,9,9
2002,121339,1,1,0,0,0,0,0,0,0,0,0,0
2002,121339,2,1,0,0,0,0,0,0,0,0,0,0
2002,121340,0,1,0,0,19,58,0,18,0,0,24,0
2002,121340,1,1,0,0,0,0,0,0,0,0,0,0
2002,121340,2,1,0,0,0,0,0,0,0,0,0,0
2002,121341,1,1,0,0,0,0,0,0,0,0,0,0
2002,121341,2,1,0,0,0,0,0,0,0,0,0,0
2002,121342,1,1,0,0,0,0,0,0,0,0,0,0
2002,121342,2,1,0,0,0,0,0,0,0,0,0,0
2002,121343,0,1,0,0,0,0,0,0,0,0,0,0
2002,121343,1,1,0,0,0,0,0,0,0,0,0,0
2002,121344,1,1,0,0,0,0,0,0,0,0,0,0
2002,121344,2,1,0,0,0,0,0,17,0,0,0,0
2002,121345,0,1,0,0,0,0,0,0,40,0,0,0
2002,121345,1,1,0,0,0,0,0,0,0,0,0,0
2002,121346,1,1,0,0,0,0,0,0,0,0,0,0
2002,121346,2,1,0,0,0,0,0,10,0,11,0,0
2002,121347,1,1,0,0,0,0,0,0,0,0,0,0
2002,121347,2,1,0,0,0,0,0,0,0,0,0,0
2002,121348,1,1,0,0,0,0,0,0,0,0,0,0
2002,121348,2,1,0,0,0,0,0,0,0,0,0,0
2002,121348,3,1,0,0,0,0,0,0,0,0,0,0
2002,121349,0,1,0,0,0,0,0,0,0,0,0,0
2002,121349,1,1,0,0,0,0,0,0,0,0,0,0
2002,121350,1,1,0,0,0,0,0,0,0,0,0,0
2002,121350,2,1,0,0,0,0,0,0,0,0,0,0
2002,121351,1,1,0,16,0,0,0,7,0,0,0,0
2002,121352,1,1,24,24,24,24,24,24,24,24,24,24
2002,121352,2,1,0,0,0,0,0,0,0,0,0,0
2002,121353,1,1,0,0,0,0,0,0,0,0,0,0
2002,121354,0,1,15,15,15,15,15,15,15,15,15,15
2002,121354,1,1,0,0,0,0,0,0,0,0,0,0
2002,121355,0,1,0,0,0,0,0,0,0,0,0,0
2002,121355,1,1,0,0,0,0,0,0,0,0,0,0
2002,121355,2,1,0,0,0,0,0,0,0,0,0,0
2002,121356,1,1,0,0,0,0,0,0,0,0,0,0
2002,121356,2,1,0,0,0,0,0,0,0,0,0,0
2002,121357,1,1,0,0,0,0,0,0,0,0,0,0
2002,121357,2,1,0,0,0,0,0,0,0,0,0,0
2002,121358,1,1,0,0,0,0,0,0,0,0,0,0
2002,121358,2,1,0,0,0,0,0,0,0,0,0,0
2002,121359,1,1,27,27,27,27,27,27,27,27,27,27
2002,121360,1,1,0,0,0,0,0,0,0,0,0,0
2002,121361,1,1,0,0,0,0,0,0,0,0,0,0
2002,121361,2,1,0,0,0,0,0,0,0,0,0,0
2002,121362,0,1,9,9,9,9,9,9,9,9,9,9
2002,121362,1,1,0,0,0,8,0,0,0,0,0,0
2002,121363,1,1,0,0,0,0,0,0,0,0,0,0
2002,121364,1,1,17,17,17,17,17,17,17,17,17,17
2002,121365,0,1,0,0,0,0,20,0,0,0,0,0
2002,121365,1,1,0,0,0,0,0,0,0,0,0,0
2002,121366,1,1,7,7,7,7,7,7,7,7,7,7
2002,121367,1,1,15,15,15,15,15,15,15,15,15,15
2002,121368,1,1,0,0,21,0,0,11,0,6,0,0
2002,121369,1,1,0,10,18,0,0,21,0,0,16,0
2002,121370,1,1,27,27,27,27,27,27,27,27,27,27
2002,121370,2,1,0,0,0,0,0,0,0,0,0,0
2002,121371,1,1,0,0,0,0,0,0,0,0,0,0
2002,121372,1,1,0,0,0,0,0,0,0,0,0,0
2002,121372,2,1,0,0,0,0,0,0,0,0,0,0
2002,121373,1,1,26,26,26,26,26,26,26,26,26,26
2002,121374,1,1,4,4,4,4,4,4,4,4,4,4
2002,121374,2,1,0,0,0,0,0,0,0,0,0,0
2002,121375,1,1,0,0,0,0,0,0,0,0,0,7
2002,121375,2,1,0,0,0,0,0,0,0,0,0,0
2002,121375,3,1,0,0,0,0,0,0,0,0,0,0
2002,121376,1,1,0,0,0,0,0,0,0,0,0,0
2002,121376,2,1,0,0,0,0,0,0,6,0,0,0
2002,121377,0,1,24,24,24,24,24,24,24,24,24,24
2002,121377,1,1,0,0,0,0,0,0,0,0,0,0
2002,121378,1,1,2,2,2,2,2,2,2,2,2,2
2002,121378,2,1,0,0,0,0,0,0,0,0,0,0
2002,121379,0,1,0,0,0,0,0,0,0,0,0,0
2002,121379,1,1,0,0,0,0,0,0,0,0,0,4
2002,121380,1,1,0,0,10,0,0,0,0,35,0,0
2002,121381,1,1,0,0,0,0,0,0,0,0,0,0
2002,121381,2,1,0,0,0,0,0,0,0,0,0,0
2002,121381,3,1,0,0,0,0,0,0,0,0,0,0
2002,121382,0,1,0,0,0,11,0,0,0,0,0,0
2002,121382,0,2,0,0,0,0,0,0,0,0,0,0
2002,121382,1,1,0,0,0,0,0,0,0,0,0,0
2002,121382,2,1,0,0,0,0,0,0,0,0,0,0
2002,121382,3,1,0,0,0,0,0,0,14,0,0,0
2002,121383,1,1,0,0,0,0,0,0,0,0,0,0
2002,121384,1,1,0,0,0,0,0,0,0,0,0,0
2002,121384,2,1,0,0,0,0,0,0,0,0,0,0
2002,121384,3,1,0,0,0,0,0,0,0,0,0,0
2002,121385,0,1,0,0,0,0,0,0,0,0,0,0
2002,121385,1,1,0,0,0,28,0,0,0,0,0,0
2002,121386,1,1,0,0,0,0,0,0,0,0,0,0
2002,121387,1,1,0,0,0,0,0,0,0,0,0,0
2002,121387,2,1,0,0,0,0,0,0,0,0,0,0
2002,121388,0,1,38,14,25,35,0,0,0,0,0,0
2002,121388,2,1,0,0,0,9,0,7,0,0,0,0
2002,121389,1,1,0,0,19,0,10,0,0,0,0,0
2002,121389,2,1,0,0,0,0,0,0,0,0,0,0
2002,121390,0,1,18,0,39,3,0,17,13,0,10,0
2002,121390,1,1,33,0,0,0,0,0,0,0,7,0
2002,121391,1,1,0,0,0,0,0,0,0,0,0,0
2002,121391,2,1,0,0,0,0,0,0,0,0,0,0
2002,121392,1,1,11,0,0,13,0,0,0,0,21,0
2002,121393,0,1,21,21,21,21,21,21,21,21,21,21
2002,121393,1,1,0,0,0,0,0,0,0,0,0,0
2002,121394,1,1,0,0,0,0,0,0,13,0,0,0
2002,121395,1,1,0,0,0,0,0,0,0,0,0,0
2002,121395,2,1,0,0,0,0,0,0,0,0,0,0
2002,121396,1,1,0,0,0,0,0,0,0,0,0,0
2002,121396,2,1,0,0,0,0,0,0,0,0,0,0
2002,121397,1,1,0,0,0,0,0,0,0,0,0,0
2002,121398,1,1,17,22,19,0,15,13,17,28,12,37
2002,121399,1,1,0,0,0,0,0,0,0,0,0,0
2002,121400,1,1,20,20,20,20,20,20,20,20,20,20
2002,121401,0,1,19,19,19,19,19,19,19,19,19,19
2002,121401,1,1,0,0,0,0,0,0,0,0,0,0
2002,121402,0,1,0,0,0,0,0,20,15,0,25,0
2002,121402,1,1,0,0,14,0,0,0,0,0,0,0