YEAR,ST_CASE,veh_no,per_no,P1,P2,P3,P4,P5,P6,P7,P8,P9,P10
2002,122682,1,1,0,0,0,0,0,0,0,0,0,0
2002,122683,1,1,0,0,0,0,0,0,0,0,0,0
2002,122683,2,1,0,0,0,0,0,0,0,0,0,0
2002,122684,1,1,15,15,15,15,15,15,15,15,15,15
2002,122684,2,1,0,0,0,0,0,0,0,0,0,0
2002,122684,3,1,0,0,0,0,0,0,0,0,0,0
2002,122685,1,1,0,22,0,0,0,15,0,0,0,7
2002,122686,1,1,0,0,0,0,0,0,0,0,0,0
2002,122686,2,1,0,0,0,0,0,0,0,31,0,11
2002,122687,1,1,0,0,0,0,0,0,0,0,0,0
2002,122687,2,1,0,0,0,0,0,0,0,0,0,0
2002,122688,1,1,0,0,0,0,0,0,0,0,0,0
2002,122688,2,1,0,0,0,0,0,0,0,25,0,0
2002,122688,3,1,0,0,0,0,0,0,0,0,0,0
2002,122689,0,1,2,2,2,2,2,2,2,2,2,2
2002,122689,1,1,0,0,0,0,0,0,0,0,0,0
2002,122690,1,1,0,0,0,0,0,0,0,0,0,0
2002,122690,2,1,0,0,0,0,0,0,22,0,0,0
2002,122691,1,1,0,0,0,0,0,0,0,0,0,0
2002,122691,2,1,0,0,0,0,0,0,0,0,0,0
2002,122692,1,1,8,0,22,0,0,0,0,20,0,7
2002,122693,0,1,0,0,0,0,0,0,0,0,0,0
2002,122693,1,1,0,0,0,0,0,0,0,0,0,0
2002,122694,0,1,0,29,0,0,22,31,28,0,0,23
2002,122694,1,1,0,12,0,0,0,0,0,0,0,0
2002,122695,0,1,0,0,0,0,0,0,0,0,0,0
2002,122695,1,1,0,0,0,0,0,0,0,0,0,0
2002,122696,0,1,24,24,24,24,24,24,24,24,24,24
2002,122696,1,1,0,0,0,0,0,0,0,0,0,0
2002,122697,0,1,0,0,0,0,0,0,0,0,0,0
2002,122697,1,1,0,0,0,0,0,0,0,0,0,0
2002,122698,1,1,16,16,16,16,16,16,16,16,16,16
2002,122699,1,1,0,0,0,0,0,0,0,0,0,0
2002,122699,2,1,0,0,0,0,0,0,0,0,0,0
2002,122700,1,1,0,0,0,0,0,0,0,0,0,0
2002,122700,2,1,0,0,0,0,0,0,0,0,0,0
2002,122701,1,1,0,0,0,0,0,0,0,0,0,0
2002,122702,0,1,0,0,0,0,0,0,0,0,0,0
2002,122702,1,1,0,0,0,0,0,0,0,0,0,0
2002,122703,1,1,0,0,0,0,0,0,0,0,0,0
2002,122704,1,1,0,0,0,0,15,0,0,0,24,0
2002,122705,1,1,0,0,0,0,0,0,0,0,0,0
2002,122705,2,1,0,0,0,0,0,0,0,0,0,0
2002,122706,1,1,0,0,0,0,0,0,0,0,0,0
2002,122706,2,1,0,0,0,0,0,22,0,0,0,10
2002,122707,0,1,0,0,0,0,0,0,0,0,0,0
2002,122707,1,1,0,0,0,0,0,0,0,0,0,0
2002,122708,1,1,21,21,21,21,21,21,21,21,21,21
2002,122709,1,1,0,0,0,0,0,0,0,0,0,0
2002,122709,2,1,0,0,0,0,0,0,0,0,0,0
2002,122709,3,1,0,0,0,0,24,0,0,0,0,0
2002,122710,1,1,0,0,0,0,0,0,0,0,0,0
2002,122710,2,1,0,0,0,0,0,0,0,0,0,0
2002,122710,3,1,0,0,0,0,0,0,0,0,0,0
2002,122711,1,1,0,0,0,0,0,0,0,0,0,0
2002,122711,2,1,0,0,0,8,0,0,0,0,0,0
2002,122712,0,1,0,12,0,0,0,0,0,0,0,0
2002,122712,1,1,0,0,0,0,0,0,0,0,0,0
2002,122712,2,1,0,0,0,0,0,0,0,0,0,0
2002,122712,3,1,17,0,0,0,11,10,20,10,13,0
2002,122713,1,1,0,0,0,0,0,0,0,0,0,0
2002,122713,2,1,0,0,0,0,0,0,0,0,0,0
2002,122714,1,1,0,0,0,0,0,0,0,0,0,0
2002,122715,1,1,0,0,0,0,0,0,0,0,0,0
2002,122716,0,1,0,0,0,0,0,0,0,0,0,0
2002,122716,0,2,0,0,0,0,0,0,0,0,0,0
2002,122716,1,1,0,0,0,0,0,0,0,0,0,0
2002,122717,1,1,0,0,0,0,0,0,0,0,0,0
2002,122717,2,1,0,0,20,0,0,0,0,0,0,0
2002,122718,1,1,0,0,0,0,0,0,0,0,0,0
2002,122719,0,1,0,0,0,0,0,30,0,0,30,0
2002,122719,1,1,0,0,0,0,0,0,0,0,0,0
2002,122720,1,1,0,0,0,0,0,0,0,0,0,0
2002,122720,2,1,0,0,0,0,0,0,0,0,0,0
2002,122720,3,1,0,0,0,0,0,0,0,0,0,0
2002,122721,1,1,0,0,0,0,0,0,0,0,0,0
2002,122722,1,1,20,20,20,20,20,20,20,20,20,20
2002,122722,2,1,24,0,0,4,0,0,0,0,0,0
2002,122723,1,1,18,18,18,18,18,18,18,18,18,18
2002,122724,0,1,33,33,33,33,33,33,33,33,33,33
2002,122724,1,1,0,0,0,0,0,0,0,0,0,0
2002,122725,1,1,9,9,9,9,9,9,9,9,9,9
2002,122726,1,1,3,3,3,3,3,3,3,3,3,3
2002,122726,2,1,0,0,0,0,0,0,0,0,0,0
2002,122726,3,1,0,0,0,19,0,0,0,0,0,4
2002,122727,1,1,0,0,24,0,0,0,0,0,0,0
2002,122727,2,1,0,0,0,0,0,0,0,0,0,0
2002,122728,1,1,0,0,0,0,0,0,0,0,0,0
2002,122729,1,1,24,24,24,24,24,24,24,24,24,24
2002,122730,1,1,0,0,0,0,0,0,0,0,0,0
2002,122731,1,1,0,9,14,15,39,27,13,36,20,21
2002,122732,1,1,23,23,23,23,23,23,23,23,23,23
2002,122733,1,1,23,23,23,23,23,23,23,23,23,23
2002,122733,2,1,0,22,24,0,0,0,19,15,7,0
2002,122734,0,1,18,18,18,18,18,18,18,18,18,18
2002,122734,1,1,0,0,0,0,0,0,0,0,8,0
2002,122735,1,1,8,8,8,8,8,8,8,8,8,8
2002,122735,2,1,0,0,0,0,0,18,0,0,17,7
2002,122736,1,1,13,13,13,13,13,13,13,13,13,13
2002,122737,1,1,0,0,0,0,0,0,0,0,0,0
2002,122737,2,1,0,0,0,0,0,0,0,0,0,0
2002,122738,0,1,5,5,5,5,5,5,5,5,5,5
2002,122738,1,1,0,0,0,0,0,0,0,0,0,0
2002,122739,1,1,0,0,0,0,11,0,0,0,25,16
2002,122740,0,1,0,0,0,0,0,0,0,0,0,0
2002,122740,1,1,0,0,0,0,2,0,0,0,0,0
2002,122741,1,1,6,6,6,6,6,6,6,6,6,6
2002,122741,2,1,0,0,0,0,0,0,0,0,3,0
2002,122742,1,1,0,0,0,0,0,0,0,0,0,0
2002,122742,2,1,0,0,0,0,0,0,0,0,0,0
2002,122743,1,1,0,0,0,0,0,0,0,0,15,0
2002,122744,1,1,0,0,0,0,0,0,0,0,0,0
2002,122744,2,1,0,0,0,0,0,0,0,0,0,0
2002,122745,1,1,14,14,14,14,14,14,14,14,14,14
2002,122746,0,1,0,16,22,0,24,0,0,0,10,0
2002,122746,1,1,0,0,0,0,0,0,0,0,0,0
2002,122747,0,1,0,0,0,0,0,0,0,0,0,0
2002,122747,1,1,0,0,0,0,0,0,0,0,0,0
2002,122748,1,1,13,13,13,13,13,13,13,13,13,13
2002,122748,2,1,0,0,0,8,0,0,0,0,0,0
2002,122749,1,1,0,0,0,0,0,0,0,0,0,0
2002,122749,2,1,0,0,0,0,0,0,0,0,0,0
2002,122750,1,1,0,0,0,0,0,0,0,0,0,0
2002,122750,2,1,0,19,0,0,0,0,0,0,0,0
2002,122750,3,1,0,6,0,0,0,0,0,0,0,0
2002,122750,4,1,0,0,0,0,0,0,0,0,0,0
2002,122751,1,1,0,0,0,0,0,0,0,0,0,0
2002,122751,2,1,0,0,0,0,0,0,0,0,0,0
2002,122752,1,1,27,27,27,27,27,27,27,27,27,27
2002,122752,2,1,0,0,0,0,0,0,0,0,0,0
2002,122753,1,1,16,0,15,0,13,22,0,4,15,0
2002,122754,1,1,0,0,0,0,0,0,0,0,0,0
2002,122755,0,1,0,0,0,0,0,0,0,0,0,0
2002,122755,1,1,0,0,0,0,0,0,0,0,0,0
2002,122756,1,1,0,0,0,0,0,0,0,0,0,0
2002,122756,2,1,0,0,0,0,0,0,0,0,0,0
2002,122757,1,1,5,5,5,5,5,5,5,5,5,5
2002,122758,1,1,0,0,0,0,0,0,0,0,0,0
2002,122759,1,1,0,0,0,0,0,0,0,0,0,0
2002,122759,2,1,0,0,0,0,0,0,0,13,0,0
2002,122760,0,1,0,0,0,0,0,0,0,9,0,24
2002,122760,1,1,0,0,0,0,0,0,0,0,0,0
2002,122761,0,1,15,15,15,15,15,15,15,15,15,15
2002,122761,1,1,5,0,0,22,0,0,0,0,14,0
2002,122762,1,1,34,10,14,26,26,14,15,21,15,16
2002,122763,0,1,0,0,0,0,0,0,0,0,0,0
2002,122763,1,1,20,0,0,0,4,15,0,0,0,12
2002,122764,1,1,0,0,0,0,0,0,0,0,0,0
2002,122765,1,1,0,0,0,0,0,0,0,0,0,0
2002,122766,1,1,8,8,8,8,8,8,8,8,8,8
2002,122766,2,1,0,0,0,0,0,0,0,0,0,0
2002,122767,1,1,0,0,0,0,0,0,0,0,0,0
2002,122768,1,1,21,21,21,21,21,21,21,21,21,21
2002,122769,1,1,0,0,0,0,0,0,0,0,0,0
2002,122770,1,1,0,0,0,0,0,0,0,0,0,0
2002,122771,0,1,25,25,25,25,25,25,25,25,25,25
2002,122771,1,1,0,0,0,0,0,0,0,0,0,0
2002,122772,1,1,0,52,16,31,0,18,35,0,18,0
2002,122772,2,1,0,0,0,0,0,0,0,0,0,0
2002,122772,3,1,0,0,0,0,0,0,0,0,0,0
2002,122773,0,1,32,32,32,32,32,32,32,32,32,32
2002,122773,1,1,0,0,0,0,0,0,0,0,0,0
2002,122774,1,1,27,27,27,27,27,27,27,27,27,27
2002,122775,1,1,0,0,0,0,0,0,17,0,0,23
2002,122775,2,1,0,0,0,0,0,0,0,0,0,0
2002,122776,1,1,0,0,0,0,0,0,0,0,0,0
2002,122777,1,1,0,0,0,0,12,0,0,0,0,0
2002,122777,2,1,0,0,0,0,0,0,0,0,0,0
2002,122778,0,1,24,0,0,0,29,27,0,25,0,27
2002,122778,1,1,0,0,0,0,0,0,0,0,0,0
2002,122779,0,1,0,24,0,0,0,0,0,0,0,0
2002,122779,1,1,0,0,20,0,0,0,0,0,0,0
2002,122780,1,1,0,0,0,0,0,0,0,0,0,7
2002,122781,1,1,0,0,0,0,0,0,0,0,0,0
2002,122781,2,1,0,0,0,0,0,0,0,0,0,0
2002,122782,1,1,0,0,0,0,0,0,0,0,14,0
2002,122783,0,1,0,27,0,37,0,0,0,0,0,22
2002,122783,0,2,0,0,9,0,18,24,21,0,0,36
2002,122783,0,3,23,0,13,11,21,17,29,26,16,43
2002,122783,0,4,26,12,15,0,0,0,9,0,27,0
2002,122783,1,1,4,4,4,4,4,4,4,4,4,4
2002,122784,1,1,11,0,0,0,12,35,0,0,0,0
2002,122785,1,1,25,25,25,25,25,25,25,25,25,25
2002,122785,2,1,0,0,0,0,0,0,0,0,0,0
2002,122786,1,1,0,0,0,0,0,0,0,0,0,0
2002,122786,2,1,0,0,0,0,0,0,19,7,14,0
2002,122787,0,1,22,22,22,22,22,22,22,22,22,22
2002,122787,1,1,0,0,0,0,14,0,0,0,0,10
2002,122788,1,1,0,0,9,0,0,15,4,0,13,12
2002,122789,1,1,27,27,27,27,27,27,27,27,27,27
2002,122790,0,1,14,14,14,14,14,14,14,14,14,14
2002,122790,1,1,0,0,0,0,0,0,0,0,0,0
2002,122791,1,1,25,25,25,25,25,25,25,25,25,25
2002,122792,1,1,0,0,0,0,0,0,0,0,0,0
2002,122792,2,1,0,0,0,0,0,0,0,0,0,0
2002,122793,1,1,0,0,0,0,19,0,0,0,0,0
2002,122793,2,1,0,0,0,0,0,0,0,0,0,0
2002,122794,1,1,0,0,0,0,0,0,0,0,9,0
2002,122795,1,1,0,0,0,0,0,0,0,0,0,0
2002,122796,1,1,3,3,3,3,3,3,3,3,3,3
2002,122797,1,1,0,0,0,0,0,0,0,0,0,0
2002,122798,1,1,23,23,23,23,23,23,23,23,23,23
2002,122798,2,1,0,0,0,0,0,0,0,0,0,0
2002,122799,1,1,0,0,0,0,0,0,0,0,0,0
2002,122799,2,1,0,0,0,0,0,0,0,0,0,0
2002,122800,1,1,0,0,0,0,0,0,0,0,0,0
2002,122800,2,1,0,0,0,0,0,0,0,0,0,0
2002,122801,1,1,13,13,13,13,13,13,13,13,13,13
2002,122801,2,1,0,0,0,0,0,0,0,0,0,0
2002,122802,1,1,0,0,0,0,0,0,0,0,0,0
2002,122803,1,1,0,0,0,0,0,0,0,0,0,0
2002,122804,0,1,22,22,22,22,22,22,22,22,22,22
2002,122804,1,1,0,0,0,0,0,0,0,0,0,0
2002,122805,0,1,35,35,35,35,35,35,35,35,35,35
2002,122805,1,1,0,0,0,0,0,0,0,10,0,0
2002,122806,1,1,0,0,0,0,0,0,0,0,0,0
2002,122806,2,1,0,0,0,0,0,0,0,0,0,0
2002,122807,1,1,0,0,0,0,0,0,0,0,0,0
2002,122807,2,1,0,0,0,0,0,0,0,0,0,0
2002,122807,3,1,0,0,0,0,0,0,0,0,0,0
2002,122808,1,1,25,25,25,25,25,25,25,25,25,25
2002,122808,2,1,0,0,0,0,0,0,0,0,0,0
2002,122809,1,1,0,0,0,0,0,0,0,0,0,0
2002,122810,1,1,0,0,0,0,0,0,0,0,0,0
2002,122811,0,1,0,0,23,0,0,0,0,30,0,0
2002,122811,1,1,0,0,0,0,0,0,0,0,0,0
2002,122812,1,1,0,0,0,0,0,0,5,0,0,0
2002,122812,2,1,0,9,0,0,0,0,0,0,0,0
2002,122813,1,1,0,0,0,0,0,0,0,0,0,0
2002,122813,2,1,0,0,0,0,0,0,0,0,0,0
2002,122813,3,1,0,0,0,0,0,0,0,21,19,0
2002,122814,1,1,0,0,0,0,0,0,0,0,0,0
2002,122814,2,1,0,0,0,0,0,0,0,0,0,0
2002,122815,1,1,0,0,0,0,0,0,0,0,0,0
2002,122815,2,1,0,0,0,0,0,0,0,0,0,0
2002,130001,1,1,8,8,8,8,8,8,8,8,8,8
2002,130002,1,1,25,25,25,25,25,25,25,25,25,25
2002,130002,2,1,11,11,11,11,11,11,11,11,11,11
2002,130003,1,1,0,0,0,0,14,0,0,0,0,16
2002,130003,2,1,0,0,0,0,0,0,0,0,0,0
2002,130003,3,1,0,0,0,0,0,0,0,0,0,0
2002,130004,0,1,0,0,0,0,0,0,0,0,0,0
2002,130004,0,2,0,13,11,0,0,0,0,0,0,0
2002,130004,1,1,11,0,0,0,0,0,0,0,0,0
2002,130005,1,1,0,0,0,0,0,0,0,0,0,0
2002,130005,2,1,0,0,0,0,0,0,0,0,0,0
2002,130006,1,1,0,0,0,0,0,0,0,0,0,0
2002,130006,2,1,0,0,0,0,0,0,0,0,0,0
2002,130006,3,1,0,0,0,0,0,0,0,0,0,0
2002,130007,1,1,0,0,0,0,0,0,0,0,0,0
2002,130007,2,1,0,0,0,0,0,0,0,0,0,0
2002,130008,0,1,0,37,0,19,0,29,14,0,0,48
2002,130008,1,1,0,0,0,0,0,0,0,0,0,0
2002,130009,1,1,0,0,0,0,0,0,0,0,0,0
2002,130010,1,1,13,0,22,0,0,0,0,0,0,0
2002,130010,2,1,0,0,0,0,0,0,0,0,0,0
2002,130011,1,1,0,0,0,0,0,0,0,0,0,0
2002,130012,1,1,20,13,20,46,27,37,28,15,16,9
2002,130013,1,1,0,0,0,0,0,0,0,0,0,0
2002,130014,1,1,17,17,17,17,17,17,17,17,17,17
2002,130015,1,1,0,0,0,0,0,0,0,0,0,0
2002,130015,2,1,0,0,0,0,0,0,0,0,0,0
2002,130016,1,1,0,15,14,0,0,0,0,0,0,0
2002,130017,1,1,16,16,16,16,16,16,16,16,16,16
2002,130018,1,1,0,0,0,0,0,0,0,0,0,0
2002,130019,1,1,0,0,0,0,0,0,0,0,0,0
2002,130019,2,1,0,0,0,0,0,0,0,0,0,0
2002,130020,1,1,0,0,0,0,0,0,0,0,0,0
2002,130020,2,1,0,0,0,0,0,0,0,0,0,0
2002,130021,1,1,0,0,0,0,0,0,0,0,0,0
2002,130021,2,1,9,9,9,9,9,9,9,9,9,9
2002,130022,0,1,0,0,0,0,0,0,0,0,0,0
2002,130022,1,1,0,0,0,0,0,0,0,0,0,0
2002,130023,1,1,0,0,0,0,0,0,0,0,0,0
2002,130023,2,1,11,11,11,11,11,11,11,11,11,11
2002,130024,1,1,18,18,18,18,18,18,18,18,18,18
2002,130025,1,1,0,0,0,0,0,0,0,0,0,0
2002,130025,2,1,0,0,0,0,0,0,0,0,0,0
2002,130026,1,1,0,33,30,39,20,0,15,0,0,20
2002,130027,1,1,0,0,0,0,0,0,0,0,0,0
2002,130027,2,1,0,0,0,0,0,0,0,0,0,0
2002,130028,0,1,31,31,31,31,31,31,31,31,31,31
2002,130028,1,1,0,0,0,0,0,0,0,0,0,0
2002,130029,1,1,0,0,0,0,0,0,0,0,0,0
2002,130029,2,1,0,0,0,5,0,0,0,0,0,30
2002,130030,1,1,38,38,38,38,38,38,38,38,38,38
2002,130031,0,1,19,19,19,19,19,19,19,19,19,19
2002,130031,1,1,0,0,0,0,0,0,0,0,0,26
2002,130032,1,1,0,0,0,0,0,0,0,0,0,0
2002,130032,2,1,0,0,0,0,0,0,0,0,0,0
2002,130033,1,1,0,0,0,0,0,0,0,0,0,0
2002,130033,2,1,0,0,0,0,0,0,0,0,0,0
2002,130034,1,1,0,0,0,0,0,0,0,0,0,0
2002,130035,1,1,0,0,0,0,0,0,0,0,0,0
2002,130036,1,1,0,0,0,0,0,0,0,0,0,0
2002,130037,1,1,0,0,0,0,0,0,0,0,0,0
2002,130037,2,1,0,0,0,0,0,0,0,0,0,0
2002,130037,3,1,0,0,0,0,0,0,0,0,0,0
2002,130038,1,1,0,0,0,0,0,0,0,0,0,0
2002,130038,2,1,0,0,0,0,0,0,0,0,0,0
2002,130039,1,1,0,0,0,0,0,0,0,0,0,0
2002,130040,1,1,0,0,0,0,0,0,0,0,0,0
2002,130040,2,1,0,0,0,0,0,0,0,0,0,0
2002,130041,1,1,0,0,0,0,0,0,0,0,0,0
2002,130041,2,1,0,0,0,0,0,0,0,0,5,0
2002,130042,0,1,15,0,24,0,0,0,23,33,31,6
2002,130042,1,1,0,0,0,0,0,0,0,0,0,0
2002,130043,1,1,0,0,0,0,0,0,0,0,0,0
2002,130043,2,1,0,0,0,0,0,0,0,0,0,0
2002,130043,3,1,0,0,0,0,0,0,0,0,0,0
2002,130044,1,1,0,0,0,0,0,0,0,0,0,0
2002,130044,2,1,0,0,0,0,0,0,0,0,0,0
2002,130045,1,1,0,0,0,0,0,0,0,0,0,0
2002,130045,2,1,0,0,0,0,0,0,0,0,0,0
2002,130046,1,1,11,11,11,11,11,11,11,11,11,11
2002,130047,1,1,0,0,0,0,0,0,0,0,0,0
2002,130048,1,1,0,0,0,0,0,0,0,0,0,0
2002,130048,2,1,0,0,0,0,0,0,0,0,0,0
2002,130049,1,1,0,0,0,0,0,0,0,0,0,0
2002,130049,2,1,0,0,0,0,0,0,0,0,0,0
2002,130050,1,1,0,0,0,0,0,0,0,0,0,0
2002,130050,2,1,0,0,0,0,0,0,0,0,0,0
2002,130050,3,1,0,0,0,0,0,0,0,0,0,0
2002,130051,1,1,0,0,0,0,0,0,0,0,0,0
2002,130051,2,1,0,0,0,0,0,0,0,0,0,0
2002,130051,3,1,0,0,0,0,0,0,0,0,0,0
2002,130051,4,1,0,0,0,0,0,0,0,0,0,0
2002,130052,1,1,24,24,24,24,24,24,24,24,24,24
2002,130053,1,1,8,17,0,0,0,0,0,0,0,0
2002,130054,0,1,27,27,27,27,27,27,27,27,27,27
2002,130054,1,1,0,0,0,0,0,0,0,0,0,0
2002,130055,1,1,0,0,0,0,0,0,0,0,0,0
2002,130055,2,1,0,0,0,0,0,0,0,0,0,0
2002,130056,1,1,0,0,0,0,0,0,0,0,0,0
2002,130056,2,1,0,0,0,0,0,0,0,0,0,0
2002,130057,0,1,5,5,5,5,5,5,5,5,5,5
2002,130057,0,2,0,14,0,0,0,0,0,0,0,24
2002,130057,1,1,0,0,0,0,0,0,0,0,0,0
2002,130058,1,1,19,7,0,0,0,0,0,21,0,11
2002,130059,1,1,0,0,0,0,0,0,0,0,0,0
2002,130059,2,1,0,0,0,0,0,0,0,0,0,0
2002,130059,3,1,0,0,0,0,0,0,0,0,0,0
2002,130060,1,1,4,14,19,5,10,9,16,13,20,15
2002,130061,0,1,17,17,17,17,17,17,17,17,17,17
2002,130061,1,1,0,0,0,0,0,0,0,0,0,0
2002,130062,1,1,11,11,11,11,11,11,11,11,11,11
2002,130062,2,1,17,17,17,17,17,17,17,17,17,17
2002,130063,1,1,26,26,26,26,26,26,26,26,26,26
2002,130064,1,1,0,0,0,0,0,0,0,0,0,0
2002,130064,2,1,0,0,0,0,0,0,0,0,0,0
2002,130065,1,1,12,14,32,11,14,11,6,5,13,15
2002,130065,2,1,0,0,0,0,0,0,0,0,0,0
2002,130066,1,1,0,0,0,0,0,0,34,0,0,0
2002,130067,1,1,0,0,0,0,0,0,0,0,0,0
2002,130067,2,1,0,0,0,0,0,0,0,0,0,0
2002,130068,1,1,0,0,0,0,0,0,0,0,0,0
2002,130068,2,1,0,0,0,0,0,0,0,0,0,0
2002,130068,3,1,0,0,0,0,0,0,0,0,0,0
2002,130069,1,1,0,0,0,0,0,0,0,0,0,0
2002,130069,2,1,0,0,0,0,0,0,0,0,0,0
2002,130070,1,1,0,0,0,0,0,0,0,0,0,0
2002,130070,2,1,0,0,0,0,0,0,0,0,0,0
2002,130071,0,1,0,0,0,0,0,0,0,0,0,0
2002,130071,1,1,0,0,0,0,0,0,0,0,0,0
2002,130072,1,1,0,24,0,0,0,12,0,18,20,0
2002,130073,1,1,0,0,0,0,0,0,0,0,0,0
2002,130073,2,1,0,0,0,0,0,0,0,0,0,0
2002,130074,1,1,0,0,0,0,0,0,0,0,0,0
2002,130075,1,1,8,8,8,8,8,8,8,8,8,8
2002,130076,1,1,0,0,0,0,0,0,0,0,0,0
2002,130076,2,1,0,0,0,0,0,0,0,0,0,0
2002,130077,1,1,22,0,0,0,0,0,19,6,21,0
2002,130078,0,1,29,29,29,29,29,29,29,29,29,29
2002,130078,0,2,0,0,0,25,0,0,25,24,12,12
2002,130078,1,1,0,0,0,0,0,0,0,0,0,0
2002,130078,2,1,0,0,0,0,0,0,0,0,0,0
2002,130079,1,1,0,0,0,0,0,0,0,0,0,0
2002,130079,2,1,0,0,0,0,0,0,0,0,0,0
2002,130080,1,1,0,20,31,11,0,26,27,15,23,22
2002,130081,1,1,16,16,16,16,16,16,16,16,16,16
2002,130081,2,1,0,0,0,0,0,0,0,0,0,0
2002,130082,1,1,0,22,0,0,0,0,0,0,0,8
2002,130082,2,1,0,0,0,0,0,0,0,0,0,0
2002,130083,1,1,16,0,0,0,0,0,0,0,0,0
2002,130084,0,1,0,0,0,0,0,0,0,0,0,0
2002,130084,1,1,33,33,33,33,33,33,33,33,33,33
2002,130085,0,1,22,22,22,22,22,22,22,22,22,22
2002,130085,1,1,15,15,15,15,15,15,15,15,15,15
2002,130086,1,1,0,0,0,0,0,0,0,0,0,0
2002,130086,2,1,0,0,0,0,0,0,0,0,0,0
2002,130087,1,1,0,0,0,0,0,0,0,0,0,0
2002,130088,1,1,3,3,3,3,3,3,3,3,3,3
2002,130089,1,1,0,17,0,13,24,28,17,0,41,21
2002,130090,1,1,12,12,12,12,12,12,12,12,12,12
2002,130091,1,1,18,18,18,18,18,18,18,18,18,18
2002,130092,1,1,4,4,4,4,4,4,4,4,4,4
2002,130093,1,1,0,0,0,0,0,0,0,0,0,0
2002,130093,2,1,0,0,0,0,0,0,0,0,0,0
2002,130094,1,1,0,0,0,0,0,0,0,0,0,0
2002,130094,2,1,0,0,0,0,0,0,0,0,0,0
2002,130095,1,1,0,0,0,0,0,0,0,0,0,0
2002,130095,2,1,0,0,0,0,0,0,0,0,0,0
2002,130096,1,1,0,0,0,0,0,0,0,0,0,0
2002,130097,1,1,0,0,0,0,0,0,0,0,0,0
2002,130097,2,1,0,0,0,0,0,0,0,0,0,0
2002,130098,0,1,14,14,14,14,14,14,14,14,14,14
2002,130098,1,1,20,20,20,20,20,20,20,20,20,20
2002,130099,1,1,0,0,16,11,18,0,0,0,20,0
2002,130099,2,1,13,0,0,16,17,20,0,6,0,11
2002,130100,1,1,0,0,0,0,0,0,0,0,9,0
2002,130100,2,1,0,0,0,0,0,0,0,0,0,0
2002,130101,1,1,0,0,0,0,0,0,0,0,0,0
2002,130102,1,1,18,19,4,8,26,11,0,22,12,22
2002,130103,1,1,0,0,0,0,0,0,0,0,0,0
2002,130103,2,1,0,0,0,0,0,0,0,0,0,0
2002,130104,1,1,0,0,0,0,0,0,0,0,0,0
2002,130104,2,1,0,0,0,0,0,0,0,0,0,0
2002,130105,1,1,0,0,0,0,0,1,0,0,0,0
2002,130106,1,1,0,0,0,0,0,0,0,0,0,0
2002,130106,2,1,0,0,0,0,0,0,0,0,0,0
2002,130107,1,1,0,0,0,0,0,0,0,0,0,0
2002,130107,2,1,0,0,0,0,0,0,0,0,0,0
2002,130107,3,1,0,0,0,0,0,0,0,0,0,0
2002,130108,1,1,0,0,0,0,0,0,0,0,0,0
2002,130108,2,1,0,22,15,14,17,14,17,0,24,18
2002,130109,1,1,24,24,24,24,24,24,24,24,24,24
2002,130110,1,1,0,0,0,0,0,0,0,0,0,0
2002,130110,2,1,0,0,0,0,0,0,0,0,0,0
2002,130111,1,1,0,0,0,0,0,0,0,0,0,0
2002,130111,2,1,0,0,0,0,0,0,0,0,0,0
2002,130112,1,1,0,0,0,0,0,0,0,0,0,0
2002,130112,2,1,0,0,0,0,0,0,0,0,0,0
2002,130113,1,1,0,0,0,0,0,0,0,0,0,0
2002,130114,1,1,17,17,17,17,17,17,17,17,17,17
2002,130115,0,1,0,0,0,0,0,0,0,0,0,0
2002,130115,1,1,0,0,0,0,0,0,0,0,0,0
2002,130116,1,1,0,0,0,0,0,0,0,0,0,0
2002,130116,2,1,0,0,0,0,0,0,0,0,0,0
2002,130117,1,1,17,17,17,17,17,17,17,17,17,17
2002,130118,0,1,0,0,10,0,0,0,0,0,17,0
2002,130118,1,1,0,0,0,0,0,0,0,0,0,0
2002,130118,2,1,0,0,0,0,0,0,0,0,0,0
2002,130119,1,1,0,0,0,0,0,0,0,0,0,0
2002,130120,1,1,0,0,0,0,0,0,0,0,0,0
2002,130120,2,1,0,0,0,0,0,0,0,0,0,0
2002,130121,1,1,14,14,14,14,14,14,14,14,14,14
2002,130121,2,1,0,0,0,0,0,0,0,0,0,0
2002,130122,1,1,28,28,28,28,28,28,28,28,28,28
2002,130123,1,1,16,13,0,19,0,23,30,23,0,14
2002,130124,1,1,18,18,18,18,18,18,18,18,18,18
2002,130125,1,1,4,12,0,6,13,17,6,18,0,0
2002,130125,2,1,0,0,0,0,0,0,0,0,0,0
2002,130126,1,1,16,23,16,12,0,0,11,23,12,9
2002,130127,1,1,21,21,21,21,21,21,21,21,21,21
2002,130127,2,1,0,0,0,0,0,0,0,0,0,0
2002,130128,1,1,0,17,8,0,0,0,15,0,24,14
2002,130129,1,1,0,0,0,0,0,0,0,0,0,0
2002,130130,1,1,0,0,0,0,0,0,0,0,0,0
2002,130130,2,1,0,0,0,0,0,0,0,0,0,0
2002,130131,1,1,0,0,0,0,0,0,0,0,0,0
2002,130131,2,1,0,0,0,0,0,0,0,0,0,0
2002,130132,1,1,0,0,0,0,0,0,0,0,0,0
2002,130132,2,1,2,2,2,2,2,2,2,2,2,2
2002,130132,3,1,0,0,0,0,0,0,0,0,0,0