YEAR,ST_CASE,veh_no,per_no,P1,P2,P3,P4,P5,P6,P7,P8,P9,P10
2002,131202,1,1,23,23,23,23,23,23,23,23,23,23
2002,131203,1,1,23,23,23,23,23,23,23,23,23,23
2002,131203,2,1,0,0,0,0,0,0,0,0,0,0
2002,131204,1,1,20,20,20,20,20,20,20,20,20,20
2002,131206,1,1,0,0,0,0,0,0,0,0,0,0
2002,131206,2,1,0,0,0,0,0,0,0,0,0,0
2002,131207,1,1,0,0,0,0,0,0,0,0,0,0
2002,131207,2,1,0,0,0,0,0,0,0,0,0,0
2002,131208,0,1,0,0,0,0,0,0,0,0,0,0
2002,131208,1,1,0,0,0,0,0,0,0,0,0,0
2002,131209,1,1,11,11,11,11,11,11,11,11,11,11
2002,131209,2,1,0,0,0,0,0,0,0,0,19,0
2002,131210,1,1,11,11,11,11,11,11,11,11,11,11
2002,131210,2,1,0,0,0,0,0,0,0,0,0,0
2002,131210,3,1,0,0,0,0,0,0,0,0,0,0
2002,131210,4,1,0,0,0,0,0,0,0,0,0,0
2002,131211,1,1,0,0,0,0,0,0,0,0,0,0
2002,131211,2,1,0,0,0,0,0,0,0,0,0,0
2002,131212,1,1,0,0,0,0,0,0,0,0,0,0
2002,131212,2,1,0,0,0,0,0,0,0,0,0,0
2002,131213,1,1,0,0,0,0,0,0,0,0,0,0
2002,131214,1,1,39,6,0,20,21,0,6,0,6,20
2002,131215,1,1,0,0,0,0,0,0,0,0,0,0
2002,131216,1,1,0,15,0,32,17,0,0,0,0,0
2002,131216,2,1,0,0,0,0,0,0,0,0,0,0
2002,131216,3,1,0,0,0,0,0,0,0,0,0,0
2002,131217,0,1,16,16,0,38,27,28,20,20,23,14
2002,131217,0,2,18,0,0,16,0,33,38,16,0,28
2002,131217,1,1,0,0,0,0,0,0,0,0,0,0
2002,131217,2,1,0,0,0,0,0,0,0,0,0,0
2002,131217,3,1,0,0,0,0,0,0,0,0,0,0
2002,131218,1,1,16,16,16,16,16,16,16,16,16,16
2002,131219,1,1,0,0,0,0,0,0,0,0,0,0
2002,131219,2,1,0,0,0,0,0,0,0,0,0,0
2002,131220,0,1,0,32,14,28,4,23,25,32,24,23
2002,131220,1,1,5,0,19,9,18,11,26,18,10,22
2002,131221,0,1,0,0,0,0,0,0,0,0,0,0
2002,131221,0,2,0,0,0,0,0,0,0,0,0,0
2002,131221,1,1,0,0,0,0,0,0,0,0,0,0
2002,131222,1,1,15,17,5,15,15,9,19,17,6,0
2002,131223,0,1,33,33,33,33,33,33,33,33,33,33
2002,131223,1,1,0,0,0,0,0,0,0,0,0,0
2002,131224,1,1,15,19,22,0,0,14,22,0,12,20
2002,131224,2,1,0,0,0,0,0,0,0,0,0,0
2002,131225,1,1,0,0,0,0,0,0,16,0,0,20
2002,131226,0,1,2,2,2,2,2,2,2,2,2,2
2002,131226,1,1,0,0,0,0,0,0,0,0,0,0
2002,131227,1,1,0,0,0,0,0,0,0,0,0,0
2002,131228,1,1,0,0,0,0,0,0,0,0,0,0
2002,131228,2,1,0,0,0,0,0,0,0,0,0,0
2002,131229,1,1,0,0,0,0,0,0,0,0,0,0
2002,131229,2,1,0,0,0,0,0,0,0,0,0,0
2002,131229,3,1,0,0,0,0,0,0,0,0,0,0
2002,131230,1,1,0,0,0,0,0,0,0,0,0,0
2002,131230,2,1,0,0,0,0,0,0,0,0,0,0
2002,131230,3,1,0,0,0,0,0,0,0,0,0,0
2002,131231,1,1,11,13,8,16,17,19,17,22,8,21
2002,131232,1,1,0,0,0,0,0,0,11,0,0,0
2002,131232,2,1,0,0,0,0,0,0,0,0,0,0
2002,131233,1,1,4,4,4,4,4,4,4,4,4,4
2002,131234,1,1,0,0,0,0,0,0,0,0,0,0
2002,131235,1,1,0,0,0,0,0,0,0,0,0,0
2002,131236,1,1,0,0,0,0,0,0,0,0,0,0
2002,131236,2,1,0,0,0,0,0,0,0,0,0,0
2002,131237,1,1,0,0,0,0,0,0,0,0,0,0
2002,131238,1,1,0,0,0,0,0,0,0,0,0,0
2002,131238,2,1,0,0,0,0,0,0,0,0,0,0
2002,131239,1,1,27,27,27,27,27,27,27,27,27,27
2002,131240,1,1,0,0,0,0,0,0,0,0,0,0
2002,131240,2,1,0,0,0,0,0,0,0,0,0,0
2002,131241,1,1,5,5,5,5,5,5,5,5,5,5
2002,131241,2,1,0,0,0,0,0,0,0,0,0,0
2002,131242,1,1,24,24,24,24,24,24,24,24,24,24
2002,131242,2,1,0,0,0,0,0,0,0,0,0,0
2002,131243,1,1,0,0,0,21,0,0,0,0,17,22
2002,131244,1,1,0,0,0,0,0,0,0,0,0,0
2002,131245,1,1,14,12,18,6,18,24,18,34,19,11
2002,131246,1,1,20,15,13,8,22,19,12,13,12,8
2002,131247,1,1,0,5,0,0,0,0,0,0,0,0
2002,131247,2,1,0,0,0,0,0,0,0,0,0,0
2002,131248,1,1,15,15,15,15,15,15,15,15,15,15
2002,131249,1,1,0,0,0,0,0,0,0,0,0,0
2002,131249,2,1,9,9,9,9,9,9,9,9,9,9
2002,131250,1,1,0,0,0,0,16,0,0,0,0,0
2002,131250,2,1,0,0,20,0,0,0,3,0,0,0
2002,131251,1,1,0,0,0,15,2,10,0,0,0,12
2002,131252,1,1,0,0,0,0,0,0,0,0,0,0
2002,131253,1,1,0,0,0,0,0,0,0,0,22,0
2002,131253,2,1,0,0,0,0,0,0,21,0,0,0
2002,131254,1,1,0,0,24,0,4,19,9,0,0,0
2002,131255,1,1,13,0,24,4,0,0,24,0,0,11
2002,131256,1,1,9,9,9,9,9,9,9,9,9,9
2002,131257,0,1,0,19,0,0,0,0,0,0,0,0
2002,131257,1,1,0,0,0,0,0,0,0,0,0,0
2002,131258,1,1,6,11,11,9,10,28,20,0,13,21
2002,131258,2,1,0,0,14,0,0,0,0,0,0,0
2002,131259,0,1,32,32,32,32,32,32,32,32,32,32
2002,131259,1,1,0,0,0,0,7,0,0,0,0,8
2002,131260,0,1,0,0,0,0,0,0,0,0,0,0
2002,131260,1,1,7,0,0,0,0,0,14,0,0,13
2002,131261,1,1,14,14,14,14,14,14,14,14,14,14
2002,131261,2,1,0,0,0,0,0,0,0,0,0,0
2002,131262,1,1,0,0,0,0,0,0,0,14,0,0
2002,131262,2,1,0,0,0,0,0,0,0,0,0,0
2002,131263,0,1,0,0,0,0,0,0,0,0,0,0
2002,131263,1,1,0,0,0,0,0,0,0,0,0,0
2002,131264,1,1,9,9,9,9,9,9,9,9,9,9
2002,131265,1,1,15,15,15,15,15,15,15,15,15,15
2002,131265,2,1,0,0,0,0,0,0,0,0,0,0
2002,131266,0,1,0,0,15,0,0,0,0,0,0,17
2002,131266,1,1,0,0,0,0,0,0,0,0,0,0
2002,131267,1,1,15,15,15,15,15,15,15,15,15,15
2002,131268,1,1,27,27,27,27,27,27,27,27,27,27
2002,131269,1,1,0,0,0,0,0,0,0,0,0,0
2002,131270,1,1,0,0,0,0,0,0,0,0,0,0
2002,131271,1,1,0,0,0,0,0,0,0,0,0,0
2002,131272,1,1,0,13,0,18,11,0,0,15,0,0
2002,131273,1,1,19,19,19,19,19,19,19,19,19,19
2002,131273,2,1,0,0,0,0,0,0,0,0,0,0
2002,131274,0,1,11,0,0,0,0,0,0,0,0,0
2002,131274,1,1,0,0,0,0,0,0,0,0,0,0
2002,131275,1,1,0,0,0,0,0,0,0,0,0,0
2002,131276,1,1,24,24,24,24,24,24,24,24,24,24
2002,131276,2,1,0,0,0,0,0,0,0,0,0,0
2002,131277,1,1,0,0,0,0,0,0,0,0,0,0
2002,131277,2,1,0,0,0,0,0,0,0,0,0,0
2002,131278,1,1,0,0,0,0,0,0,0,0,0,0
2002,131279,1,1,0,0,0,0,0,0,0,0,0,0
2002,131279,2,1,0,0,0,0,0,0,0,0,0,0
2002,131280,1,1,0,0,0,0,0,0,0,10,0,0
2002,131281,1,1,0,0,0,0,0,0,0,0,0,0
2002,131281,2,1,0,0,0,0,0,0,0,0,0,0
2002,131282,1,1,0,0,0,0,0,0,0,0,0,0
2002,131283,1,1,0,0,0,0,0,0,0,0,0,0
2002,131283,2,1,0,0,0,0,0,0,0,0,0,0
2002,131284,1,1,3,3,3,3,3,3,3,3,3,3
2002,131285,1,1,0,0,0,0,0,0,0,0,0,0
2002,131286,1,1,0,0,0,0,0,0,0,0,0,0
2002,131287,1,1,22,22,22,22,22,22,22,22,22,22
2002,131288,1,1,0,0,0,0,0,0,0,0,0,0
2002,131289,1,1,0,0,0,0,0,0,0,0,0,0
2002,131289,2,1,0,0,0,0,0,0,0,0,0,0
2002,131290,1,1,0,0,0,0,0,0,0,0,0,0
2002,131291,0,1,0,3,0,0,0,0,0,0,0,0
2002,131291,1,1,0,12,0,0,0,0,0,0,0,0
2002,131292,1,1,0,0,0,0,0,0,0,0,0,0
2002,131293,1,1,0,0,0,0,0,0,0,0,0,0
2002,131293,2,1,0,0,0,0,0,0,0,0,0,0
2002,131295,1,1,0,0,0,0,0,0,0,0,0,0
2002,131295,2,1,0,0,0,0,0,0,0,0,0,0
2002,131296,1,1,37,37,37,37,37,37,37,37,37,37
2002,131297,1,1,0,0,0,0,0,0,0,0,0,0
2002,131297,2,1,0,0,0,0,0,0,0,0,0,0
2002,131297,3,1,0,0,0,0,0,0,0,0,0,0
2002,131297,4,1,0,0,0,0,0,0,0,0,0,0
2002,131297,5,1,0,0,0,0,0,0,0,0,0,0
2002,131298,1,1,0,0,37,0,0,0,0,0,0,0
2002,131299,1,1,0,9,18,19,13,9,37,0,17,18
2002,131300,1,1,0,0,0,0,0,0,0,0,0,0
2002,131300,2,1,0,0,0,0,0,0,0,0,0,0
2002,131301,1,1,0,0,0,0,0,0,0,0,0,0
2002,131303,0,1,0,0,0,0,0,0,0,0,0,0
2002,131303,1,1,0,0,0,0,0,0,0,0,0,0
2002,131304,1,1,9,0,0,0,0,0,6,0,0,8
2002,131305,1,1,0,0,0,0,0,19,0,0,0,0
2002,131305,2,1,0,21,0,0,0,0,0,0,0,0
2002,131306,1,1,0,0,0,0,0,0,0,0,0,0
2002,131306,2,1,0,0,0,0,0,0,0,0,0,0
2002,131306,3,1,0,0,0,0,0,0,0,0,0,0
2002,131307,1,1,0,0,0,0,0,15,0,0,0,19
2002,131307,2,1,0,0,0,0,0,0,0,0,0,0
2002,131308,1,1,0,0,0,0,0,5,0,0,0,0
2002,131309,1,1,17,17,17,17,17,17,17,17,17,17
2002,131310,0,1,5,5,5,5,5,5,5,5,5,5
2002,131310,1,1,0,0,0,0,0,0,0,0,0,0
2002,131311,1,1,0,0,0,0,0,0,0,0,0,0
2002,131311,2,1,0,0,12,0,0,0,23,0,0,0
2002,131311,3,1,0,0,0,0,0,0,0,0,0,0
2002,131312,0,1,29,0,33,32,16,0,35,19,26,23
2002,131312,1,1,0,0,0,0,0,0,10,0,10,0
2002,131313,1,1,0,14,16,0,0,0,37,0,0,8
2002,131314,1,1,0,0,0,0,0,0,0,0,0,0
2002,131314,2,1,0,0,0,0,0,0,0,0,0,0
2002,131315,1,1,14,14,14,14,14,14,14,14,14,14
2002,131316,1,1,0,0,0,15,0,0,19,0,12,19
2002,131316,2,1,4,0,0,4,28,0,20,5,0,0
2002,131317,1,1,0,0,0,0,0,0,0,0,0,0
2002,131317,2,1,0,0,0,0,0,0,0,0,0,0
2002,131318,1,1,13,13,13,13,13,13,13,13,13,13
2002,131319,1,1,0,0,0,0,32,3,0,0,0,0
2002,131320,1,1,0,0,24,26,27,0,14,14,17,14
2002,131321,1,1,12,12,12,12,12,12,12,12,12,12
2002,131321,2,1,0,0,0,0,0,0,0,0,0,0
2002,131322,1,1,16,16,16,16,16,16,16,16,16,16
2002,131323,0,1,7,7,7,7,7,7,7,7,7,7
2002,131323,1,1,0,0,0,0,0,0,0,0,0,0
2002,131324,1,1,0,0,0,0,0,0,0,0,0,0
2002,131324,2,1,0,0,0,0,0,0,0,0,0,0
2002,131325,0,1,8,19,0,0,0,0,0,0,23,30
2002,131325,1,1,0,0,0,0,0,0,0,0,0,0
2002,131326,1,1,0,0,0,0,0,0,0,0,0,0
2002,131327,1,1,0,0,0,0,0,0,0,0,0,0
2002,131327,2,1,0,0,0,0,0,0,0,0,0,0
2002,131327,3,1,0,0,0,0,0,0,0,0,0,0
2002,131328,1,1,2,2,2,2,2,2,2,2,2,2
2002,131329,1,1,0,0,0,0,0,0,0,0,14,0
2002,131330,1,1,0,0,0,0,0,0,0,0,0,0
2002,131330,2,1,0,0,0,0,0,0,0,0,0,0
2002,131331,1,1,0,0,0,0,0,0,0,0,11,0
2002,131332,1,1,0,19,0,0,0,0,22,0,0,0
2002,131333,1,1,0,0,0,0,0,0,0,0,0,0
2002,131334,1,1,7,10,2,10,12,13,0,0,15,20
2002,131334,2,1,7,0,14,0,0,5,6,2,0,0
2002,131335,1,1,0,0,0,0,0,0,0,0,0,0
2002,131335,2,1,0,0,0,0,0,0,0,0,0,0
2002,131336,1,1,0,0,0,0,0,0,0,0,0,0
2002,131336,2,1,0,0,0,0,0,0,0,0,0,0
2002,131337,1,1,0,0,0,0,0,0,0,0,0,0
2002,131337,2,1,0,0,0,0,0,0,0,14,0,0
2002,131338,1,1,0,0,0,0,0,0,0,0,0,0
2002,131338,2,1,0,0,0,0,0,0,0,0,0,0
2002,131339,1,1,0,0,0,0,0,0,0,0,0,0
2002,131339,2,1,0,0,0,0,0,0,0,0,0,0
2002,131340,1,1,0,0,0,0,0,0,0,0,0,0
2002,131341,1,1,25,25,25,25,25,25,25,25,25,25
2002,131341,2,1,0,0,0,0,0,0,0,0,0,0
2002,131342,0,1,0,44,7,0,0,37,0,8,9,26
2002,131342,1,1,0,0,0,0,0,0,0,0,10,0
2002,131343,1,1,0,0,0,0,0,0,0,0,0,0
2002,131343,2,1,3,3,3,3,3,3,3,3,3,3
2002,131344,1,1,0,0,0,0,0,0,0,0,0,0
2002,131345,0,1,0,0,0,0,0,0,0,0,0,0
2002,131345,1,1,0,0,0,0,0,0,0,0,0,0
2002,131346,0,1,6,0,0,0,0,0,13,0,0,2
2002,131346,1,1,0,0,0,0,0,12,0,0,0,0
2002,131347,1,1,0,0,0,0,0,0,0,0,0,0
2002,131347,2,1,0,0,0,0,0,0,0,0,0,0
2002,131348,1,1,33,27,0,11,5,0,15,0,0,0
2002,131349,0,1,23,31,15,0,0,0,5,17,27,0
2002,131349,1,1,0,0,0,0,0,0,0,0,0,0
2002,131350,1,1,0,0,0,0,0,0,0,0,0,0
2002,131350,2,1,0,0,0,0,0,0,0,0,0,0
2002,131351,0,1,0,0,0,24,7,29,0,0,0,0
2002,131351,0,2,0,0,0,0,0,0,0,0,0,0
2002,131351,1,1,7,7,15,10,0,0,0,26,0,0
2002,131352,0,1,0,0,0,0,0,0,0,0,0,0
2002,131352,1,1,0,0,0,0,0,4,0,0,0,0
2002,131352,2,1,0,0,0,0,0,0,0,0,0,0
2002,131353,1,1,5,5,5,5,5,5,5,5,5,5
2002,131354,1,1,30,21,0,0,0,23,18,4,0,0
2002,131354,2,1,0,0,0,0,0,0,0,0,0,0
2002,131355,1,1,0,0,0,0,0,0,0,0,0,0
2002,131356,1,1,0,0,0,0,0,0,0,0,0,0
2002,131357,1,1,0,0,0,0,27,0,0,0,0,0
2002,131357,2,1,0,0,0,0,0,0,0,0,0,0
2002,131358,1,1,14,14,14,14,14,14,14,14,14,14
2002,131358,2,1,0,0,0,0,0,0,0,0,0,0
2002,131359,1,1,31,31,31,31,31,31,31,31,31,31
2002,131360,1,1,0,0,0,0,0,0,0,0,0,0
2002,131361,1,1,2,9,6,12,0,15,9,19,0,29
2002,131362,1,1,11,11,11,11,11,11,11,11,11,11
2002,131362,2,1,0,0,0,0,0,0,0,0,0,0
2002,131363,1,1,0,21,0,0,0,11,9,20,0,10
2002,131364,1,1,0,0,0,0,0,0,0,0,0,0
2002,131364,2,1,0,0,0,0,0,0,0,0,0,0
2002,131365,1,1,0,0,0,0,0,0,0,0,0,0
2002,131366,1,1,0,0,0,0,0,0,0,0,0,0
2002,131367,1,1,0,0,0,11,0,0,0,0,0,0
2002,131368,1,1,0,19,13,0,15,0,11,0,12,0
2002,131369,1,1,0,0,23,0,0,0,0,0,0,0
2002,131370,0,1,0,0,0,0,0,0,0,0,0,0
2002,131370,1,1,0,0,5,0,0,0,0,0,0,0
2002,131371,1,1,0,0,0,0,0,0,0,0,0,0
2002,131371,2,1,0,0,0,0,0,0,0,0,0,0
2002,131372,1,1,0,0,0,0,0,32,11,0,0,0
2002,131373,1,1,0,0,0,18,0,0,0,0,0,0
2002,131373,2,1,0,0,0,0,0,0,0,19,0,0
2002,131373,3,1,0,0,0,0,0,0,0,0,0,0
2002,131374,1,1,0,0,0,0,0,0,0,0,0,0
2002,131374,2,1,0,0,0,0,0,0,0,0,0,0
2002,150001,1,1,0,0,0,0,0,0,0,0,0,0
2002,150002,1,1,0,0,0,0,0,0,0,0,0,0
2002,150003,1,1,14,14,14,14,14,14,14,14,14,14
2002,150003,2,1,8,8,8,8,8,8,8,8,8,8
2002,150004,1,1,8,8,8,8,8,8,8,8,8,8
2002,150005,1,1,0,0,0,0,0,0,0,0,0,0
2002,150005,2,1,0,0,0,0,0,0,0,0,0,0
2002,150006,1,1,0,0,0,0,0,0,0,0,0,0
2002,150006,2,1,0,0,0,0,0,0,0,0,0,0
2002,150007,0,1,0,0,0,0,0,0,0,0,0,0
2002,150007,1,1,0,0,0,0,0,0,0,0,0,0
2002,150008,1,1,11,11,11,11,11,11,11,11,11,11
2002,150009,0,1,13,13,13,13,13,13,13,13,13,13
2002,150009,1,1,0,0,0,0,0,0,18,0,0,6
2002,150010,0,1,0,0,0,0,0,0,0,0,0,0
2002,150010,1,1,0,0,0,0,0,0,0,0,0,0
2002,150011,0,1,0,0,0,0,0,0,0,0,0,0
2002,150011,1,1,13,13,13,13,13,13,13,13,13,13
2002,150012,0,1,20,20,20,20,20,20,20,20,20,20
2002,150012,1,1,0,0,0,0,0,0,0,0,0,0
2002,150013,1,1,0,0,0,0,0,0,0,0,0,0
2002,150014,1,1,0,0,0,0,0,0,0,0,0,0
2002,150014,2,1,0,0,0,0,0,0,0,0,0,0
2002,150015,1,1,29,29,29,29,29,29,29,29,29,29
2002,150016,1,1,12,12,12,12,12,12,12,12,12,12
2002,150016,2,1,0,0,0,0,0,0,0,0,0,0
2002,150017,0,1,0,0,0,0,0,0,0,0,0,0
2002,150017,1,1,0,19,0,0,0,0,0,0,0,0
2002,150018,1,1,13,3,8,2,14,14,7,12,15,15
2002,150018,2,1,18,0,0,0,0,0,0,31,0,0
2002,150018,3,1,0,7,0,0,0,0,0,0,0,0
2002,150019,0,1,0,0,0,0,0,26,0,0,0,0
2002,150019,1,1,12,17,13,8,20,11,19,14,0,6
2002,150020,1,1,0,0,0,0,0,0,0,0,0,0
2002,150021,1,1,14,14,14,14,14,14,14,14,14,14
2002,150021,2,1,0,20,0,0,0,0,0,0,13,0
2002,150021,3,1,0,0,0,0,0,0,0,0,0,0
2002,150022,1,1,0,0,0,0,0,0,0,0,0,0
2002,150023,0,1,0,0,0,0,0,0,0,0,0,0
2002,150023,1,1,13,0,0,0,7,0,0,0,0,0
2002,150025,1,1,14,14,14,14,14,14,14,14,14,14
2002,150026,1,1,0,0,0,0,0,0,0,0,0,0
2002,150026,2,1,12,12,12,12,12,12,12,12,12,12
2002,150027,1,1,0,0,0,0,0,0,0,0,0,0
2002,150028,1,1,0,0,0,0,0,0,0,0,0,0
2002,150029,1,1,0,0,0,0,0,0,0,0,0,0
2002,150029,2,1,0,0,0,0,0,0,0,0,0,0
2002,150030,0,1,0,0,0,0,0,0,0,0,0,0
2002,150030,1,1,0,0,0,0,0,0,0,0,0,0
2002,150031,1,1,0,0,0,0,0,0,0,0,0,0
2002,150031,2,1,12,12,12,12,12,12,12,12,12,12
2002,150031,3,1,0,0,0,0,0,0,0,0,0,0
2002,150032,1,1,27,27,27,27,27,27,27,27,27,27
2002,150033,0,1,0,0,0,0,0,0,0,0,0,0
2002,150033,1,1,27,0,13,10,0,11,0,0,0,0
2002,150034,0,1,0,0,0,0,0,0,0,0,0,0
2002,150034,1,1,0,0,0,0,0,0,0,0,0,0
2002,150035,1,1,0,0,0,0,0,0,0,0,0,0
2002,150035,2,1,0,0,0,0,0,0,0,0,0,0
2002,150035,3,1,0,0,0,0,0,0,0,0,0,0
2002,150035,4,1,0,0,0,0,8,0,0,0,0,0
2002,150037,0,1,0,0,0,0,0,0,0,0,0,0
2002,150037,1,1,0,0,0,0,0,0,0,0,0,0
2002,150038,1,1,0,0,0,0,0,0,0,0,0,0
2002,150039,1,1,10,10,10,10,10,10,10,10,10,10
2002,150039,2,1,0,0,0,0,0,0,0,0,0,0
2002,150040,0,1,0,0,0,0,0,0,0,0,0,0
2002,150040,1,1,0,21,0,0,0,0,0,0,0,0
2002,150041,1,1,0,0,0,0,0,0,22,0,0,0
2002,150041,2,1,0,0,0,0,0,0,0,0,0,0
2002,150042,1,1,19,19,19,19,19,19,19,19,19,19
2002,150043,0,1,0,0,0,0,0,0,0,0,0,0
2002,150043,1,1,0,0,0,0,0,0,0,0,0,0
2002,150044,1,1,0,0,0,0,0,0,0,0,0,0
2002,150044,2,1,0,0,11,0,21,0,0,0,0,0
2002,150045,1,1,0,0,0,0,0,0,0,0,0,0
2002,150046,1,1,0,0,0,0,0,0,0,0,0,0
2002,150046,2,1,0,0,0,0,0,0,0,0,0,0
2002,150046,3,1,0,0,0,0,0,0,0,0,0,0
2002,150046,4,1,0,0,0,0,0,0,0,0,0,0
2002,150047,1,1,0,0,0,0,0,0,0,0,0,0
2002,150048,0,1,0,0,0,0,0,0,0,0,0,0
2002,150048,1,1,18,18,18,18,18,18,18,18,18,18
2002,150049,1,1,0,0,0,0,0,0,0,0,0,0
2002,150050,0,1,0,0,0,0,0,0,0,0,0,0
2002,150050,1,1,0,0,0,0,0,0,0,0,0,0
2002,150051,0,1,0,0,0,0,0,0,0,0,0,0
2002,150051,1,1,0,0,0,0,0,0,0,0,0,0
2002,150052,0,1,19,19,19,19,19,19,19,19,19,19
2002,150052,1,1,0,0,0,0,0,0,0,0,0,0
2002,150053,0,1,0,0,0,0,0,0,0,0,0,0
2002,150053,1,1,0,0,0,0,0,0,0,0,0,0
2002,150054,1,1,0,0,0,0,0,0,0,0,0,0
2002,150054,2,1,17,17,17,17,17,17,17,17,17,17
2002,150055,1,1,0,0,0,0,6,0,0,0,0,0
2002,150056,0,1,0,0,0,0,0,0,0,0,0,0
2002,150056,1,1,0,0,0,0,0,0,0,0,0,0
2002,150057,1,1,0,0,0,0,0,0,0,0,0,0
2002,150058,1,1,0,0,0,0,0,0,0,0,0,0
2002,150058,2,1,0,0,0,0,0,0,0,0,0,0
2002,150059,1,1,0,0,0,0,0,0,0,0,0,0
2002,150059,2,1,0,0,0,0,0,0,0,0,0,0
2002,150060,1,1,11,11,11,11,11,11,11,11,11,11
2002,150061,1,1,0,0,0,0,0,0,0,0,0,0
2002,150061,2,1,0,0,0,0,0,0,0,0,0,0
2002,150062,0,1,0,0,0,0,0,0,0,0,0,0
2002,150062,1,1,0,0,0,0,0,0,0,0,0,0
2002,150063,1,2,9,9,9,9,9,9,9,9,9,9
2002,150063,2,1,0,0,0,0,0,0,0,0,0,0
2002,150064,0,1,0,0,0,0,0,0,0,0,0,0
2002,150064,1,1,0,0,17,0,4,16,0,0,0,0
2002,150065,1,1,0,0,0,0,0,0,0,0,0,0
2002,150066,1,1,0,0,0,0,0,0,0,0,0,0
2002,150067,1,1,0,0,0,0,0,0,0,0,0,0
2002,150067,2,1,0,0,0,0,0,9,0,0,0,0
2002,150068,0,1,0,0,0,0,0,0,0,0,0,0
2002,150068,1,1,0,0,28,0,0,0,0,0,0,0
2002,150069,0,1,0,0,0,0,0,0,0,0,0,0
2002,150069,1,1,0,0,0,0,0,0,0,0,0,0
2002,150069,2,1,0,0,0,0,0,0,0,0,0,0
2002,150070,0,1,0,0,0,0,0,0,0,0,0,0
2002,150070,1,1,0,0,13,0,0,0,0,0,0,0
2002,150071,0,1,0,0,0,0,0,0,0,0,0,0
2002,150071,1,1,0,0,0,0,0,0,0,0,0,0
2002,150072,1,1,0,0,0,0,0,0,0,0,0,0
2002,150073,1,1,0,0,0,0,0,0,0,0,0,0
2002,150073,2,1,0,0,0,0,0,0,0,0,0,0
2002,150074,1,1,0,0,0,0,0,0,0,0,0,0
2002,150075,0,1,0,0,0,0,0,0,0,0,0,0
2002,150075,1,1,0,0,0,0,0,0,0,0,0,0
2002,150076,1,1,0,0,0,0,0,0,0,24,0,0
2002,150076,2,1,0,0,0,0,0,0,0,0,0,0
2002,150077,1,1,5,5,5,5,5,5,5,5,5,5
2002,150078,1,1,3,3,3,3,3,3,3,3,3,3
2002,150078,2,1,0,0,0,0,0,0,0,0,0,0
2002,150079,0,1,0,0,0,0,0,0,0,0,0,0
2002,150079,1,1,0,0,0,0,0,0,0,0,0,0
2002,150080,0,1,0,0,0,0,0,0,0,0,0,0
2002,150080,1,1,0,0,0,0,0,0,0,0,0,0
2002,150081,0,1,0,0,0,0,0,0,6,0,0,0
2002,150081,1,1,0,0,0,27,43,0,0,0,0,0
2002,150082,1,1,3,3,3,3,3,3,3,3,3,3
2002,150082,2,1,0,0,0,0,0,0,0,0,0,0
2002,150082,3,1,0,13,0,0,0,12,15,0,0,13
2002,150082,4,1,0,0,0,0,0,0,0,0,0,0
2002,150083,0,1,0,0,0,0,0,0,0,0,0,0
2002,150083,1,1,0,0,0,0,0,0,0,0,0,0
2002,150084,1,1,9,9,9,9,9,9,9,9,9,9
2002,150085,1,1,18,18,18,18,18,18,18,18,18,18
2002,150085,2,1,0,0,0,0,0,0,0,0,0,0
2002,150086,1,1,14,14,14,14,14,14,14,14,14,14
2002,150086,2,1,25,0,0,14,0,0,0,0,0,0
2002,150087,1,1,0,0,0,0,0,0,0,0,0,0
2002,150087,2,1,0,0,0,0,0,0,0,0,0,0
2002,150087,3,1,0,0,0,0,0,0,0,13,0,0
2002,150088,0,1,24,24,24,24,24,24,24,24,24,24
2002,150088,1,1,0,0,12,0,0,0,0,0,0,28
2002,150089,1,1,0,0,0,0,0,0,0,0,0,0
2002,150089,2,1,0,0,0,0,13,0,0,0,0,0
2002,150090,1,1,12,12,12,12,12,12,12,12,12,12
2002,150091,1,1,0,0,0,0,0,0,0,0,0,0
2002,150091,2,1,0,0,0,7,0,0,0,0,0,0
2002,150092,1,1,0,0,0,0,0,0,0,0,0,0
2002,150093,1,1,0,0,0,0,0,0,0,0,0,0
2002,150093,2,1,0,0,0,0,0,0,0,0,0,0
2002,150094,1,1,8,12,12,14,18,7,4,0,9,19
2002,150094,2,1,0,9,19,10,23,10,20,7,0,0
2002,150095,1,1,0,0,0,0,0,0,0,0,0,0
2002,150095,2,1,0,0,0,0,0,0,0,0,0,0
2002,150096,0,1,0,0,0,0,0,0,0,0,0,0
2002,150096,1,1,0,0,0,0,0,0,0,0,0,0
2002,150097,1,1,1,1,1,1,1,1,1,1,1,1
2002,150097,2,1,13,13,13,13,13,13,13,13,13,13
2002,150098,1,1,0,0,0,0,0,0,0,0,0,0
2002,150099,1,1,14,14,14,14,14,14,14,14,14,14
2002,150100,1,1,15,15,15,15,15,15,15,15,15,15
2002,150101,1,1,0,0,0,0,0,0,0,0,0,0
2002,150101,2,1,0,0,0,0,0,0,0,0,0,0
2002,150102,1,1,15,15,15,15,15,15,15,15,15,15
2002,150103,0,1,0,0,0,0,0,0,0,0,0,0
2002,150103,1,1,0,0,0,0,0,0,0,0,0,0
2002,150104,0,1,0,0,0,0,0,0,0,0,0,0
2002,150104,1,1,0,0,0,0,0,0,0,0,0,0
2002,150105,1,1,0,25,0,0,0,0,0,0,0,0
2002,150106,0,1,0,0,0,0,0,0,0,0,0,0
2002,150106,1,1,10,0,0,0,18,0,14,0,0,10