YEAR,ST_CASE,veh_no,per_no,P1,P2,P3,P4,P5,P6,P7,P8,P9,P10
2002,170585,2,1,0,0,0,0,0,0,0,0,0,0
2002,170586,0,1,0,0,0,0,0,0,0,0,0,0
2002,170586,1,1,0,0,0,0,0,0,0,0,0,0
2002,170587,1,1,0,0,0,0,0,0,0,0,0,0
2002,170587,2,1,15,0,0,0,13,0,0,16,0,0
2002,170588,1,1,22,22,22,22,22,22,22,22,22,22
2002,170589,1,1,20,20,20,20,20,20,20,20,20,20
2002,170589,2,1,21,24,15,34,25,5,16,13,14,12
2002,170590,1,1,13,13,13,13,13,13,13,13,13,13
2002,170590,2,1,16,16,16,16,16,16,16,16,16,16
2002,170591,1,1,3,3,3,3,3,3,3,3,3,3
2002,170591,2,1,0,0,0,0,0,0,0,0,0,0
2002,170592,1,1,21,21,21,21,21,21,21,21,21,21
2002,170593,1,1,19,19,19,19,19,19,19,19,19,19
2002,170593,2,1,0,0,0,0,0,0,0,0,0,0
2002,170594,1,1,0,0,0,0,0,0,0,0,0,0
2002,170595,1,1,0,0,0,0,0,0,0,0,0,0
2002,170595,2,1,0,0,0,0,0,0,0,0,0,0
2002,170596,1,1,0,0,0,0,0,0,0,0,0,0
2002,170597,1,1,0,0,0,0,0,0,0,0,0,0
2002,170597,2,1,0,0,0,0,0,0,0,0,0,0
2002,170598,1,1,0,0,0,0,0,0,0,0,0,0
2002,170599,1,1,0,0,0,0,0,0,0,0,0,0
2002,170600,1,1,0,0,0,0,0,0,0,0,0,0
2002,170600,2,1,14,0,0,0,0,17,0,0,0,0
2002,170600,3,1,0,0,0,0,0,0,0,0,0,0
2002,170601,1,1,7,7,7,7,7,7,7,7,7,7
2002,170602,1,1,0,0,0,0,0,0,0,0,0,0
2002,170602,2,1,0,0,0,0,0,0,0,0,0,0
2002,170603,1,1,0,0,0,0,0,0,0,0,0,0
2002,170603,2,1,0,0,0,0,0,0,0,0,0,14
2002,170604,1,1,22,22,22,22,22,22,22,22,22,22
2002,170604,2,1,0,0,0,0,0,0,0,0,0,0
2002,170604,3,1,0,0,0,0,0,0,0,0,0,0
2002,170605,1,1,8,8,8,8,8,8,8,8,8,8
2002,170606,1,1,10,10,10,10,10,10,10,10,10,10
2002,170606,2,1,0,0,0,0,0,0,0,0,0,0
2002,170607,0,1,0,0,0,0,0,0,0,0,0,0
2002,170607,1,1,0,0,0,0,0,0,0,0,0,0
2002,170608,1,1,0,0,0,0,0,0,0,0,0,0
2002,170608,2,1,0,0,0,0,0,0,0,0,0,0
2002,170609,1,1,10,10,10,10,10,10,10,10,10,10
2002,170609,2,1,0,0,0,0,0,0,0,0,14,0
2002,170610,1,1,19,19,19,19,19,19,19,19,19,19
2002,170611,1,1,0,0,0,0,0,0,0,0,0,0
2002,170611,2,1,0,0,0,0,0,0,0,0,0,0
2002,170612,1,1,0,0,0,0,0,0,0,0,0,0
2002,170613,0,1,0,0,0,0,0,0,0,0,0,0
2002,170613,0,2,0,12,0,0,21,0,0,0,0,20
2002,170613,1,1,38,0,36,17,0,11,0,0,11,20
2002,170614,1,1,0,0,0,0,0,0,0,0,0,0
2002,170614,2,1,20,0,0,0,0,0,12,10,0,0
2002,170614,3,1,0,0,0,0,0,0,0,0,0,0
2002,170615,1,1,0,0,0,0,0,0,0,0,0,0
2002,170616,1,1,0,0,0,0,0,0,0,0,0,0
2002,170616,2,1,0,0,0,0,0,0,0,0,0,0
2002,170617,1,1,0,0,0,0,0,0,0,0,0,0
2002,170618,0,1,13,13,13,13,13,13,13,13,13,13
2002,170618,1,1,10,10,10,10,10,10,10,10,10,10
2002,170619,1,1,3,19,27,13,15,11,14,21,13,5
2002,170620,1,1,22,22,22,22,22,22,22,22,22,22
2002,170620,2,1,0,0,0,0,0,0,0,0,0,0
2002,170621,1,1,0,10,0,0,0,0,0,0,0,0
2002,170621,2,1,0,0,0,0,17,0,0,0,0,0
2002,170622,1,1,26,26,26,26,26,26,26,26,26,26
2002,170624,1,1,6,6,6,6,6,6,6,6,6,6
2002,170624,2,1,0,0,0,0,0,0,0,0,0,0
2002,170625,1,1,14,14,14,14,14,14,14,14,14,14
2002,170626,1,1,17,17,17,17,17,17,17,17,17,17
2002,170627,1,1,0,0,0,0,0,0,0,0,0,0
2002,170628,1,1,0,0,0,0,0,0,0,0,0,0
2002,170629,1,1,15,15,15,15,15,15,15,15,15,15
2002,170630,1,1,0,0,0,0,0,0,0,0,0,0
2002,170630,2,1,0,0,0,0,0,0,0,0,0,0
2002,170631,0,1,19,19,19,19,19,19,19,19,19,19
2002,170631,1,1,0,0,0,11,0,0,0,0,0,0
2002,170632,1,1,0,0,0,0,0,0,0,0,0,0
2002,170633,1,1,0,0,0,0,0,0,0,0,0,0
2002,170633,2,1,0,0,0,0,0,0,0,0,0,0
2002,170634,1,1,0,20,0,0,0,0,0,0,18,14
2002,170635,1,1,0,0,0,0,0,0,0,0,0,0
2002,170635,2,1,0,0,0,0,0,0,0,0,0,0
2002,170636,1,1,10,10,10,10,10,10,10,10,10,10
2002,170637,1,1,0,0,0,0,0,0,0,0,0,0
2002,170638,1,1,0,0,0,0,0,0,0,0,0,0
2002,170639,1,1,0,0,0,0,0,0,0,0,0,0
2002,170640,1,1,0,0,0,0,0,0,13,0,13,0
2002,170641,1,1,0,0,0,0,0,0,0,0,0,0
2002,170641,2,1,0,0,0,0,0,0,0,0,0,0
2002,170642,0,1,0,0,0,0,0,0,0,0,0,0
2002,170642,1,1,0,0,0,0,0,0,3,0,0,0
2002,170643,1,1,0,0,0,0,0,0,0,0,0,0
2002,170643,2,1,0,0,0,0,0,0,0,0,0,0
2002,170644,1,1,0,0,0,0,0,0,0,0,0,0
2002,170644,2,1,0,0,0,0,0,0,0,0,0,0
2002,170645,1,1,0,0,0,0,0,0,0,0,0,0
2002,170645,2,1,1,1,1,1,1,1,1,1,1,1
2002,170646,0,1,4,4,4,4,4,4,4,4,4,4
2002,170646,1,1,0,0,0,5,0,0,0,0,0,0
2002,170647,1,1,0,0,0,0,0,0,0,0,0,0
2002,170648,0,1,0,0,0,0,0,0,0,0,0,0
2002,170648,1,1,0,0,0,0,0,0,0,0,0,0
2002,170649,1,1,28,28,28,28,28,28,28,28,28,28
2002,170650,1,1,22,22,22,22,22,22,22,22,22,22
2002,170651,1,1,8,8,8,8,8,8,8,8,8,8
2002,170651,2,1,0,0,0,0,0,0,0,0,0,0
2002,170652,1,1,28,28,28,28,28,28,28,28,28,28
2002,170652,2,1,0,0,0,0,0,0,0,0,0,0
2002,170653,1,1,18,18,18,18,18,18,18,18,18,18
2002,170654,0,1,36,36,36,36,36,36,36,36,36,36
2002,170654,1,1,0,0,0,0,0,0,0,0,0,0
2002,170655,1,1,0,0,0,0,0,0,0,0,0,0
2002,170655,2,1,0,0,0,0,0,0,0,0,0,0
2002,170656,1,1,0,0,0,0,0,0,0,0,0,0
2002,170657,1,1,0,0,0,0,0,0,0,0,0,0
2002,170658,1,1,0,0,0,0,0,0,0,0,0,2
2002,170659,1,1,0,0,0,0,0,0,0,0,0,0
2002,170660,0,1,0,0,0,0,0,0,0,0,0,0
2002,170660,1,1,0,0,0,0,0,0,0,0,0,11
2002,170660,2,1,0,0,0,0,0,0,0,0,0,0
2002,170661,1,1,0,0,0,0,0,0,0,0,0,0
2002,170662,1,1,0,0,0,0,0,0,0,0,0,0
2002,170663,1,1,24,24,24,24,24,24,24,24,24,24
2002,170664,1,1,0,5,0,24,0,0,0,0,0,0
2002,170664,2,1,0,0,0,0,0,0,0,0,0,0
2002,170665,0,1,0,0,0,0,0,0,0,0,0,0
2002,170665,1,1,7,7,7,7,7,7,7,7,7,7
2002,170666,0,1,0,0,0,0,0,0,0,0,0,0
2002,170666,1,1,0,0,0,0,0,0,0,0,0,0
2002,170667,1,1,0,0,0,0,0,0,0,0,0,0
2002,170667,2,1,0,0,0,0,0,0,0,0,0,0
2002,170668,0,1,0,0,0,0,0,0,0,0,0,0
2002,170668,1,1,16,0,0,0,0,0,0,0,0,0
2002,170669,0,1,0,0,0,0,0,0,0,0,0,0
2002,170669,1,1,0,0,0,0,0,0,0,0,0,0
2002,170670,1,1,0,0,0,0,0,0,0,0,0,0
2002,170671,1,1,0,0,0,0,0,0,0,0,0,0
2002,170671,2,1,0,0,0,0,0,0,0,0,0,0
2002,170672,1,1,17,17,17,17,17,17,17,17,17,17
2002,170673,1,1,0,0,0,0,0,0,0,0,0,0
2002,170674,0,1,0,0,0,0,0,0,0,0,0,0
2002,170674,1,1,0,0,0,0,0,0,0,0,0,0
2002,170675,1,1,0,0,0,0,0,0,0,0,0,0
2002,170676,1,1,0,0,0,0,0,0,0,0,0,0
2002,170676,2,1,0,0,0,0,0,0,0,0,0,0
2002,170677,1,1,31,31,31,31,31,31,31,31,31,31
2002,170677,2,1,0,0,0,0,0,0,0,0,0,0
2002,170678,1,1,0,0,0,0,0,0,0,0,0,0
2002,170678,2,1,0,0,0,0,0,0,0,0,0,0
2002,170679,1,1,0,0,0,0,0,0,0,0,0,0
2002,170679,2,1,0,0,0,0,0,0,0,0,0,0
2002,170680,1,1,0,0,0,0,23,0,0,0,0,0
2002,170680,2,1,0,0,0,0,0,0,0,0,0,0
2002,170680,3,1,0,0,0,0,0,0,0,0,0,0
2002,170681,1,1,20,20,20,20,20,20,20,20,20,20
2002,170682,1,1,17,17,17,17,17,17,17,17,17,17
2002,170683,0,1,0,0,0,0,0,0,0,0,0,0
2002,170684,1,1,28,28,28,28,28,28,28,28,28,28
2002,170685,1,1,9,9,9,9,9,9,9,9,9,9
2002,170686,0,1,0,0,0,0,0,0,0,0,0,0
2002,170686,1,1,25,25,25,25,25,25,25,25,25,25
2002,170687,1,1,20,20,20,20,20,20,20,20,20,20
2002,170687,2,1,16,0,0,0,0,0,0,0,0,0
2002,170687,3,1,0,0,0,0,0,0,0,0,0,0
2002,170687,4,1,0,0,0,0,0,0,0,0,0,0
2002,170688,1,1,24,0,0,0,0,0,20,35,0,0
2002,170688,2,1,6,6,6,6,6,6,6,6,6,6
2002,170688,3,1,7,32,10,17,9,7,9,0,19,16
2002,170689,1,1,0,0,0,0,0,0,0,0,0,0
2002,170689,2,1,0,0,0,0,0,0,0,0,0,0
2002,170690,2,1,0,0,0,0,0,0,0,0,0,0
2002,170691,1,1,20,9,9,21,0,13,0,6,3,0
2002,170692,1,1,0,0,0,0,0,0,0,0,0,0
2002,170692,2,1,0,0,10,0,0,0,0,0,0,0
2002,170693,1,1,0,0,0,0,0,0,0,0,0,0
2002,170693,2,1,0,0,0,0,14,0,0,0,0,0
2002,170694,1,1,0,0,0,0,0,0,0,0,0,0
2002,170695,0,1,0,0,0,0,0,0,0,0,0,0
2002,170695,0,2,0,0,0,0,0,0,0,0,0,0
2002,170695,0,3,0,0,0,0,6,0,0,0,0,0
2002,170695,1,1,0,0,0,14,15,0,0,0,0,0
2002,170696,0,1,18,18,18,18,18,18,18,18,18,18
2002,170696,1,1,0,0,0,0,0,0,0,0,0,0
2002,170697,1,1,0,0,0,0,0,0,0,0,0,0
2002,170697,2,1,23,23,23,23,23,23,23,23,23,23
2002,170698,1,1,0,0,0,0,0,0,0,0,0,0
2002,170698,2,1,0,0,0,0,0,0,0,0,0,0
2002,170699,0,1,0,0,0,0,0,0,0,0,0,0
2002,170699,1,1,0,0,0,0,0,0,0,0,0,0
2002,170700,1,1,0,0,0,0,0,0,0,0,0,0
2002,170700,2,1,0,0,0,0,0,0,0,0,0,0
2002,170701,0,1,0,0,0,0,0,0,0,0,0,0
2002,170701,1,1,0,0,0,0,0,0,0,0,0,0
2002,170702,1,1,14,14,14,14,14,14,14,14,14,14
2002,170703,1,1,28,28,28,28,28,28,28,28,28,28
2002,170704,1,1,0,0,0,0,0,0,0,0,0,0
2002,170705,0,1,10,24,12,0,0,0,16,0,0,14
2002,170705,1,1,0,0,0,0,0,0,0,0,0,0
2002,170706,0,1,0,0,0,14,0,0,0,0,33,18
2002,170706,1,1,0,0,0,0,0,0,0,0,0,0
2002,170707,1,1,0,0,0,0,0,0,0,0,0,0
2002,170708,0,1,19,19,19,19,19,19,19,19,19,19
2002,170708,1,1,0,0,0,0,0,0,0,0,0,0
2002,170709,1,1,19,19,19,19,19,19,19,19,19,19
2002,170710,1,1,0,0,0,0,0,0,0,0,0,0
2002,170710,2,1,0,0,0,0,0,0,0,0,0,0
2002,170710,3,1,0,0,0,0,0,0,0,0,0,0
2002,170710,4,1,0,0,0,0,0,0,0,0,0,0
2002,170711,1,1,13,13,13,13,13,13,13,13,13,13
2002,170712,1,1,0,0,0,0,0,0,0,0,0,0
2002,170712,2,1,0,0,0,0,0,0,0,0,0,0
2002,170713,1,1,0,0,0,0,0,0,0,0,0,0
2002,170713,2,1,0,0,0,0,0,0,0,0,0,0
2002,170714,1,1,8,8,8,8,8,8,8,8,8,8
2002,170714,2,1,0,0,0,0,0,0,0,0,0,0
2002,170715,1,1,0,0,0,0,0,0,0,0,0,0
2002,170715,2,1,0,0,0,0,0,0,0,0,0,0
2002,170716,1,1,24,24,24,24,24,24,24,24,24,24
2002,170717,0,1,22,22,22,22,22,22,22,22,22,22
2002,170717,1,1,0,25,0,0,0,0,0,24,0,0
2002,170718,1,1,0,0,0,0,0,0,0,0,0,0
2002,170718,2,1,0,0,0,0,0,0,0,0,0,0
2002,170719,1,1,0,0,0,0,0,0,0,0,0,15
2002,170719,2,1,0,0,0,0,0,0,0,0,0,0
2002,170720,0,1,0,0,0,0,0,0,0,0,0,0
2002,170720,1,1,2,2,2,2,2,2,2,2,2,2
2002,170721,1,1,26,26,26,26,26,26,26,26,26,26
2002,170721,2,1,0,0,0,0,0,0,0,0,0,0
2002,170722,1,1,0,0,0,0,0,0,0,0,0,0
2002,170723,1,1,24,24,24,24,24,24,24,24,24,24
2002,170724,1,1,0,0,0,0,0,0,0,0,0,0
2002,170725,1,1,2,2,2,2,2,2,2,2,2,2
2002,170725,2,1,0,0,0,0,0,0,0,0,0,0
2002,170726,1,1,0,0,0,0,0,0,0,0,0,0
2002,170727,1,1,0,0,0,0,0,0,0,0,0,0
2002,170728,0,1,0,0,0,0,0,0,0,0,0,0
2002,170728,1,1,0,0,0,0,0,0,0,0,0,0
2002,170729,1,1,25,25,25,25,25,25,25,25,25,25
2002,170730,0,1,0,0,0,0,0,0,0,0,0,0
2002,170730,1,1,0,0,0,0,0,0,0,0,0,11
2002,170731,1,1,0,0,0,0,0,0,0,0,0,0
2002,170731,2,1,0,0,0,0,0,0,0,0,0,0
2002,170732,1,1,22,22,22,22,22,22,22,22,22,22
2002,170733,1,1,0,0,0,0,0,0,0,0,0,0
2002,170733,2,1,0,0,0,0,0,0,0,0,0,0
2002,170734,1,1,15,15,15,15,15,15,15,15,15,15
2002,170735,1,1,0,0,0,0,0,0,0,0,0,0
2002,170735,2,1,0,0,0,0,0,0,0,0,0,0
2002,170736,0,1,0,10,0,0,14,0,8,30,23,0
2002,170736,1,1,0,0,0,0,0,0,0,0,0,0
2002,170737,1,1,11,11,11,11,11,11,11,11,11,11
2002,170738,0,1,0,0,0,0,0,0,0,0,0,0
2002,170738,1,1,0,0,0,0,0,0,0,0,0,0
2002,170739,1,1,0,0,0,0,0,0,0,0,0,0
2002,170739,2,1,0,0,0,0,0,0,0,0,0,0
2002,170740,1,1,15,15,15,15,15,15,15,15,15,15
2002,170741,1,1,0,0,0,0,0,0,0,0,12,0
2002,170741,2,1,0,0,0,0,0,0,0,0,0,0
2002,170742,0,1,0,0,0,0,0,0,0,0,0,0
2002,170742,1,1,0,0,0,0,0,0,0,0,0,0
2002,170743,0,1,0,0,0,0,0,0,0,0,0,0
2002,170743,1,1,0,0,0,0,0,0,0,0,0,0
2002,170744,1,1,28,28,28,28,28,28,28,28,28,28
2002,170745,0,1,0,0,0,0,0,0,0,0,0,0
2002,170745,1,1,0,0,0,0,0,0,0,0,0,0
2002,170746,1,1,12,12,12,12,12,12,12,12,12,12
2002,170746,2,1,0,0,0,0,0,0,0,0,0,0
2002,170747,1,1,0,0,0,0,0,0,0,0,0,0
2002,170747,2,1,0,0,0,0,0,0,0,0,0,0
2002,170747,3,1,0,0,0,0,0,0,0,0,0,0
2002,170748,1,1,8,8,8,8,8,8,8,8,8,8
2002,170749,1,1,17,17,17,17,17,17,17,17,17,17
2002,170750,1,1,28,28,28,28,28,28,28,28,28,28
2002,170751,0,1,0,0,0,0,0,0,0,0,0,0
2002,170751,1,1,11,11,11,11,11,11,11,11,11,11
2002,170752,1,1,0,0,0,0,0,0,0,0,0,0
2002,170753,1,1,0,0,0,0,0,0,0,10,0,26
2002,170753,2,1,6,6,6,6,6,6,6,6,6,6
2002,170754,1,1,0,12,0,0,0,0,0,0,0,0
2002,170754,2,1,0,0,0,0,0,0,0,0,0,0
2002,170755,1,1,17,17,17,17,17,17,17,17,17,17
2002,170756,1,1,39,39,39,39,39,39,39,39,39,39
2002,170757,1,1,0,0,0,0,0,0,0,0,0,0
2002,170758,1,1,27,27,27,27,27,27,27,27,27,27
2002,170759,1,1,0,0,0,0,0,0,0,0,0,0
2002,170759,2,1,0,0,0,0,0,0,0,0,0,0
2002,170760,1,1,0,0,0,0,0,0,0,0,0,0
2002,170760,2,1,0,0,0,0,0,0,0,0,0,0
2002,170761,1,1,0,0,0,0,0,0,0,0,0,0
2002,170762,1,1,18,18,18,18,18,18,18,18,18,18
2002,170763,1,1,0,0,0,0,0,0,0,0,0,0
2002,170764,0,1,0,0,0,0,0,0,0,0,0,0
2002,170764,1,1,0,0,0,0,0,0,0,0,0,0
2002,170766,1,1,17,17,17,17,17,17,17,17,17,17
2002,170767,1,1,24,24,24,24,24,24,24,24,24,24
2002,170768,1,1,24,24,24,24,24,24,24,24,24,24
2002,170769,1,1,10,10,10,10,10,10,10,10,10,10
2002,170769,2,1,0,0,0,0,0,0,0,0,0,0
2002,170770,1,1,11,11,11,11,11,11,11,11,11,11
2002,170771,1,1,0,0,0,0,0,0,0,0,0,0
2002,170771,2,1,0,0,0,0,0,0,0,0,0,0
2002,170772,1,1,0,0,0,0,0,0,0,0,0,0
2002,170773,1,1,18,18,18,18,18,18,18,18,18,18
2002,170774,1,1,20,20,20,20,20,20,20,20,20,20
2002,170775,1,1,0,0,0,0,0,0,0,0,0,0
2002,170775,2,1,0,0,0,0,0,0,0,0,0,0
2002,170776,0,1,0,0,0,0,0,0,0,0,0,0
2002,170776,1,1,0,0,0,0,0,0,0,0,0,0
2002,170777,1,1,0,0,0,0,0,0,0,0,0,0
2002,170777,2,1,0,0,0,0,0,0,0,0,0,11
2002,170779,0,1,15,15,15,15,15,15,15,15,15,15
2002,170779,1,1,0,0,0,0,0,0,0,0,0,0
2002,170780,0,1,0,0,0,0,0,0,0,0,0,0
2002,170780,1,1,0,0,0,0,0,0,0,0,0,0
2002,170781,1,1,0,0,0,0,0,0,0,0,0,0
2002,170782,1,1,0,0,0,0,0,0,0,0,0,0
2002,170782,2,1,0,0,0,0,0,0,0,0,0,0
2002,170783,1,1,0,0,0,0,0,0,0,0,0,0
2002,170783,2,1,0,0,14,0,0,0,0,0,0,0
2002,170784,0,1,0,0,0,0,0,0,0,0,0,0
2002,170784,0,2,0,0,0,0,0,0,0,0,0,0
2002,170784,0,3,0,11,0,0,0,0,17,0,0,0
2002,170784,1,1,0,0,0,0,0,0,0,0,18,0
2002,170785,1,1,23,23,23,23,23,23,23,23,23,23
2002,170785,2,1,0,22,0,0,0,0,0,13,0,0
2002,170786,1,1,0,0,0,0,0,0,0,0,0,0
2002,170786,2,1,22,22,22,22,22,22,22,22,22,22
2002,170786,3,1,12,0,0,15,0,0,17,0,15,10
2002,170787,1,1,19,19,19,19,19,19,19,19,19,19
2002,170788,1,1,22,22,22,22,22,22,22,22,22,22
2002,170789,1,1,29,29,29,29,29,29,29,29,29,29
2002,170790,1,1,16,16,16,16,16,16,16,16,16,16
2002,170791,1,1,0,0,0,0,0,0,0,0,0,0
2002,170791,2,1,0,0,0,0,0,0,0,0,0,0
2002,170792,0,1,0,0,0,0,0,0,0,0,0,0
2002,170792,1,1,0,0,0,0,0,0,12,0,0,0
2002,170793,1,1,0,0,0,0,0,0,0,0,0,0
2002,170794,1,1,15,15,15,15,15,15,15,15,15,15
2002,170794,2,1,0,0,0,0,0,0,0,0,0,0
2002,170795,1,1,25,0,0,0,0,0,0,0,0,0
2002,170795,2,1,0,0,0,0,0,0,0,0,0,0
2002,170796,0,1,34,34,34,34,34,34,34,34,34,34
2002,170796,1,1,0,0,15,0,0,0,0,0,0,0
2002,170797,1,1,0,0,0,0,0,0,0,0,0,0
2002,170798,1,1,0,0,0,0,0,0,0,0,0,0
2002,170799,1,1,0,0,0,0,0,0,0,0,0,0
2002,170799,2,1,0,0,0,0,0,0,0,0,0,0
2002,170800,1,1,0,0,0,0,0,0,0,0,0,0
2002,170801,1,1,17,17,17,17,17,17,17,17,17,17
2002,170801,2,1,0,0,0,0,0,0,0,0,0,0
2002,170802,0,1,0,0,0,0,5,0,0,0,0,0
2002,170802,1,1,0,0,0,0,0,0,0,0,0,0
2002,170803,1,1,0,0,0,0,0,0,0,0,0,0
2002,170803,2,1,0,0,0,0,0,0,0,0,0,0
2002,170804,1,1,0,0,0,0,0,0,0,0,0,0
2002,170804,2,1,0,0,0,0,0,0,0,0,0,0
2002,170805,1,1,13,0,0,0,0,0,0,0,0,0
2002,170806,1,1,0,0,0,0,0,0,0,0,5,0
2002,170806,2,1,0,0,0,0,0,0,0,0,0,0
2002,170807,1,1,21,21,21,21,21,21,21,21,21,21
2002,170808,1,1,0,0,0,0,0,0,0,0,0,0
2002,170808,2,1,0,0,0,0,0,0,0,0,0,12
2002,170809,1,1,0,0,0,0,0,0,0,0,0,0
2002,170809,2,1,0,0,0,0,0,0,0,0,0,0
2002,170810,1,1,22,0,0,6,0,0,0,0,0,10
2002,170811,1,1,7,7,7,7,7,7,7,7,7,7
2002,170811,2,1,0,0,0,0,0,0,9,0,0,0
2002,170812,0,1,0,0,0,0,0,0,0,0,0,0
2002,170812,1,1,7,9,0,0,20,0,0,0,0,0
2002,170813,1,1,1,1,1,1,1,1,1,1,1,1
2002,170813,2,1,0,0,0,0,0,0,0,0,0,0
2002,170813,3,1,0,0,0,0,0,0,0,0,0,0
2002,170813,4,1,0,0,0,0,16,20,4,9,0,23
2002,170813,5,1,0,0,0,0,0,0,0,0,0,0
2002,170814,1,1,0,0,0,0,0,0,0,0,0,0
2002,170815,1,1,0,0,0,0,0,0,0,0,0,0
2002,170816,0,1,45,0,0,22,0,29,0,0,0,21
2002,170816,1,1,0,0,0,0,0,24,0,0,0,0
2002,170817,1,1,5,5,5,5,5,5,5,5,5,5
2002,170818,1,1,31,31,31,31,31,31,31,31,31,31
2002,170819,1,1,0,20,0,0,0,0,0,0,0,0
2002,170820,1,1,0,0,0,0,0,0,0,0,0,0
2002,170820,2,1,13,13,13,13,13,13,13,13,13,13
2002,170821,1,1,0,0,0,0,0,0,0,0,0,0
2002,170821,2,1,0,0,0,0,0,0,0,0,0,0
2002,170822,1,1,0,0,0,0,0,0,0,0,0,0
2002,170822,2,1,0,0,0,0,0,0,0,0,0,0
2002,170822,3,1,0,0,0,0,0,0,0,0,0,0
2002,170823,1,1,0,0,0,0,0,0,0,0,0,0
2002,170823,2,1,0,0,0,0,0,0,0,0,0,0
2002,170824,1,1,14,14,14,14,14,14,14,14,14,14
2002,170825,0,1,14,14,14,14,14,14,14,14,14,14
2002,170825,1,1,0,0,0,0,0,0,0,0,0,0
2002,170826,1,1,0,0,0,0,0,0,11,0,0,0
2002,170826,2,1,0,0,0,0,0,0,0,0,0,0
2002,170826,3,1,0,0,0,0,0,0,0,0,0,0
2002,170827,0,1,0,0,0,0,0,0,0,0,0,0
2002,170827,1,1,0,0,0,0,0,50,0,0,0,0
2002,170828,1,1,23,23,23,23,23,23,23,23,23,23
2002,170829,1,1,0,0,0,0,0,0,0,0,0,0
2002,170829,2,1,0,0,0,0,0,0,0,0,0,4
2002,170830,1,1,0,0,0,0,0,0,0,0,0,0
2002,170831,1,1,0,0,0,0,0,0,0,0,0,0
2002,170831,2,1,4,4,4,4,4,4,4,4,4,4
2002,170832,1,1,16,16,16,16,16,16,16,16,16,16
2002,170833,0,1,34,34,34,34,34,34,34,34,34,34
2002,170833,1,1,0,0,0,0,0,0,0,0,14,0
2002,170833,2,1,0,0,18,0,0,0,28,8,0,0
2002,170834,1,1,4,4,4,4,4,4,4,4,4,4
2002,170835,0,1,23,23,23,23,23,23,23,23,23,23
2002,170835,1,1,0,0,0,0,0,0,0,11,0,0
2002,170836,0,1,12,12,12,12,12,12,12,12,12,12
2002,170836,1,1,0,0,0,0,0,0,0,0,0,0
2002,170837,1,1,0,0,0,0,0,0,0,0,0,0
2002,170838,1,1,4,4,4,4,4,4,4,4,4,4
2002,170838,2,1,0,0,0,0,0,0,0,0,0,0
2002,170839,1,1,19,19,19,19,19,19,19,19,19,19
2002,170840,1,1,0,0,0,0,0,0,0,0,0,0
2002,170840,2,1,0,0,0,0,0,0,0,0,0,0
2002,170841,0,1,0,11,0,0,0,0,14,25,0,0
2002,170841,1,1,0,0,0,0,0,0,0,0,0,0
2002,170842,1,1,1,1,1,1,1,1,1,1,1,1
2002,170842,2,1,0,0,0,0,0,0,0,0,0,0
2002,170843,1,1,0,0,0,0,0,0,0,0,0,0
2002,170843,2,1,0,0,0,0,0,0,0,0,0,0
2002,170844,0,1,0,0,0,0,0,0,0,0,0,0
2002,170844,1,1,0,0,0,0,0,0,0,0,0,0
2002,170845,1,1,0,0,0,0,5,14,12,8,8,0
2002,170845,2,1,0,0,0,0,0,0,0,0,10,0
2002,170845,3,1,0,0,0,0,0,0,0,0,0,0
2002,170846,1,1,0,0,0,0,0,0,0,0,0,0
2002,170846,2,1,0,0,0,0,0,0,0,0,0,0
2002,170847,0,1,0,0,0,0,0,0,0,0,0,0
2002,170847,1,1,0,0,0,0,0,0,0,0,0,0
2002,170847,2,1,0,0,0,0,0,0,30,0,0,0
2002,170848,1,1,35,35,35,35,35,35,35,35,35,35
2002,170848,2,1,0,0,0,0,0,0,0,0,0,0
2002,170849,1,1,0,0,0,0,0,0,0,0,0,0
2002,170850,1,1,37,37,37,37,37,37,37,37,37,37
2002,170851,1,1,14,14,14,14,14,14,14,14,14,14
2002,170852,1,1,15,15,15,15,15,15,15,15,15,15
2002,170852,2,1,0,0,0,0,0,0,0,0,34,0
2002,170853,1,1,0,0,0,0,0,0,0,0,0,0
2002,170853,2,1,0,3,0,0,0,0,0,0,0,0
2002,170854,0,1,0,0,0,17,0,8,0,30,0,0
2002,170855,1,1,20,20,20,20,20,20,20,20,20,20
2002,170856,1,1,20,20,20,20,20,20,20,20,20,20
2002,170857,1,1,16,16,16,16,16,16,16,16,16,16
2002,170858,1,1,20,20,20,20,20,20,20,20,20,20
2002,170859,1,1,21,21,21,21,21,21,21,21,21,21
2002,170860,1,1,0,0,0,0,0,0,0,0,0,0
2002,170861,1,1,0,0,0,0,0,0,0,0,0,0
2002,170861,2,1,4,4,4,4,4,4,4,4,4,4
2002,170862,1,1,18,18,18,18,18,18,18,18,18,18
2002,170863,0,1,0,0,0,0,0,0,0,0,0,0
2002,170863,1,1,0,0,0,0,0,0,0,0,0,0
2002,170864,1,1,0,0,0,0,0,0,0,0,0,0
2002,170864,2,1,0,0,0,0,0,0,0,0,0,0