YEAR,ST_CASE,veh_no,per_no,P1,P2,P3,P4,P5,P6,P7,P8,P9,P10
2002,170865,0,1,0,0,0,0,0,0,0,0,0,0
2002,170865,0,2,0,0,0,0,0,0,0,0,0,0
2002,170865,1,1,0,0,0,0,0,0,0,0,0,0
2002,170866,1,1,18,18,18,18,18,18,18,18,18,18
2002,170866,2,1,0,0,0,0,0,0,0,0,0,0
2002,170867,1,1,0,0,0,0,0,0,0,0,0,0
2002,170867,2,1,0,0,0,0,0,0,11,0,0,0
2002,170868,1,1,0,0,0,0,0,0,0,0,0,0
2002,170869,1,1,19,19,19,19,19,19,19,19,19,19
2002,170870,1,1,0,0,0,0,0,0,0,0,0,14
2002,170870,2,1,0,0,0,0,0,0,0,0,0,0
2002,170870,3,1,0,0,0,0,0,0,0,0,0,0
2002,170870,4,1,0,0,0,0,0,0,0,0,0,0
2002,170870,5,1,0,0,0,0,0,0,0,0,0,0
2002,170871,0,1,0,0,0,0,0,0,0,0,0,0
2002,170871,1,1,0,0,0,0,0,0,0,10,0,0
2002,170872,1,1,0,0,0,0,0,0,0,0,0,0
2002,170873,1,1,0,0,0,0,0,0,0,0,0,0
2002,170873,2,1,0,0,0,0,0,0,0,8,0,0
2002,170874,1,1,0,0,0,0,0,0,0,0,0,0
2002,170874,2,1,0,0,0,0,0,0,0,29,0,0
2002,170875,1,1,0,0,0,0,0,0,0,0,0,0
2002,170876,1,1,0,0,0,0,0,0,0,0,0,0
2002,170876,2,1,25,25,25,25,25,25,25,25,25,25
2002,170876,3,1,0,0,0,0,0,0,0,0,0,0
2002,170877,1,1,19,19,19,19,19,19,19,19,19,19
2002,170877,2,1,0,0,0,0,0,0,0,0,0,0
2002,170878,1,1,0,0,0,0,0,0,0,0,0,0
2002,170878,2,1,0,0,0,0,0,0,0,0,0,0
2002,170879,0,1,11,11,11,11,11,11,11,11,11,11
2002,170879,1,1,0,0,0,5,0,0,0,0,0,0
2002,170880,1,1,0,0,0,0,0,0,0,0,0,0
2002,170880,2,1,0,0,0,0,0,0,4,0,0,0
2002,170881,0,1,0,0,0,0,0,0,0,0,0,0
2002,170881,1,1,0,7,0,0,0,0,0,0,11,0
2002,170882,0,1,0,0,0,0,0,0,0,0,0,0
2002,170882,1,1,0,0,0,0,0,0,0,0,0,0
2002,170883,1,1,0,0,0,0,0,0,0,0,0,0
2002,170883,2,1,0,0,0,0,0,0,0,0,0,0
2002,170883,3,1,0,0,0,0,0,0,0,0,0,0
2002,170884,1,1,0,0,0,0,0,0,0,0,0,0
2002,170884,2,1,0,0,0,0,0,0,0,0,0,0
2002,170885,1,1,2,2,2,2,2,2,2,2,2,2
2002,170886,1,1,0,0,0,0,0,0,0,0,0,0
2002,170886,2,1,0,0,0,0,0,0,0,0,0,0
2002,170886,3,1,0,0,0,0,0,2,0,0,0,0
2002,170887,1,1,0,0,0,0,0,0,0,0,0,0
2002,170887,2,1,0,0,0,0,0,0,0,0,0,0
2002,170888,1,1,0,0,0,0,0,0,0,0,0,0
2002,170888,2,1,0,0,0,0,0,0,0,0,0,0
2002,170888,3,1,0,0,0,0,0,0,0,0,0,0
2002,170889,1,1,0,0,0,0,0,0,0,0,0,0
2002,170890,0,1,0,0,0,0,0,0,0,0,0,0
2002,170890,1,1,0,0,0,0,0,0,0,0,0,0
2002,170891,1,1,0,0,11,9,6,47,0,0,16,0
2002,170892,1,1,0,0,0,0,0,0,0,0,0,0
2002,170892,2,1,0,0,0,0,0,0,8,0,0,0
2002,170893,1,1,0,0,0,0,0,14,0,0,0,0
2002,170894,1,1,7,7,7,7,7,7,7,7,7,7
2002,170895,1,1,13,13,13,13,13,13,13,13,13,13
2002,170896,0,1,0,0,0,0,0,0,0,0,0,0
2002,170896,0,2,0,18,7,0,0,0,0,16,0,0
2002,170896,1,1,0,0,0,0,0,0,0,0,0,0
2002,170896,2,1,0,0,0,0,0,0,0,0,0,0
2002,170898,1,1,0,0,0,0,0,0,0,0,0,0
2002,170899,1,1,0,0,0,0,0,0,0,0,0,0
2002,170899,2,1,0,0,0,0,0,0,0,0,0,0
2002,170900,1,1,0,0,23,31,22,16,31,10,11,0
2002,170901,1,1,7,7,7,7,7,7,7,7,7,7
2002,170902,1,1,14,14,14,14,14,14,14,14,14,14
2002,170903,1,1,5,5,5,5,5,5,5,5,5,5
2002,170903,2,1,0,0,0,0,0,0,0,0,0,0
2002,170904,1,1,17,17,17,17,17,17,17,17,17,17
2002,170904,2,1,0,0,0,0,0,0,0,0,0,0
2002,170905,0,1,0,0,0,0,0,0,0,0,0,0
2002,170905,1,1,0,0,0,0,0,0,0,0,0,0
2002,170906,1,1,8,8,8,8,8,8,8,8,8,8
2002,170906,2,1,0,0,0,0,0,0,0,0,0,0
2002,170907,1,1,0,0,0,0,0,0,0,0,0,0
2002,170908,0,1,21,21,21,21,21,21,21,21,21,21
2002,170908,1,1,0,0,0,0,0,0,0,0,0,0
2002,170909,1,1,20,0,9,0,8,26,47,0,0,13
2002,170909,2,1,0,0,0,6,0,0,0,0,14,0
2002,170910,1,1,0,0,0,0,0,0,0,0,0,0
2002,170910,2,1,0,0,0,0,0,0,0,0,0,0
2002,170911,1,1,5,5,5,5,5,5,5,5,5,5
2002,170912,1,1,11,11,11,11,11,11,11,11,11,11
2002,170912,2,1,0,0,0,0,0,0,0,0,0,0
2002,170912,3,1,0,0,0,0,0,0,0,11,0,0
2002,170913,1,1,18,18,18,18,18,18,18,18,18,18
2002,170913,2,1,19,0,0,20,12,12,15,15,0,0
2002,170914,1,1,21,21,21,21,21,21,21,21,21,21
2002,170915,0,1,0,0,0,0,0,0,0,0,0,0
2002,170915,1,1,0,14,0,0,0,0,0,0,0,0
2002,170916,1,1,0,0,0,0,0,0,0,0,0,0
2002,170917,0,1,0,0,0,0,0,0,0,0,0,0
2002,170917,1,1,0,0,0,0,0,0,0,0,0,0
2002,170918,0,1,0,0,0,0,0,0,0,0,0,0
2002,170918,1,1,0,0,0,0,0,0,0,0,0,0
2002,170919,1,1,0,0,0,0,0,0,0,0,0,0
2002,170919,2,1,0,0,0,0,0,0,0,0,0,0
2002,170919,3,1,0,0,0,0,0,0,0,0,0,0
2002,170919,4,1,0,0,0,0,0,0,0,0,0,0
2002,170919,5,1,0,0,0,0,0,0,0,0,0,0
2002,170920,0,1,2,2,2,2,2,2,2,2,2,2
2002,170920,0,2,3,3,3,3,3,3,3,3,3,3
2002,170920,1,1,0,0,0,0,0,0,0,0,0,0
2002,170921,1,1,20,20,20,20,20,20,20,20,20,20
2002,170921,2,1,9,9,9,9,9,9,9,9,9,9
2002,170922,1,1,12,12,12,12,12,12,12,12,12,12
2002,170923,1,1,18,18,18,18,18,18,18,18,18,18
2002,170924,1,1,0,0,0,0,0,0,0,0,0,0
2002,170924,2,1,0,0,0,0,0,0,0,12,0,0
2002,170925,0,1,0,0,0,0,0,0,0,0,0,0
2002,170925,0,2,0,0,0,0,0,0,0,0,0,0
2002,170925,1,1,0,0,0,0,0,0,0,0,0,0
2002,170926,1,1,0,0,0,0,0,0,0,0,0,0
2002,170926,2,1,0,0,0,0,0,0,0,0,0,0
2002,170927,1,1,13,13,13,13,13,13,13,13,13,13
2002,170927,2,1,0,0,0,0,0,0,0,0,0,0
2002,170928,1,1,0,0,0,0,0,0,0,0,0,0
2002,170929,1,1,15,15,15,15,15,15,15,15,15,15
2002,170931,1,1,10,10,10,10,10,10,10,10,10,10
2002,170931,2,1,20,20,20,20,20,20,20,20,20,20
2002,170932,0,1,0,0,0,0,0,0,0,0,0,0
2002,170932,1,1,0,0,0,0,0,0,0,0,0,0
2002,170933,1,1,0,0,0,0,0,0,0,0,0,0
2002,170934,1,1,16,16,16,16,16,16,16,16,16,16
2002,170935,0,1,14,14,14,14,14,14,14,14,14,14
2002,170935,1,1,0,0,0,0,0,0,0,0,0,0
2002,170936,1,1,0,18,21,15,4,9,20,18,0,23
2002,170936,2,1,0,0,0,0,0,0,0,0,0,0
2002,170937,1,1,0,0,0,0,0,0,0,0,0,0
2002,170938,1,1,0,0,0,0,0,0,0,0,0,0
2002,170938,2,1,0,0,0,0,0,0,0,0,0,0
2002,170938,3,1,0,0,0,0,0,0,0,0,0,0
2002,170938,4,1,16,0,0,0,0,0,0,0,0,0
2002,170938,5,1,0,4,0,0,0,0,0,0,0,0
2002,170939,0,1,2,2,2,2,2,2,2,2,2,2
2002,170939,0,2,14,0,0,16,0,0,25,10,29,29
2002,170939,0,3,0,0,41,25,19,14,23,16,18,31
2002,170939,1,1,23,23,23,23,23,23,23,23,23,23
2002,170940,1,1,0,0,0,0,0,0,0,0,0,0
2002,170941,1,1,0,0,0,0,4,23,0,13,0,0
2002,170942,0,1,0,0,0,0,0,0,0,0,0,0
2002,170942,1,1,0,0,0,0,0,0,12,0,0,0
2002,170943,1,1,0,0,0,0,0,0,0,0,0,0
2002,170944,1,1,0,0,0,0,0,0,0,0,0,0
2002,170945,0,1,0,0,0,0,0,0,0,0,0,0
2002,170945,1,1,0,0,0,0,0,0,0,0,0,0
2002,170946,0,1,0,0,0,0,0,0,0,0,0,0
2002,170946,1,1,0,0,0,0,0,0,0,0,0,0
2002,170947,1,1,0,0,0,0,0,0,0,0,0,0
2002,170947,2,1,0,0,0,0,0,0,0,0,0,0
2002,170948,1,1,0,0,0,0,0,0,0,0,0,0
2002,170948,2,1,0,0,0,0,0,0,0,0,0,0
2002,170949,0,1,28,28,28,28,28,28,28,28,28,28
2002,170949,1,1,0,0,0,0,0,0,16,0,0,0
2002,170950,1,1,0,0,0,0,0,0,0,0,0,0
2002,170951,0,1,0,0,0,0,0,0,0,0,0,0
2002,170951,1,1,0,0,0,0,0,0,0,0,0,0
2002,170952,0,1,23,23,23,23,23,23,23,23,23,23
2002,170952,1,1,0,0,0,0,0,0,0,0,0,0
2002,170953,1,1,0,0,0,0,0,0,0,0,0,0
2002,170953,2,1,0,0,0,0,0,0,0,0,0,0
2002,170954,0,1,0,0,0,0,0,0,0,0,0,0
2002,170954,1,1,0,0,0,0,0,0,0,0,0,0
2002,170955,0,1,23,21,0,9,0,19,0,16,14,0
2002,170955,1,1,0,0,0,0,0,0,14,0,0,0
2002,170956,1,1,0,0,0,0,0,0,0,0,0,0
2002,170956,2,1,0,0,0,0,0,0,0,0,0,0
2002,170957,1,1,0,0,0,0,0,0,0,0,0,0
2002,170958,1,1,25,25,25,25,25,25,25,25,25,25
2002,170959,1,1,0,0,0,0,0,0,0,0,0,0
2002,170959,2,1,0,0,0,0,0,0,11,0,0,0
2002,170960,1,1,7,7,7,7,7,7,7,7,7,7
2002,170961,1,1,0,0,0,0,0,0,0,0,0,0
2002,170961,2,1,13,13,13,13,13,13,13,13,13,13
2002,170961,3,1,0,0,0,0,0,0,0,0,0,0
2002,170962,0,1,0,0,0,0,0,0,0,0,0,0
2002,170962,1,1,14,0,28,10,0,0,0,0,0,0
2002,170963,1,1,5,5,5,5,5,5,5,5,5,5
2002,170964,1,1,16,16,16,16,16,16,16,16,16,16
2002,170965,1,1,13,13,13,13,13,13,13,13,13,13
2002,170966,0,1,17,17,17,17,17,17,17,17,17,17
2002,170966,1,1,0,0,0,0,0,0,0,0,0,25
2002,170967,1,1,9,9,9,9,9,9,9,9,9,9
2002,170967,2,1,0,0,0,0,0,0,0,0,0,0
2002,170968,1,1,0,0,0,0,0,0,0,0,0,0
2002,170968,2,1,0,0,0,0,0,0,0,0,0,0
2002,170969,2,1,0,0,0,0,0,0,0,0,0,15
2002,170970,0,1,0,10,16,14,25,8,0,0,0,13
2002,170970,1,1,12,12,12,12,12,12,12,12,12,12
2002,170971,1,1,8,8,8,8,8,8,8,8,8,8
2002,170971,2,1,20,0,18,0,0,0,0,0,0,0
2002,170971,3,1,0,9,0,10,0,0,0,16,0,0
2002,170972,0,1,0,0,0,0,0,0,0,0,0,0
2002,170972,1,1,0,0,0,0,0,0,0,0,0,0
2002,170973,1,1,1,1,1,1,1,1,1,1,1,1
2002,170973,2,1,0,0,0,0,0,0,0,0,0,0
2002,170974,0,1,0,0,0,0,0,0,0,0,0,0
2002,170974,1,1,0,0,0,0,0,0,0,0,0,0
2002,170975,1,2,0,0,0,0,0,0,0,0,0,0
2002,170976,0,1,0,0,0,0,0,0,0,0,0,0
2002,170976,1,1,0,0,0,0,0,0,0,0,0,0
2002,170977,1,1,20,20,20,20,20,20,20,20,20,20
2002,170978,1,1,17,17,17,17,17,17,17,17,17,17
2002,170979,1,1,16,16,16,16,16,16,16,16,16,16
2002,170979,2,1,0,0,0,0,0,0,0,0,0,0
2002,170980,1,1,0,0,0,0,0,0,0,0,0,0
2002,170980,2,1,0,0,0,0,0,0,0,0,0,0
2002,170981,1,1,14,14,14,14,14,14,14,14,14,14
2002,170982,1,1,0,0,0,0,0,0,0,0,0,0
2002,170982,2,1,10,0,14,0,0,21,0,0,0,0
2002,170982,3,1,0,0,0,0,0,0,0,0,0,0
2002,170983,1,1,0,0,0,0,0,0,0,0,0,0
2002,170983,2,1,0,0,0,0,0,0,0,0,0,0
2002,170984,0,1,0,0,0,0,0,0,0,0,0,0
2002,170984,1,1,17,17,17,17,17,17,17,17,17,17
2002,170985,1,1,0,0,8,0,0,0,0,0,0,0
2002,170985,2,1,0,0,0,0,0,0,0,0,0,0
2002,170986,1,1,14,14,14,14,14,14,14,14,14,14
2002,170987,1,1,0,0,0,0,0,0,0,0,0,0
2002,170987,2,1,0,0,0,0,0,0,0,0,0,0
2002,170988,1,1,0,0,0,0,0,0,0,0,0,0
2002,170989,1,1,0,0,0,0,0,0,0,0,0,0
2002,170989,2,1,0,0,0,0,0,0,0,0,0,0
2002,170990,1,1,10,10,10,10,10,10,10,10,10,10
2002,170991,1,1,15,0,0,5,0,0,0,17,0,0
2002,170992,1,1,14,14,14,14,14,14,14,14,14,14
2002,170993,1,1,1,1,1,1,1,1,1,1,1,1
2002,170993,2,1,18,18,18,18,18,18,18,18,18,18
2002,170994,1,1,0,0,0,0,0,0,0,0,0,0
2002,170995,1,1,0,0,0,0,0,0,0,0,0,0
2002,170995,2,1,0,0,0,0,0,0,0,0,0,0
2002,170996,1,1,0,0,0,0,0,0,0,0,0,0
2002,170997,1,1,24,24,24,24,24,24,24,24,24,24
2002,170998,1,1,0,0,0,0,0,0,0,0,0,0
2002,170998,2,1,22,0,0,0,0,0,0,0,0,0
2002,170999,1,1,0,0,0,0,0,0,0,0,0,0
2002,171000,1,1,3,15,15,10,15,8,9,4,15,15
2002,171001,1,1,0,0,0,0,0,0,0,0,0,0
2002,171001,2,1,0,0,0,0,0,0,0,0,0,0
2002,171002,1,1,8,8,8,8,8,8,8,8,8,8
2002,171002,2,1,0,0,0,0,0,0,0,0,0,0
2002,171003,1,1,26,26,26,26,26,26,26,26,26,26
2002,171003,2,1,0,0,0,0,0,0,0,0,0,0
2002,171004,0,1,0,0,0,0,0,0,0,0,0,0
2002,171004,1,1,0,0,0,0,0,0,0,0,0,0
2002,171005,1,1,4,4,4,4,4,4,4,4,4,4
2002,171006,1,1,0,0,0,0,0,0,0,0,0,0
2002,171006,2,1,0,0,0,0,0,0,0,0,0,0
2002,171006,3,1,0,0,0,0,0,0,0,0,0,0
2002,171007,1,1,0,0,0,0,0,0,0,0,0,0
2002,171008,1,1,0,0,0,0,0,0,0,0,0,0
2002,171009,1,1,0,0,0,0,0,0,0,0,0,0
2002,171010,0,1,0,0,0,0,0,0,0,0,0,0
2002,171010,1,1,0,0,0,0,0,0,0,0,0,0
2002,171011,0,1,0,0,0,0,0,0,0,0,0,0
2002,171011,1,1,0,0,0,0,0,0,0,0,0,0
2002,171012,0,1,33,33,33,33,33,33,33,33,33,33
2002,171012,1,1,0,0,0,0,0,0,0,0,0,0
2002,171013,1,1,0,0,0,0,0,0,0,0,0,0
2002,171013,2,1,0,0,0,0,0,0,0,0,0,0
2002,171014,1,1,0,0,0,0,0,0,0,0,0,0
2002,171015,1,1,21,21,21,21,21,21,21,21,21,21
2002,171016,0,1,2,2,2,2,2,2,2,2,2,2
2002,171016,1,1,12,12,12,12,12,12,12,12,12,12
2002,171017,1,1,0,0,0,0,0,0,0,0,0,0
2002,171018,1,1,0,0,0,0,0,0,0,0,0,0
2002,171018,2,1,0,0,0,0,0,0,0,0,0,0
2002,171019,0,1,24,24,24,24,24,24,24,24,24,24
2002,171019,1,1,1,1,1,1,1,1,1,1,1,1
2002,171020,1,1,0,0,0,0,0,0,0,0,0,0
2002,171021,1,1,21,21,21,21,21,21,21,21,21,21
2002,171021,2,1,0,0,0,0,0,0,0,0,0,0
2002,171022,1,1,3,3,3,3,3,3,3,3,3,3
2002,171022,2,1,6,0,0,0,0,15,0,0,0,16
2002,171023,1,1,0,0,0,0,0,0,0,0,0,0
2002,171023,2,1,7,7,7,7,7,7,7,7,7,7
2002,171024,0,1,0,0,0,0,0,0,0,0,0,0
2002,171024,1,1,0,0,0,0,0,0,0,0,0,0
2002,171025,1,1,0,0,0,0,0,0,0,0,0,0
2002,171026,1,1,0,0,0,0,0,0,0,0,0,0
2002,171027,1,1,7,7,7,7,7,7,7,7,7,7
2002,171027,2,1,0,0,0,0,0,0,0,0,0,0
2002,171028,1,1,0,0,0,0,0,0,0,0,0,0
2002,171028,2,1,0,0,0,0,0,0,0,0,0,0
2002,171029,1,1,0,0,0,0,6,0,0,0,0,0
2002,171029,2,1,0,0,0,0,0,0,0,0,0,0
2002,171030,1,1,0,0,0,0,0,0,0,0,0,0
2002,171030,2,1,0,0,0,0,0,0,0,0,0,0
2002,171031,1,1,0,0,0,0,0,0,0,0,0,0
2002,171032,1,1,14,14,14,14,14,14,14,14,14,14
2002,171033,1,1,0,0,0,0,0,0,0,0,0,0
2002,171033,2,1,0,0,0,0,0,0,0,0,0,0
2002,171034,1,1,21,21,21,21,21,21,21,21,21,21
2002,171035,1,1,2,2,2,2,2,2,2,2,2,2
2002,171036,1,1,25,25,25,25,25,25,25,25,25,25
2002,171037,1,1,12,12,12,12,12,12,12,12,12,12
2002,171038,1,1,11,11,11,11,11,11,11,11,11,11
2002,171039,1,1,0,0,0,0,0,0,0,0,0,0
2002,171039,2,1,0,0,0,0,0,0,0,0,0,0
2002,171040,1,1,0,0,0,0,0,0,0,0,0,0
2002,171040,2,1,0,0,0,0,0,0,0,0,0,0
2002,171040,3,1,0,0,0,0,0,0,0,0,0,0
2002,171041,0,1,19,19,19,19,19,19,19,19,19,19
2002,171041,1,1,12,12,12,12,12,12,12,12,12,12
2002,171042,1,1,23,23,23,23,23,23,23,23,23,23
2002,171042,2,1,0,0,0,0,0,0,0,0,0,0
2002,171043,1,1,0,0,0,0,0,0,0,0,0,0
2002,171044,1,1,14,14,14,14,14,14,14,14,14,14
2002,171045,1,1,0,0,0,0,0,0,0,0,0,0
2002,171045,2,1,0,0,0,0,0,0,0,0,0,0
2002,171046,0,1,0,0,0,0,0,0,0,0,0,0
2002,171046,1,1,0,0,0,0,0,0,0,0,0,0
2002,171047,1,1,3,3,3,3,3,3,3,3,3,3
2002,171048,1,1,0,15,17,11,0,16,0,15,0,0
2002,171049,0,1,0,0,0,0,0,0,0,0,0,0
2002,171049,1,1,0,0,0,0,0,0,0,0,0,0
2002,171050,1,1,0,0,0,0,0,0,0,0,0,0
2002,171050,2,1,0,0,0,0,0,0,0,0,0,0
2002,171051,1,1,0,0,0,0,0,0,0,0,0,0
2002,171051,2,1,0,0,0,0,0,0,0,0,0,0
2002,171052,1,1,0,0,0,0,11,0,0,0,0,0
2002,171052,2,1,0,0,0,0,0,0,0,0,0,0
2002,171052,3,1,0,0,0,0,0,0,0,0,0,0
2002,171052,4,1,0,0,0,0,0,0,10,0,0,0
2002,171053,1,1,0,0,0,0,0,0,0,0,0,0
2002,171054,0,1,0,0,0,0,0,0,0,0,0,0
2002,171054,1,1,0,0,0,0,0,0,0,0,0,0
2002,171055,1,1,21,21,21,21,21,21,21,21,21,21
2002,171056,1,1,16,3,8,12,21,18,8,16,8,2
2002,171057,1,1,0,0,0,0,0,0,0,0,0,0
2002,171058,1,1,17,17,17,17,17,17,17,17,17,17
2002,171059,1,1,14,14,14,14,14,14,14,14,14,14
2002,171059,2,1,0,0,0,0,0,0,0,0,0,0
2002,171060,1,1,12,12,12,12,12,12,12,12,12,12
2002,171060,2,1,0,0,0,0,0,0,0,0,0,0
2002,171061,1,1,0,0,0,6,9,0,12,17,14,30
2002,171061,2,1,0,0,0,0,0,0,0,0,0,0
2002,171062,1,1,16,16,16,16,16,16,16,16,16,16
2002,171063,1,1,13,13,13,13,13,13,13,13,13,13
2002,171064,0,1,9,9,9,9,9,9,9,9,9,9
2002,171064,1,1,0,0,0,0,0,0,0,0,0,0
2002,171065,1,1,11,11,11,11,11,11,11,11,11,11
2002,171066,1,1,0,0,22,0,0,0,0,0,0,0
2002,171066,2,1,0,0,0,0,0,0,0,0,0,0
2002,171067,1,1,0,0,0,0,0,0,0,0,0,0
2002,171067,2,1,0,0,0,0,0,0,0,0,0,0
2002,171068,1,1,20,20,20,20,20,20,20,20,20,20
2002,171069,1,1,0,0,0,0,0,0,0,0,0,0
2002,171069,2,1,0,0,0,0,0,0,0,0,0,0
2002,171070,1,1,0,0,0,0,0,0,0,0,0,0
2002,171071,1,1,24,24,24,24,24,24,24,24,24,24
2002,171072,0,1,0,0,0,0,0,0,0,0,0,0
2002,171072,1,1,0,0,0,0,0,0,0,0,0,0
2002,171073,1,1,0,0,0,0,0,0,0,0,0,0
2002,171073,2,1,0,0,0,0,0,0,0,0,0,0
2002,171074,1,1,0,0,0,0,0,0,0,0,0,0
2002,171075,1,1,21,21,21,21,21,21,21,21,21,21
2002,171076,0,1,0,0,0,0,0,0,0,0,0,0
2002,171076,1,1,0,0,0,0,0,0,0,0,0,0
2002,171077,1,1,0,0,0,0,0,0,0,0,0,0
2002,171078,1,1,0,0,0,0,0,0,0,0,0,0
2002,171078,2,1,0,0,0,0,0,0,0,0,0,0
2002,171079,1,1,0,0,0,0,0,0,0,0,0,0
2002,171079,2,1,0,0,0,0,0,0,0,0,0,0
2002,171080,0,1,0,0,0,0,0,0,0,0,0,0
2002,171080,1,1,0,0,0,0,0,0,0,0,0,0
2002,171081,1,1,1,1,1,1,1,1,1,1,1,1
2002,171082,1,1,14,14,14,14,14,14,14,14,14,14
2002,171082,2,1,0,10,0,0,0,0,6,0,0,0
2002,171083,1,1,0,0,0,0,0,0,0,0,0,0
2002,171084,0,1,0,0,0,0,0,0,0,0,0,0
2002,171084,0,2,0,17,19,0,17,0,0,0,13,10
2002,171084,0,3,0,11,21,26,19,0,22,0,12,27
2002,171084,1,1,23,23,23,23,23,23,23,23,23,23
2002,171085,1,1,10,0,0,7,0,0,0,0,0,0
2002,171085,2,1,0,0,15,0,0,0,24,0,0,0
2002,171086,1,1,16,16,16,16,16,16,16,16,16,16
2002,171087,1,1,0,0,0,0,0,0,0,0,0,0
2002,171087,2,1,0,0,0,0,0,0,0,0,0,0
2002,171088,1,1,0,0,0,0,19,0,0,12,9,0
2002,171089,1,1,0,0,0,0,0,0,0,0,0,0
2002,171089,2,1,0,0,0,0,0,0,0,0,0,0
2002,171090,1,1,14,14,14,14,14,14,14,14,14,14
2002,171091,1,1,19,19,19,19,19,19,19,19,19,19
2002,171092,1,1,0,0,0,0,0,0,0,0,0,0
2002,171093,1,1,0,0,0,0,0,0,0,0,0,0
2002,171094,1,1,8,8,8,8,8,8,8,8,8,8
2002,171095,1,1,0,0,0,0,0,0,0,0,0,0
2002,171095,2,1,0,0,0,0,0,0,0,0,0,0
2002,171096,1,1,0,0,0,0,0,0,0,0,0,0
2002,171096,2,1,0,0,0,0,0,0,0,0,0,0
2002,171097,1,1,0,0,0,0,0,0,0,0,0,0
2002,171098,1,1,22,22,22,22,22,22,22,22,22,22
2002,171099,1,1,0,0,0,0,0,0,0,0,0,0
2002,171099,2,1,0,0,0,0,0,0,0,0,0,0
2002,171100,1,1,0,0,0,0,0,0,0,0,0,0
2002,171100,2,1,14,0,0,0,0,0,0,0,0,0
2002,171101,1,1,0,0,0,0,0,0,0,0,0,0
2002,171101,2,1,0,0,0,0,0,0,0,0,0,0
2002,171102,1,1,24,24,24,24,24,24,24,24,24,24
2002,171103,1,1,0,0,0,0,0,0,0,0,0,0
2002,171103,2,1,0,0,0,0,0,0,0,0,0,0
2002,171104,1,1,0,0,0,0,0,0,0,0,0,0
2002,171105,1,1,25,25,25,25,25,25,25,25,25,25
2002,171105,2,1,3,3,3,3,3,3,3,3,3,3
2002,171106,1,1,0,0,0,0,0,0,0,0,0,0
2002,171106,2,1,7,7,7,7,7,7,7,7,7,7
2002,171106,3,1,0,0,0,0,0,0,0,0,0,0
2002,171107,0,1,9,9,9,9,9,9,9,9,9,9
2002,171107,1,1,0,0,0,0,0,0,9,0,0,0
2002,171108,1,1,23,23,23,23,23,23,23,23,23,23
2002,171109,1,1,0,0,0,0,0,0,0,0,0,0
2002,171109,2,1,0,0,0,26,0,0,0,0,0,0
2002,171109,3,1,0,0,0,0,0,0,0,0,0,0
2002,171109,4,1,0,0,0,0,0,0,0,8,0,0
2002,171109,5,1,0,23,0,0,0,0,0,0,0,0
2002,171110,1,1,0,0,0,0,0,0,0,0,0,0
2002,171111,1,1,0,0,0,0,0,0,0,0,0,0
2002,171112,1,1,17,17,17,17,17,17,17,17,17,17
2002,171113,0,1,0,0,0,0,0,0,0,0,0,0
2002,171113,1,1,0,0,0,0,0,0,0,0,0,0
2002,171114,1,1,22,22,22,22,22,22,22,22,22,22
2002,171114,2,1,0,0,0,0,0,0,0,0,0,0
2002,171115,1,1,21,21,21,21,21,21,21,21,21,21
2002,171116,0,1,0,0,0,0,0,0,0,0,0,0
2002,171116,1,1,0,0,0,0,15,2,0,0,3,0
2002,171117,1,1,26,26,26,26,26,26,26,26,26,26
2002,171118,1,1,27,27,27,27,27,27,27,27,27,27
2002,171119,0,1,0,0,0,0,0,0,0,0,0,0
2002,171119,1,1,0,0,0,0,11,0,0,0,0,0
2002,171120,1,1,0,0,0,0,0,0,0,0,0,0
2002,171121,1,1,0,0,0,0,0,0,0,0,0,0
2002,171122,1,1,0,0,0,0,0,0,0,0,0,0
2002,171122,2,1,0,0,0,0,0,0,0,0,0,0
2002,171122,3,1,0,0,0,0,0,0,0,0,0,0
2002,171123,1,1,0,0,0,0,0,0,0,0,0,0
2002,171124,1,1,17,17,17,17,17,17,17,17,17,17
2002,171125,1,1,0,0,0,0,0,0,0,0,0,0
2002,171125,2,1,0,0,0,0,0,0,0,0,0,0
2002,171126,1,1,21,21,21,21,21,21,21,21,21,21
2002,171127,1,1,0,0,0,0,0,0,0,0,0,0
2002,171128,1,1,22,22,22,22,22,22,22,22,22,22
2002,171129,1,1,0,0,0,0,0,0,0,0,0,0
2002,171129,2,1,0,0,0,0,0,0,0,0,0,0
2002,171130,1,1,0,0,0,0,0,0,0,0,0,0
2002,171130,2,1,0,0,0,0,0,0,0,0,0,0
2002,171131,1,1,0,0,6,0,0,18,0,0,0,0
2002,171131,2,1,0,0,0,0,0,0,0,0,0,0
2002,171132,1,1,0,0,0,0,0,0,0,0,0,0
2002,171132,2,1,0,0,0,0,0,0,0,0,0,0
2002,171133,0,1,0,0,0,0,0,0,0,0,0,0
2002,171133,1,1,0,0,0,0,0,0,0,0,0,0
2002,171134,0,1,27,27,27,27,27,27,27,27,27,27
2002,171134,1,1,0,0,0,0,0,0,0,0,0,0
2002,171135,1,1,0,0,0,0,0,0,0,0,0,0
2002,171136,1,1,39,39,39,39,39,39,39,39,39,39
2002,171137,1,1,20,17,13,20,6,16,6,6,16,20