YEAR,ST_CASE,veh_no,per_no,P1,P2,P3,P4,P5,P6,P7,P8,P9,P10
2002,240418,1,1,0,0,0,0,0,0,0,0,0,0
2002,240419,1,1,0,0,0,0,0,0,0,0,0,0
2002,240419,2,1,0,0,0,0,0,0,0,0,0,0
2002,240420,1,1,18,18,18,18,18,18,18,18,18,18
2002,240420,2,1,0,0,0,0,0,0,0,0,6,0
2002,240421,1,1,0,0,0,0,0,0,0,0,0,0
2002,240422,1,1,22,22,22,22,22,22,22,22,22,22
2002,240423,1,1,0,0,0,0,0,0,0,0,0,0
2002,240423,2,1,0,0,0,0,0,0,0,0,0,0
2002,240424,1,1,0,0,0,0,0,0,0,0,0,0
2002,240424,2,1,0,0,0,0,0,0,0,0,0,0
2002,240425,1,1,17,17,17,17,17,17,17,17,17,17
2002,240425,2,1,0,0,0,0,0,0,0,0,0,0
2002,240426,1,1,0,0,0,0,0,0,0,0,0,0
2002,240426,2,1,0,0,0,0,0,0,0,0,0,0
2002,240426,3,1,0,0,0,0,0,0,0,0,0,0
2002,240427,1,1,0,0,0,0,0,0,0,0,0,0
2002,240427,2,1,0,0,0,0,0,0,0,0,0,0
2002,240428,1,1,0,0,0,0,0,0,0,0,0,0
2002,240428,2,1,0,0,0,0,0,0,0,0,0,0
2002,240429,1,1,0,0,0,0,0,0,0,0,0,0
2002,240429,2,1,0,0,0,0,0,0,0,0,0,21
2002,240431,0,1,0,0,0,0,0,0,0,0,0,0
2002,240431,1,1,0,0,0,0,0,0,0,0,0,0
2002,240432,1,1,6,6,6,6,6,6,6,6,6,6
2002,240432,2,1,0,0,0,0,0,0,0,0,0,0
2002,240433,1,1,0,0,0,0,0,0,0,0,0,5
2002,240433,2,1,0,0,0,0,0,0,0,0,0,0
2002,240434,1,1,20,20,20,20,20,20,20,20,20,20
2002,240435,1,1,0,0,0,0,0,0,0,0,0,0
2002,240435,2,1,0,0,0,0,0,0,0,0,0,0
2002,240436,0,1,0,0,0,0,0,0,0,0,0,0
2002,240436,1,1,0,0,0,0,0,0,0,0,0,0
2002,240437,1,1,0,0,0,0,0,0,0,0,0,0
2002,240437,2,1,0,0,0,0,0,0,0,0,0,0
2002,240437,3,1,0,0,0,0,0,15,0,0,0,0
2002,240438,1,1,0,0,0,0,0,0,0,0,0,0
2002,240438,2,1,12,0,0,0,0,0,0,0,0,0
2002,240439,0,1,0,0,0,0,0,0,0,0,0,0
2002,240439,1,1,0,0,9,0,0,0,0,0,0,0
2002,240440,1,1,11,11,11,11,11,11,11,11,11,11
2002,240441,1,1,0,0,0,0,0,0,0,0,0,0
2002,240441,2,1,0,0,0,0,0,0,0,0,0,0
2002,240442,1,1,12,12,12,12,12,12,12,12,12,12
2002,240443,1,1,0,0,0,0,0,0,0,0,0,0
2002,240443,2,1,0,0,0,0,0,0,0,0,0,0
2002,240444,1,1,0,0,0,0,0,0,24,0,0,0
2002,240444,2,1,0,0,0,0,0,0,0,0,0,0
2002,240445,0,1,0,0,0,0,0,0,0,0,0,0
2002,240445,1,1,0,0,0,0,0,0,0,0,0,0
2002,240446,1,1,20,23,11,0,17,14,0,0,17,32
2002,240446,2,1,0,0,0,0,0,0,0,0,0,0
2002,240447,0,1,0,0,0,0,0,0,0,0,0,0
2002,240447,1,1,0,0,0,0,0,0,0,0,0,0
2002,240447,2,1,0,0,0,0,0,0,0,0,0,0
2002,240448,1,1,9,17,15,12,10,12,38,18,16,0
2002,240448,2,1,0,0,0,0,0,0,0,14,0,0
2002,240449,1,1,0,0,18,0,0,0,19,0,0,0
2002,240449,2,1,0,0,0,0,0,0,0,0,0,0
2002,240450,1,1,0,0,0,0,16,0,0,0,0,0
2002,240450,2,1,0,0,0,0,0,0,0,0,0,0
2002,240451,1,1,14,14,14,14,14,14,14,14,14,14
2002,240452,1,1,21,21,21,21,21,21,21,21,21,21
2002,240453,1,1,0,0,0,0,0,0,0,0,0,0
2002,240453,2,1,0,11,0,10,0,0,0,0,0,0
2002,240454,1,1,4,4,4,4,4,4,4,4,4,4
2002,240455,1,1,0,0,0,0,0,0,0,0,0,0
2002,240456,1,1,0,0,0,0,0,0,0,0,0,0
2002,240457,1,1,0,0,0,0,0,0,0,0,0,0
2002,240457,2,1,0,0,0,0,0,0,0,0,0,0
2002,240458,1,1,0,0,0,0,0,0,0,0,0,0
2002,240458,2,1,0,0,0,0,0,0,0,0,0,0
2002,240459,1,1,10,10,10,10,10,10,10,10,10,10
2002,240459,2,1,0,0,0,0,0,0,0,0,0,0
2002,240460,1,1,0,0,0,0,0,0,0,0,0,14
2002,240460,2,1,0,0,0,0,0,0,0,0,0,0
2002,240461,0,1,0,0,0,0,0,0,0,0,0,0
2002,240461,1,1,33,0,0,0,0,17,0,22,0,15
2002,240462,1,1,0,0,0,0,0,0,0,0,0,0
2002,240463,1,1,0,0,0,0,0,0,0,0,0,0
2002,240464,1,1,0,0,0,0,0,0,0,0,0,0
2002,240465,1,1,18,18,18,18,18,18,18,18,18,18
2002,240466,1,1,0,8,0,0,0,0,0,0,0,0
2002,240466,2,1,0,0,0,0,0,0,0,0,0,0
2002,240467,1,1,0,0,0,0,0,0,0,0,0,0
2002,240467,2,1,0,0,0,0,0,0,0,0,0,0
2002,240468,1,1,2,2,2,2,2,2,2,2,2,2
2002,240469,0,1,0,0,0,0,0,0,0,0,0,0
2002,240469,1,1,0,0,0,0,0,0,0,0,0,0
2002,240470,0,1,0,0,0,0,0,0,0,0,0,0
2002,240470,1,1,0,0,0,0,0,0,0,0,0,0
2002,240471,1,1,0,0,0,0,0,0,0,0,0,0
2002,240471,2,1,0,0,0,0,0,0,0,0,0,0
2002,240471,3,1,0,0,0,0,0,0,0,0,0,0
2002,240472,0,1,0,0,0,0,0,0,0,0,0,0
2002,240472,1,1,0,0,0,0,0,0,0,0,0,0
2002,240473,0,1,0,0,0,0,0,0,0,0,0,0
2002,240473,1,1,0,0,0,0,0,0,0,0,0,0
2002,240474,1,1,0,0,0,0,0,0,0,0,0,0
2002,240474,2,1,13,13,13,13,13,13,13,13,13,13
2002,240475,1,1,1,1,1,1,1,1,1,1,1,1
2002,240476,1,1,0,0,0,0,0,14,0,0,0,0
2002,240476,2,1,0,0,0,0,0,0,0,0,0,0
2002,240476,3,1,0,0,0,0,0,0,0,0,0,0
2002,240477,1,1,0,0,0,0,0,0,0,0,0,0
2002,240477,2,1,0,0,0,0,0,0,0,0,0,0
2002,240478,0,1,0,0,0,0,0,0,0,0,0,0
2002,240478,1,1,0,0,0,0,0,0,0,0,0,0
2002,240479,0,1,0,0,0,0,0,0,0,0,0,0
2002,240479,1,1,0,0,0,0,0,0,0,0,0,0
2002,240480,1,1,0,0,0,0,0,0,0,0,0,0
2002,240480,2,1,0,0,0,0,0,0,0,0,0,0
2002,240481,1,1,13,13,13,13,13,13,13,13,13,13
2002,240481,2,1,0,0,0,10,0,0,0,0,0,22
2002,240481,3,1,0,0,0,0,0,0,0,0,0,5
2002,240481,4,1,0,0,0,0,0,0,0,0,0,0
2002,240482,1,1,12,12,12,12,12,12,12,12,12,12
2002,240482,2,1,0,0,0,0,0,0,0,0,0,0
2002,240483,1,1,0,0,0,0,0,0,0,0,0,0
2002,240483,2,1,26,0,0,0,0,0,0,0,0,0
2002,240484,1,1,0,0,0,0,0,0,0,0,0,0
2002,240484,2,1,0,0,0,0,0,0,0,0,0,0
2002,240485,1,1,0,0,0,0,0,0,0,0,0,0
2002,240485,2,1,0,0,0,0,0,0,0,0,0,0
2002,240486,1,1,15,15,15,15,15,15,15,15,15,15
2002,240487,0,1,25,25,25,25,25,25,25,25,25,25
2002,240487,1,1,0,0,0,0,0,0,0,0,0,0
2002,240488,1,1,0,0,0,0,0,0,0,0,0,0
2002,240488,2,1,0,0,0,0,0,0,0,0,0,0
2002,240489,1,1,0,0,0,0,0,0,0,0,0,0
2002,240490,1,1,17,17,17,17,17,17,17,17,17,17
2002,240490,2,1,0,0,0,0,0,0,0,0,0,0
2002,240491,0,1,5,5,5,5,5,5,5,5,5,5
2002,240491,1,1,0,0,0,11,0,0,0,0,0,0
2002,240492,1,1,0,0,0,0,0,0,0,0,0,0
2002,240492,2,1,0,0,0,0,0,0,8,0,0,0
2002,240493,1,1,0,0,0,0,0,0,0,0,0,0
2002,240493,2,1,0,0,0,0,0,0,0,0,0,0
2002,240493,3,1,0,0,0,0,0,0,0,0,0,0
2002,240494,0,1,0,0,0,0,0,0,0,0,0,0
2002,240494,1,1,0,0,0,0,0,0,0,0,0,0
2002,240495,1,1,13,13,13,13,13,13,13,13,13,13
2002,240496,1,1,0,9,14,2,0,0,10,22,5,0
2002,240496,2,1,13,0,0,0,0,0,0,0,0,0
2002,240497,1,1,11,11,11,11,11,11,11,11,11,11
2002,240498,1,1,7,0,0,23,0,10,19,18,0,10
2002,240498,2,1,0,0,0,0,0,0,0,0,0,0
2002,240499,1,1,0,0,38,0,0,24,0,13,14,0
2002,240499,2,1,0,0,0,0,0,0,0,0,0,0
2002,240500,0,1,0,0,0,0,0,0,0,0,0,0
2002,240500,1,1,0,7,11,19,0,5,0,7,7,10
2002,240501,1,1,3,3,3,3,3,3,3,3,3,3
2002,240501,2,1,15,15,15,15,15,15,15,15,15,15
2002,240501,3,1,0,0,0,0,0,0,0,0,21,0
2002,240501,4,1,0,0,0,0,0,0,0,0,0,0
2002,240502,0,1,0,0,0,0,0,0,0,0,0,0
2002,240502,1,1,0,0,0,4,0,0,0,0,0,0
2002,240503,1,1,15,15,15,15,15,15,15,15,15,15
2002,240503,2,1,0,0,0,0,0,0,0,0,0,0
2002,240504,1,1,0,0,0,0,0,0,0,0,0,0
2002,240504,2,1,0,0,0,0,0,0,0,0,0,0
2002,240505,1,1,0,0,0,0,0,0,0,0,0,0
2002,240505,2,1,0,0,0,0,0,0,0,0,0,0
2002,240506,1,1,0,0,0,0,0,0,0,0,0,0
2002,240506,2,1,0,0,0,0,0,0,0,0,0,0
2002,240507,1,1,0,0,17,21,23,15,35,37,15,17
2002,240508,1,1,18,28,0,0,0,11,14,0,0,0
2002,240508,2,1,0,0,16,0,11,15,16,0,0,8
2002,240509,1,1,17,17,17,17,17,17,17,17,17,17
2002,240510,0,1,0,0,0,0,0,0,0,0,0,0
2002,240510,1,1,0,0,0,0,0,0,0,0,0,0
2002,240511,1,1,0,0,0,0,0,0,0,0,0,0
2002,240511,2,1,0,0,0,0,0,0,0,0,0,0
2002,240512,0,1,0,0,0,0,0,0,0,0,0,0
2002,240512,1,1,0,0,0,0,0,0,0,0,0,0
2002,240513,0,1,18,18,18,18,18,18,18,18,18,18
2002,240513,1,1,0,0,0,0,0,0,0,0,0,0
2002,240514,1,1,0,0,0,4,0,0,0,0,0,0
2002,240514,2,1,0,0,0,0,0,0,0,0,0,0
2002,240515,0,1,18,18,18,18,18,18,18,18,18,18
2002,240515,0,2,0,0,0,0,0,0,0,0,0,0
2002,240515,1,1,0,0,0,0,0,0,0,0,0,0
2002,240516,1,1,23,23,23,23,23,23,23,23,23,23
2002,240516,2,1,0,0,0,0,0,0,0,0,0,0
2002,240517,1,1,0,0,0,0,0,0,0,0,0,0
2002,240517,2,1,0,0,0,0,0,0,0,0,0,0
2002,240518,1,1,12,12,12,12,12,12,12,12,12,12
2002,240519,1,1,15,15,15,15,15,15,15,15,15,15
2002,240520,1,1,0,0,0,0,0,0,0,0,0,0
2002,240520,2,1,0,0,0,0,0,0,0,0,0,0
2002,240521,1,1,22,22,22,22,22,22,22,22,22,22
2002,240522,1,1,0,0,0,0,0,0,0,0,0,0
2002,240522,2,1,0,0,0,0,0,0,0,0,0,0
2002,240523,0,1,0,0,0,0,0,0,0,0,0,0
2002,240523,1,1,0,0,0,13,0,0,0,0,16,0
2002,240524,1,1,15,15,15,15,15,15,15,15,15,15
2002,240525,1,1,34,34,34,34,34,34,34,34,34,34
2002,240525,2,1,24,0,0,0,0,0,0,0,0,0
2002,240525,3,1,10,0,0,16,0,0,0,0,0,0
2002,240526,0,1,0,0,0,0,0,0,0,0,0,0
2002,240526,1,1,0,0,0,15,0,0,0,0,0,0
2002,240527,1,1,0,10,0,0,0,0,0,0,0,0
2002,240527,2,1,0,0,8,0,0,0,0,0,0,0
2002,240528,0,1,0,0,0,0,0,0,0,0,0,0
2002,240528,1,1,0,0,0,0,0,0,0,0,0,0
2002,240529,1,1,1,1,1,1,1,1,1,1,1,1
2002,240530,0,1,0,0,0,0,0,0,0,0,0,0
2002,240530,1,1,0,0,0,8,0,0,0,0,0,0
2002,240531,1,1,0,0,0,0,0,0,0,0,0,0
2002,240531,2,1,7,0,0,10,0,0,0,0,0,0
2002,240532,1,1,0,0,0,0,0,0,0,0,0,0
2002,240533,0,1,2,0,0,0,0,0,0,0,0,0
2002,240533,1,1,0,0,0,0,0,0,0,0,0,0
2002,240534,1,1,17,17,17,17,17,17,17,17,17,17
2002,240535,1,1,0,0,0,0,0,0,0,0,0,0
2002,240535,2,1,0,0,0,0,0,0,0,0,0,0
2002,240535,3,1,0,0,0,0,0,0,0,0,0,0
2002,240536,1,1,0,0,0,0,0,0,0,0,0,0
2002,240536,2,1,0,0,0,0,0,0,0,0,0,0
2002,240537,1,1,0,0,0,0,0,0,0,0,0,0
2002,240537,2,1,0,0,0,0,0,11,0,0,0,0
2002,240538,1,1,3,3,3,3,3,3,3,3,3,3
2002,240539,0,1,0,19,0,0,9,0,23,24,0,35
2002,240539,1,1,0,0,0,0,0,0,0,0,0,0
2002,240540,1,1,12,0,0,0,0,23,0,0,0,0
2002,240540,2,1,0,0,0,0,0,0,0,0,0,0
2002,240541,1,1,0,0,0,0,0,0,0,0,0,0
2002,240542,1,1,0,0,0,0,0,0,0,0,0,0
2002,240542,2,1,0,0,0,0,0,0,0,0,0,0
2002,240543,0,1,0,0,0,0,0,0,0,0,0,0
2002,240543,1,1,0,0,0,0,0,0,0,0,0,0
2002,240544,1,1,0,0,0,0,0,0,12,0,0,0
2002,240544,2,1,0,0,0,0,0,0,0,5,0,0
2002,240544,3,1,0,0,0,0,0,0,0,0,0,0
2002,240545,1,1,0,0,0,0,0,0,0,0,0,0
2002,240546,0,1,0,0,0,0,0,0,0,0,0,0
2002,240546,0,2,0,0,0,0,0,0,0,0,0,0
2002,240546,0,3,0,0,0,0,0,0,0,0,0,0
2002,240546,0,4,0,12,0,13,22,0,0,10,0,0
2002,240546,1,1,0,0,0,0,0,0,0,0,0,0
2002,240547,1,1,11,11,11,11,11,11,11,11,11,11
2002,240547,2,2,0,0,0,0,0,0,0,0,0,0
2002,240548,0,1,0,0,0,0,0,0,0,0,0,0
2002,240548,1,1,19,19,19,19,19,19,19,19,19,19
2002,240549,1,1,0,0,0,0,0,0,0,0,0,0
2002,240549,2,1,0,0,0,0,0,0,0,0,0,0
2002,240550,1,1,0,0,0,0,0,16,13,0,0,7
2002,240550,2,1,10,10,10,10,10,10,10,10,10,10
2002,240551,0,1,21,21,21,21,21,21,21,21,21,21
2002,240551,1,1,10,10,10,10,10,10,10,10,10,10
2002,240551,2,1,7,7,7,7,7,7,7,7,7,7
2002,240552,0,1,0,0,0,0,0,0,0,0,0,0
2002,240552,1,1,4,12,13,9,12,15,0,8,25,24
2002,240553,1,1,0,0,0,0,0,0,0,0,0,0
2002,240554,0,1,0,0,0,0,0,0,0,0,0,0
2002,240554,1,1,5,5,5,5,5,5,5,5,5,5
2002,240555,0,1,10,10,10,10,10,10,10,10,10,10
2002,240555,1,1,0,8,0,0,0,0,0,0,0,0
2002,240556,1,1,5,0,0,0,0,0,0,0,0,0
2002,240557,0,1,31,31,31,31,31,31,31,31,31,31
2002,240557,1,1,0,0,0,0,0,0,0,0,0,0
2002,240558,1,1,0,0,0,0,0,0,0,0,0,0
2002,240558,2,1,0,0,0,0,0,0,0,0,0,0
2002,240559,1,1,22,22,22,22,22,22,22,22,22,22
2002,240560,1,1,26,26,26,26,26,26,26,26,26,26
2002,240561,1,1,0,0,0,0,0,0,0,0,0,0
2002,240561,2,1,0,0,0,0,0,0,0,0,0,0
2002,240562,1,1,0,0,0,21,20,0,0,0,0,28
2002,240563,1,1,0,0,0,0,0,0,0,0,0,0
2002,240564,0,1,0,0,0,0,0,0,0,0,0,0
2002,240564,1,1,0,0,0,0,0,0,0,0,0,0
2002,240565,1,1,0,0,0,0,0,0,0,0,0,0
2002,240565,2,1,0,0,0,0,0,0,0,0,0,0
2002,240566,1,1,0,0,0,0,0,0,0,0,0,0
2002,240567,1,1,0,0,0,0,0,0,0,0,0,0
2002,240567,2,1,0,0,0,0,31,24,0,0,0,0
2002,240568,1,1,0,0,33,16,13,27,11,0,0,0
2002,240569,1,1,0,0,0,0,0,0,0,0,0,0
2002,240569,2,1,0,0,26,0,0,0,0,0,0,0
2002,240570,0,1,0,0,0,0,0,0,0,0,0,0
2002,240570,1,1,0,0,0,0,0,0,0,0,0,0
2002,240571,1,1,0,17,14,20,0,19,0,0,0,0
2002,240571,2,1,6,6,6,6,6,6,6,6,6,6
2002,240572,0,1,22,19,17,29,32,25,18,10,19,25
2002,240572,1,1,0,0,0,0,0,0,0,0,0,0
2002,240573,1,1,0,0,0,0,0,0,0,0,0,0
2002,240574,1,1,0,0,0,0,0,0,0,0,0,0
2002,240574,2,1,0,0,0,0,0,0,0,0,0,0
2002,240575,1,1,15,15,15,15,15,15,15,15,15,15
2002,240576,1,1,0,0,0,0,0,0,0,0,0,0
2002,240576,2,1,0,0,0,0,0,0,0,0,0,0
2002,240577,1,1,0,0,0,0,0,0,0,0,0,0
2002,240577,2,1,0,0,0,0,0,0,0,0,0,0
2002,240578,1,1,7,7,7,7,7,7,7,7,7,7
2002,240579,1,1,0,8,0,0,21,14,13,15,0,0
2002,240580,1,1,0,0,0,22,23,0,21,0,0,0
2002,240581,1,1,0,0,0,0,0,0,0,0,0,0
2002,240582,1,1,0,0,0,0,0,0,0,0,0,0
2002,240582,2,1,0,0,0,0,0,0,0,0,0,13
2002,240582,3,1,0,0,0,0,0,0,0,0,0,0
2002,240583,0,1,0,0,0,0,0,0,0,0,0,0
2002,240583,1,1,0,0,0,0,0,0,0,0,0,0
2002,240584,1,1,0,0,0,0,0,0,0,0,0,0
2002,240584,2,1,0,0,0,0,12,0,0,0,0,0
2002,240585,1,1,0,0,0,0,0,0,0,0,0,0
2002,240586,1,1,0,0,0,0,0,0,0,0,0,0
2002,240587,1,1,2,8,7,13,2,15,36,7,5,27
2002,240587,2,1,0,0,0,0,0,0,0,0,0,0
2002,240587,3,1,0,15,0,0,0,0,0,0,0,0
2002,240588,0,1,0,0,0,0,0,0,0,0,0,0
2002,240588,1,1,0,0,0,0,0,0,0,0,0,0
2002,240589,0,1,24,24,24,24,24,24,24,24,24,24
2002,240589,1,1,0,0,0,0,0,0,0,0,0,0
2002,240590,1,1,0,0,23,4,0,0,0,28,0,0
2002,240591,0,1,17,25,14,18,15,29,5,28,8,12
2002,240591,1,1,0,0,0,0,0,0,0,0,0,0
2002,240592,0,1,0,0,0,0,0,0,0,0,0,0
2002,240592,1,1,0,0,0,12,0,0,0,0,0,0
2002,240593,1,1,16,11,21,13,18,0,14,19,15,22
2002,240593,2,1,0,0,0,0,0,0,0,0,0,0
2002,240594,1,1,0,0,0,0,0,0,0,0,0,0
2002,240594,2,1,0,35,15,0,0,20,0,0,11,0
2002,240595,0,1,15,15,15,15,15,15,15,15,15,15
2002,240595,1,1,13,13,13,13,13,13,13,13,13,13
2002,240596,1,1,0,0,0,0,0,0,0,0,0,0
2002,240596,2,1,0,0,0,0,0,0,0,0,0,0
2002,240597,1,1,0,0,0,0,0,0,0,0,0,0
2002,240597,2,1,0,0,0,0,0,0,0,0,0,0
2002,240598,1,1,0,10,0,0,0,0,0,0,19,0
2002,240598,2,1,0,0,0,0,0,0,29,0,18,0
2002,240599,1,1,0,0,0,0,0,0,0,0,0,0
2002,240600,1,1,0,0,0,0,0,0,0,0,0,0
2002,240600,2,1,0,0,0,0,0,0,0,0,0,0
2002,240600,3,1,0,0,0,0,0,0,0,0,0,0
2002,240601,1,1,20,30,21,26,28,6,33,11,4,8
2002,240602,0,1,11,11,11,11,11,11,11,11,11,11
2002,240602,1,1,19,19,19,19,19,19,19,19,19,19
2002,240603,0,1,0,0,0,0,0,0,0,16,0,0
2002,240603,1,1,17,0,0,0,0,0,0,0,0,0
2002,240604,1,1,43,39,10,6,12,19,18,12,12,6
2002,240606,0,1,0,0,0,0,0,0,0,0,0,0
2002,240606,1,1,0,0,0,0,0,0,0,0,6,0
2002,240607,1,1,1,1,1,1,1,1,1,1,1,1
2002,240607,2,1,0,0,0,0,0,0,0,0,0,0
2002,250001,1,1,0,14,0,0,0,20,2,16,11,23
2002,250002,1,1,0,0,0,0,0,0,0,0,0,0
2002,250002,2,1,27,27,27,27,27,27,27,27,27,27
2002,250003,1,1,18,8,15,10,6,2,5,0,6,17
2002,250004,1,1,13,6,25,19,0,32,0,11,0,0
2002,250005,1,1,26,10,18,17,14,0,0,14,15,7
2002,250006,1,1,0,0,0,0,0,0,18,0,0,0
2002,250006,2,1,0,0,0,0,0,0,0,15,0,22
2002,250007,1,1,0,0,0,0,0,0,0,0,0,0
2002,250007,2,1,0,0,0,0,0,0,10,26,0,0
2002,250008,1,1,0,0,30,0,0,0,0,0,0,0
2002,250009,1,1,9,9,9,9,9,9,9,9,9,9
2002,250010,1,1,0,19,27,13,0,15,7,10,25,0
2002,250011,0,1,0,0,0,0,0,0,0,0,0,0
2002,250011,1,1,0,0,0,0,0,0,0,0,0,13
2002,250012,1,1,26,26,26,26,26,26,26,26,26,26
2002,250013,1,1,12,12,12,12,12,12,12,12,12,12
2002,250014,1,1,0,0,0,0,0,0,22,0,0,0
2002,250014,2,1,0,0,0,0,0,0,0,0,0,0
2002,250015,1,1,16,16,16,16,16,16,16,16,16,16
2002,250016,0,1,0,0,0,0,0,0,0,0,0,0
2002,250016,1,1,17,22,14,21,25,35,19,4,9,9
2002,250017,1,1,17,17,17,17,17,17,17,17,17,17
2002,250017,2,1,0,0,0,17,0,0,30,0,6,0
2002,250018,1,1,26,26,26,26,26,26,26,26,26,26
2002,250019,1,1,0,0,0,0,0,0,0,0,0,0
2002,250019,2,1,0,7,14,0,0,3,0,0,13,9
2002,250019,3,1,7,0,0,0,0,0,0,0,0,4
2002,250020,0,1,12,3,15,0,0,0,23,11,15,0
2002,250020,1,1,9,9,16,21,0,15,21,21,10,8
2002,250021,0,1,0,0,0,0,0,0,0,0,0,0
2002,250021,1,1,0,0,0,0,0,0,0,0,0,0
2002,250022,1,1,0,0,0,0,0,0,0,0,0,0
2002,250022,2,1,10,32,7,17,17,11,21,10,10,11
2002,250023,1,1,5,15,15,11,12,0,0,0,0,19
2002,250023,2,1,3,0,0,0,0,0,0,0,0,0
2002,250024,1,1,25,25,25,25,25,25,25,25,25,25
2002,250025,1,1,45,45,45,45,45,45,45,45,45,45
2002,250025,2,1,0,0,0,15,0,3,0,0,0,8
2002,250026,1,1,6,20,4,0,18,22,13,30,22,0
2002,250027,1,1,0,0,0,0,0,0,0,0,0,0
2002,250028,1,1,0,0,7,0,0,0,0,0,0,0
2002,250028,2,1,0,0,0,0,0,0,0,0,0,0
2002,250029,1,1,0,0,0,0,0,0,0,0,0,0
2002,250029,2,1,0,20,0,0,0,0,0,0,0,0
2002,250029,3,1,22,0,0,0,0,0,0,0,18,0
2002,250030,0,1,33,25,25,0,20,0,0,15,0,0
2002,250030,1,1,0,0,0,0,0,0,0,0,0,0
2002,250031,1,2,0,0,0,0,0,0,0,0,0,0
2002,250032,1,1,0,0,0,0,0,0,0,0,0,0
2002,250033,1,1,0,0,0,0,0,0,0,0,0,0
2002,250033,2,1,0,0,0,0,0,0,0,0,0,0
2002,250034,0,1,0,0,0,0,0,0,36,0,0,0
2002,250034,1,1,0,0,0,0,0,0,0,0,0,0
2002,250035,0,1,0,0,0,0,0,0,0,0,0,0
2002,250035,1,1,0,0,0,0,0,0,0,0,0,17
2002,250036,1,1,11,0,3,14,8,9,12,16,12,13
2002,250037,1,1,17,17,17,17,17,17,17,17,17,17
2002,250037,2,1,0,10,0,10,11,12,10,0,27,13
2002,250037,3,1,9,18,17,0,0,0,7,10,0,0
2002,250038,1,1,0,0,0,0,0,0,0,0,0,0
2002,250038,2,1,0,0,0,0,0,0,0,0,0,0
2002,250038,3,1,0,0,0,19,0,0,0,0,0,0
2002,250038,4,1,14,0,0,0,0,0,0,0,0,11
2002,250039,1,1,26,9,11,0,9,0,0,0,0,0
2002,250039,2,1,5,0,0,4,17,0,0,0,0,0
2002,250040,1,1,26,0,8,0,21,18,16,12,15,3
2002,250041,0,1,0,0,0,17,15,0,0,0,0,0
2002,250041,1,1,0,10,0,0,0,0,0,0,0,0
2002,250042,1,1,13,29,7,10,18,37,19,17,13,20
2002,250043,1,1,14,14,14,14,14,14,14,14,14,14
2002,250044,1,1,0,0,0,0,0,20,0,19,0,0
2002,250045,1,1,9,29,22,14,22,33,41,21,17,5
2002,250046,1,1,2,6,22,0,0,22,10,13,0,23
2002,250047,1,1,14,12,8,5,0,13,7,10,21,4
2002,250048,1,1,0,30,0,0,0,0,0,0,0,0
2002,250049,1,1,16,14,32,11,17,0,0,12,23,0
2002,250050,1,1,5,0,26,19,0,0,0,23,0,0
2002,250050,2,1,0,0,0,0,0,0,0,0,0,0
2002,250050,3,1,0,0,0,0,0,0,11,0,22,0
2002,250051,0,1,4,0,0,0,0,0,0,0,0,0
2002,250051,1,1,0,7,0,0,0,0,0,0,0,0
2002,250052,1,1,0,0,0,21,8,0,0,0,24,0
2002,250053,0,1,0,0,0,0,0,0,0,0,0,0
2002,250053,1,1,0,0,0,0,0,0,14,0,0,0
2002,250054,1,1,14,24,10,8,17,9,30,38,9,11
2002,250055,1,1,21,9,21,11,0,0,25,33,8,20
2002,250056,1,1,0,0,0,0,0,0,0,0,0,0
2002,250056,2,1,0,0,0,0,0,0,0,0,0,0
2002,250057,1,1,0,0,0,0,0,0,0,0,0,0
2002,250057,2,1,0,0,0,0,0,0,0,0,0,0
2002,250058,1,1,12,12,12,12,12,12,12,12,12,12
2002,250059,1,1,0,0,0,24,0,0,0,0,0,0
2002,250059,2,1,0,0,0,0,0,0,0,0,0,0
2002,250060,0,1,0,0,0,0,0,0,0,0,0,0
2002,250060,1,1,0,4,0,3,0,0,0,0,0,0
2002,250061,1,1,0,0,0,0,0,0,0,0,0,0
2002,250062,1,1,15,0,20,5,0,19,33,0,0,0
2002,250062,2,1,0,0,0,0,0,0,0,0,0,0
2002,250063,1,1,23,0,0,0,0,0,0,26,0,0
2002,250063,2,1,0,0,0,0,0,0,0,0,0,0
2002,250064,1,1,0,0,0,0,0,0,0,0,0,0
2002,250065,1,1,0,0,10,0,8,0,0,0,0,0
2002,250065,2,1,0,0,0,29,0,0,0,0,0,3
2002,250066,1,1,0,0,0,0,0,0,0,0,0,0
2002,250067,1,1,0,0,0,15,0,9,26,8,0,0
2002,250068,1,1,10,0,0,0,0,0,0,0,0,0
2002,250069,1,1,9,15,5,23,22,6,8,8,9,18
2002,250070,1,1,0,0,0,0,0,0,0,0,0,0
2002,250071,1,1,18,0,7,15,19,11,0,26,27,14
2002,250072,1,1,19,28,0,14,0,13,18,19,22,16
2002,250073,1,1,0,0,0,0,0,0,0,0,0,0
2002,250073,2,1,0,0,0,0,0,0,0,0,0,0
2002,250074,1,1,0,0,0,0,0,0,0,0,0,0
2002,250074,2,1,0,0,0,0,0,0,0,0,0,0
2002,250075,1,1,29,29,29,29,29,29,29,29,29,29
2002,250075,2,1,9,0,0,0,20,0,13,0,15,4