YEAR,ST_CASE,veh_no,per_no,P1,P2,P3,P4,P5,P6,P7,P8,P9,P10
2002,250075,3,1,3,38,0,30,0,25,17,15,0,0
2002,250076,1,1,0,0,0,0,9,0,0,0,0,0
2002,250076,2,1,0,0,0,11,0,0,0,0,0,0
2002,250076,3,1,0,0,0,0,0,0,0,0,0,0
2002,250077,1,1,0,0,0,0,0,0,0,0,0,0
2002,250077,2,1,0,0,0,0,0,0,0,0,0,0
2002,250078,1,1,0,0,0,0,0,0,0,0,0,0
2002,250078,2,1,0,0,0,0,29,0,0,0,0,0
2002,250079,1,1,0,0,0,0,0,0,0,0,0,0
2002,250080,1,1,0,0,0,0,0,0,0,0,0,0
2002,250080,2,1,0,0,0,0,0,0,0,0,0,0
2002,250080,3,1,0,0,0,0,0,0,0,0,0,0
2002,250080,4,1,0,15,28,0,0,0,0,0,0,0
2002,250081,0,1,0,0,0,0,0,0,0,0,0,24
2002,250081,1,1,25,16,22,11,24,23,12,6,7,24
2002,250082,0,1,0,0,0,0,0,0,0,0,0,0
2002,250082,1,1,0,0,0,0,0,0,0,0,0,0
2002,250083,1,1,0,15,16,10,11,28,0,20,15,0
2002,250084,1,1,16,32,18,7,23,12,21,7,13,13
2002,250085,1,1,9,12,37,17,0,18,0,0,14,0
2002,250086,1,1,0,0,0,0,0,0,0,0,0,0
2002,250087,1,1,23,30,20,0,12,7,0,12,14,10
2002,250088,1,1,0,12,0,14,6,0,11,0,0,0
2002,250088,2,1,0,0,0,0,0,0,0,0,0,17
2002,250089,1,1,7,7,7,7,7,7,7,7,7,7
2002,250090,1,1,44,7,20,21,14,12,10,2,0,20
2002,250091,1,1,6,17,17,19,31,23,0,14,26,3
2002,250092,1,1,0,0,0,0,0,0,0,0,0,0
2002,250092,2,1,0,0,0,0,0,0,0,0,0,0
2002,250093,1,1,0,0,0,0,0,10,0,0,0,0
2002,250093,2,1,0,0,0,0,0,0,0,0,0,0
2002,250094,1,1,22,0,0,0,17,0,0,0,0,0
2002,250094,2,1,0,0,0,0,0,0,0,0,0,0
2002,250095,1,1,0,0,0,0,0,0,0,0,0,0
2002,250096,1,1,1,1,1,1,1,1,1,1,1,1
2002,250097,0,1,20,20,20,20,20,20,20,20,20,20
2002,250097,1,1,0,0,0,0,0,0,0,0,0,0
2002,250098,1,1,0,10,10,0,0,0,0,0,15,0
2002,250099,1,1,0,0,0,0,0,11,10,29,15,15
2002,250099,2,1,21,19,0,23,11,9,19,16,10,15
2002,250100,1,1,9,19,15,3,0,11,17,9,11,22
2002,250100,2,1,0,0,12,0,10,0,8,6,0,0
2002,250100,3,1,15,13,8,27,22,10,8,30,9,11
2002,250101,1,1,23,23,23,23,23,23,23,23,23,23
2002,250102,1,1,0,16,18,7,14,0,0,18,0,12
2002,250103,0,1,0,0,0,0,0,0,0,0,0,0
2002,250103,1,1,7,0,0,0,2,13,0,0,0,0
2002,250104,1,1,0,0,0,0,0,0,0,0,0,0
2002,250104,2,1,6,6,6,6,6,6,6,6,6,6
2002,250105,1,1,0,0,0,0,0,7,0,0,0,0
2002,250105,2,1,0,0,0,0,0,0,0,0,0,0
2002,250106,1,1,0,0,0,0,0,0,7,0,0,0
2002,250106,2,1,0,0,0,0,0,0,0,0,0,0
2002,250107,1,1,0,0,0,0,0,0,0,0,0,0
2002,250107,2,1,0,5,23,19,0,0,0,10,0,9
2002,250108,0,1,0,0,18,34,0,8,48,15,42,15
2002,250108,1,1,0,0,0,0,0,0,0,0,0,0
2002,250109,1,1,0,0,0,0,0,0,0,0,0,0
2002,250109,2,1,19,0,0,0,9,0,0,0,0,19
2002,250110,1,1,21,35,15,13,18,15,0,16,20,10
2002,250110,2,1,0,0,0,10,0,0,0,13,0,0
2002,250110,3,1,12,0,0,0,0,9,0,0,0,0
2002,250111,1,1,1,1,1,1,1,1,1,1,1,1
2002,250111,2,1,0,0,0,0,0,0,0,0,0,0
2002,250111,3,1,0,0,0,0,0,0,0,0,0,0
2002,250112,1,1,0,0,6,0,0,0,0,0,0,6
2002,250112,2,1,6,0,13,0,8,0,10,0,5,0
2002,250113,1,1,6,6,6,6,6,6,6,6,6,6
2002,250114,1,1,30,5,21,7,6,6,18,16,9,14
2002,250114,2,1,0,18,0,0,0,0,0,0,0,0
2002,250115,1,1,14,14,14,14,14,14,14,14,14,14
2002,250116,1,1,0,0,0,0,0,0,0,0,0,0
2002,250117,1,1,0,0,0,0,0,0,0,0,0,0
2002,250117,2,1,0,0,9,0,0,8,0,0,0,0
2002,250118,1,1,13,14,16,21,21,14,4,0,17,10
2002,250119,1,1,1,1,1,1,1,1,1,1,1,1
2002,250119,2,1,0,0,0,0,0,0,0,0,0,0
2002,250120,1,1,20,11,15,19,18,23,13,24,25,26
2002,250121,1,1,4,0,8,14,13,17,6,31,17,49
2002,250122,1,1,16,7,6,10,13,17,9,8,12,31
2002,250122,2,1,0,0,9,0,0,24,0,10,0,0
2002,250123,1,1,0,0,0,0,0,0,0,0,13,0
2002,250123,2,1,0,0,0,0,0,0,0,0,0,0
2002,250123,3,1,0,0,0,0,0,0,0,0,0,0
2002,250124,1,1,0,0,0,15,0,0,0,0,0,29
2002,250124,2,1,0,0,0,0,0,0,0,0,0,0
2002,250125,1,1,0,0,0,0,0,0,0,0,0,0
2002,250125,2,1,16,0,0,0,0,0,0,0,13,0
2002,250126,1,1,15,0,0,0,0,0,0,0,0,0
2002,250126,2,1,11,18,7,9,17,8,10,6,10,15
2002,250126,3,1,0,0,0,4,0,0,0,0,0,0
2002,250127,1,1,0,0,0,0,0,0,0,0,0,0
2002,250127,2,1,8,0,0,0,0,0,0,2,0,0
2002,250128,1,1,14,15,0,0,0,0,0,31,0,0
2002,250129,1,1,8,8,8,8,8,8,8,8,8,8
2002,250130,1,1,13,11,0,0,0,0,0,0,4,17
2002,250131,1,1,2,8,12,20,27,16,16,18,13,18
2002,250132,1,1,0,0,0,0,0,0,29,0,0,5
2002,250132,2,1,0,0,0,0,0,0,0,0,0,0
2002,250133,1,1,0,0,0,0,0,0,0,0,0,0
2002,250133,2,1,0,0,0,0,0,0,0,0,0,0
2002,250133,3,1,0,0,0,0,0,0,0,0,0,0
2002,250134,1,1,23,23,23,23,23,23,23,23,23,23
2002,250135,1,1,0,0,0,0,0,0,10,0,0,0
2002,250135,2,1,0,0,0,0,0,0,0,0,0,0
2002,250136,1,1,3,0,9,16,13,5,16,22,0,0
2002,250136,2,1,10,10,10,10,10,10,10,10,10,10
2002,250137,1,1,0,0,0,0,0,0,0,0,0,0
2002,250138,1,1,0,0,0,0,0,0,0,0,0,0
2002,250139,1,1,0,0,27,0,0,12,0,0,5,0
2002,250139,2,1,16,15,0,15,11,0,14,0,0,8
2002,250140,1,1,0,0,0,0,0,0,0,0,0,0
2002,250141,1,1,12,12,12,12,12,12,12,12,12,12
2002,250141,2,1,0,0,0,0,0,0,0,0,0,0
2002,250142,1,1,0,0,0,0,0,0,0,0,0,0
2002,250143,1,1,0,12,15,0,0,0,23,9,0,9
2002,250144,1,1,0,0,0,0,0,0,0,0,0,0
2002,250145,1,1,20,0,0,30,9,0,17,17,13,18
2002,250146,1,1,0,0,0,0,0,0,0,0,0,0
2002,250146,2,1,0,0,0,0,0,20,0,0,0,0
2002,250146,3,1,0,0,0,0,0,0,0,0,0,0
2002,250147,1,1,20,20,20,20,20,20,20,20,20,20
2002,250148,1,1,0,0,15,0,6,0,0,21,0,0
2002,250149,1,1,0,0,0,0,0,0,0,0,0,0
2002,250149,2,1,0,0,0,0,0,0,0,0,0,0
2002,250150,1,1,18,18,18,18,18,18,18,18,18,18
2002,250151,1,1,13,14,37,21,0,0,0,22,0,0
2002,250152,1,1,0,17,0,0,0,0,0,0,0,0
2002,250153,1,1,0,0,0,0,0,0,0,0,0,0
2002,250154,1,1,0,0,6,13,0,15,16,3,14,19
2002,250155,1,1,0,0,0,0,0,0,7,0,0,0
2002,250155,2,1,0,0,0,0,0,0,0,0,0,0
2002,250156,1,1,0,0,16,11,12,14,0,8,9,10
2002,250157,1,1,0,0,0,0,0,0,0,0,0,0
2002,250158,1,1,0,2,0,0,0,0,3,0,20,0
2002,250158,2,1,0,0,0,0,0,0,0,0,0,0
2002,250159,0,1,0,0,0,0,0,0,0,0,0,0
2002,250159,1,1,0,0,0,9,0,19,19,0,13,0
2002,250160,1,1,0,0,0,0,0,0,0,0,0,0
2002,250161,1,1,11,11,11,11,11,11,11,11,11,11
2002,250162,1,1,0,0,0,0,0,0,0,0,0,0
2002,250162,2,1,0,0,0,0,0,0,0,0,0,0
2002,250163,1,1,0,0,0,0,0,0,0,0,0,0
2002,250163,2,1,0,0,0,0,0,0,0,0,0,0
2002,250164,1,1,0,0,0,0,0,0,0,0,0,0
2002,250165,1,1,0,0,0,0,0,0,0,0,0,0
2002,250165,2,1,0,0,0,0,0,0,25,0,0,0
2002,250166,0,1,1,1,1,1,1,1,1,1,1,1
2002,250166,1,1,0,0,0,0,0,27,8,0,0,8
2002,250167,1,1,0,0,0,0,0,0,0,0,0,0
2002,250168,1,1,0,0,0,0,0,6,0,0,0,0
2002,250168,2,1,0,0,0,0,0,0,0,0,0,0
2002,250169,1,1,0,0,0,0,0,0,0,0,0,0
2002,250170,1,1,0,0,0,0,0,0,0,0,0,0
2002,250170,2,1,0,0,0,0,0,0,0,0,0,0
2002,250171,1,1,0,0,0,14,0,0,4,0,0,18
2002,250171,2,1,0,0,0,0,0,0,0,0,0,14
2002,250172,0,1,0,0,0,0,0,0,0,0,0,0
2002,250172,1,1,28,0,0,0,0,0,0,8,0,0
2002,250173,1,1,8,8,8,8,8,8,8,8,8,8
2002,250174,1,1,1,1,1,1,1,1,1,1,1,1
2002,250174,2,1,0,0,0,0,0,0,0,0,0,0
2002,250175,1,1,24,26,12,10,12,28,36,23,6,16
2002,250175,2,1,12,5,0,13,16,0,0,33,5,21
2002,250176,1,1,0,0,0,0,0,0,0,0,0,0
2002,250177,1,1,0,0,0,0,0,0,13,0,0,0
2002,250177,2,1,0,0,0,0,0,0,0,0,0,0
2002,250178,1,1,12,31,0,0,16,24,13,16,20,25
2002,250179,1,1,23,23,23,23,23,23,23,23,23,23
2002,250180,1,1,3,3,3,3,3,3,3,3,3,3
2002,250181,1,1,17,17,17,17,17,17,17,17,17,17
2002,250182,0,1,0,0,0,0,0,0,0,0,0,0
2002,250182,1,1,0,16,0,0,0,0,0,0,0,0
2002,250183,1,1,14,6,14,17,10,14,17,4,15,18
2002,250184,1,1,0,0,0,0,0,0,0,0,0,0
2002,250184,2,1,0,0,0,0,0,0,0,0,0,0
2002,250185,1,1,19,19,19,19,19,19,19,19,19,19
2002,250186,1,1,0,0,0,0,0,0,0,0,0,0
2002,250186,2,1,19,3,15,11,0,19,0,0,0,0
2002,250187,0,1,0,29,0,17,33,21,0,0,0,0
2002,250187,1,1,16,19,7,16,0,0,0,4,0,0
2002,250188,1,1,0,0,0,0,0,0,0,0,0,0
2002,250188,2,1,0,0,0,0,0,0,0,0,0,5
2002,250189,0,1,0,0,0,0,0,0,0,0,0,0
2002,250189,1,1,0,0,0,0,0,0,0,0,0,0
2002,250190,1,1,0,0,0,0,0,0,0,0,0,0
2002,250191,0,1,9,9,9,9,9,9,9,9,9,9
2002,250191,1,1,0,0,0,0,0,0,0,0,0,0
2002,250192,1,1,0,19,0,0,0,0,22,22,11,14
2002,250193,1,1,2,2,2,2,2,2,2,2,2,2
2002,250193,2,1,0,20,0,0,0,0,0,0,0,0
2002,250194,1,1,5,18,25,24,19,17,10,12,26,9
2002,250195,0,1,0,0,0,0,0,0,0,0,0,0
2002,250195,1,1,0,8,0,0,17,0,18,11,10,13
2002,250196,0,1,0,15,0,0,0,39,0,0,12,28
2002,250196,0,2,0,0,16,0,0,0,0,0,26,15
2002,250196,1,1,0,0,0,6,0,0,0,0,0,0
2002,250197,1,1,16,10,0,0,0,7,0,12,9,0
2002,250198,1,1,0,0,0,0,0,0,0,0,0,0
2002,250199,1,1,0,0,0,0,0,0,0,0,0,0
2002,250200,0,1,0,0,17,0,31,0,25,0,0,0
2002,250200,1,1,0,0,0,8,7,0,8,0,0,0
2002,250201,1,1,30,13,17,18,19,0,23,17,0,15
2002,250201,2,1,0,0,14,0,0,0,0,0,0,0
2002,250202,1,1,0,0,0,0,0,0,0,0,0,0
2002,250203,0,1,27,27,27,27,27,27,27,27,27,27
2002,250203,1,1,0,0,17,0,20,0,0,0,14,0
2002,250204,1,1,0,0,0,0,0,0,0,0,0,0
2002,250205,1,1,0,0,0,0,0,0,0,0,0,0
2002,250206,1,1,11,8,0,7,19,0,11,0,0,8
2002,250207,1,1,24,20,17,15,13,25,17,18,35,18
2002,250208,1,1,32,0,0,28,0,0,0,0,0,14
2002,250209,1,1,17,0,0,14,0,0,0,0,0,0
2002,250209,2,1,0,0,0,0,0,0,0,0,0,0
2002,250209,3,1,0,0,0,0,0,0,0,0,0,0
2002,250210,1,1,9,9,9,9,9,9,9,9,9,9
2002,250211,1,1,0,0,0,0,0,0,0,0,0,0
2002,250211,2,1,15,0,0,10,17,0,21,8,4,2
2002,250212,1,1,15,12,3,11,5,12,0,0,15,24
2002,250212,2,1,0,0,0,0,0,0,0,0,0,0
2002,250213,1,1,0,0,0,0,0,0,0,13,0,0
2002,250214,1,1,9,11,0,13,0,17,0,0,31,11
2002,250215,1,1,19,19,19,19,19,19,19,19,19,19
2002,250215,2,1,0,0,0,0,10,0,0,0,0,0
2002,250216,1,1,0,0,0,0,0,0,0,0,0,0
2002,250217,1,1,0,0,0,0,0,0,0,0,0,0
2002,250217,2,1,0,0,0,0,16,0,0,0,0,0
2002,250218,1,1,2,2,2,2,2,2,2,2,2,2
2002,250218,2,1,0,0,0,0,0,0,0,0,0,0
2002,250219,1,1,21,21,21,21,21,21,21,21,21,21
2002,250220,1,1,14,7,24,15,13,18,10,20,20,0
2002,250221,1,1,0,0,0,0,0,0,0,0,0,0
2002,250222,1,1,17,17,17,17,17,17,17,17,17,17
2002,250223,1,1,0,0,0,0,0,0,0,0,0,0
2002,250224,1,1,23,23,23,23,23,23,23,23,23,23
2002,250225,1,1,0,23,24,23,15,25,15,19,0,23
2002,250226,1,1,0,0,19,0,0,0,0,0,0,0
2002,250227,1,1,0,0,0,0,0,0,0,0,0,0
2002,250227,2,1,0,0,0,23,0,0,0,0,0,0
2002,250228,1,1,0,0,0,0,0,0,0,0,0,0
2002,250228,2,1,0,0,0,0,0,0,0,0,0,0
2002,250229,1,1,13,20,11,32,13,28,0,2,13,13
2002,250230,1,1,20,3,5,8,11,9,7,15,28,5
2002,250231,1,1,0,5,0,7,0,0,0,0,0,0
2002,250231,2,1,5,0,0,0,0,0,0,3,0,0
2002,250232,1,1,0,0,0,0,0,0,0,0,0,0
2002,250232,2,1,0,0,0,0,0,0,0,0,0,0
2002,250232,3,1,0,0,0,0,0,0,0,0,0,0
2002,250233,1,1,11,0,7,17,11,0,9,0,0,16
2002,250233,2,1,0,0,0,0,0,11,7,0,0,0
2002,250234,1,1,10,0,0,0,9,0,0,8,0,0
2002,250234,2,1,0,0,0,0,0,0,0,21,0,33
2002,250234,3,1,0,0,0,0,0,0,0,0,0,0
2002,250235,1,1,14,11,14,17,21,13,16,23,12,15
2002,250236,1,1,0,0,0,0,0,0,0,0,0,0
2002,250237,1,1,0,24,0,0,0,30,0,0,0,0
2002,250238,1,1,0,0,17,0,0,0,0,42,7,0
2002,250239,1,1,0,0,0,0,0,0,0,0,0,0
2002,250240,0,1,14,14,14,14,14,14,14,14,14,14
2002,250240,1,1,0,0,0,0,0,0,0,0,0,12
2002,250241,1,1,0,0,0,0,0,0,0,9,0,0
2002,250242,1,1,22,8,17,21,9,22,11,2,35,17
2002,250243,1,1,24,15,34,0,10,16,22,13,12,19
2002,250244,0,1,0,0,0,0,0,0,0,0,0,0
2002,250244,1,1,0,9,0,0,0,0,0,0,0,0
2002,250245,1,1,19,19,19,19,19,19,19,19,19,19
2002,250246,1,1,0,0,0,0,0,0,0,0,0,0
2002,250247,0,1,14,0,5,0,28,9,23,18,0,0
2002,250247,1,1,13,22,0,6,9,0,6,0,0,0
2002,250248,1,1,22,17,12,8,24,0,10,28,0,0
2002,250249,1,1,0,0,0,0,0,0,0,0,0,0
2002,250249,2,1,0,0,0,0,0,0,0,0,0,0
2002,250250,1,1,0,0,0,0,0,0,0,0,0,0
2002,250251,1,1,17,17,17,17,17,17,17,17,17,17
2002,250252,1,1,0,0,0,0,0,0,0,0,0,0
2002,250252,2,1,0,0,0,0,0,0,0,0,0,0
2002,250253,1,1,0,0,0,0,0,0,0,0,0,0
2002,250254,0,1,0,0,0,0,0,0,0,0,0,0
2002,250254,1,1,0,0,0,0,0,0,0,0,0,0
2002,250255,1,1,0,0,11,9,13,17,28,20,0,0
2002,250255,2,1,0,13,0,0,0,0,16,0,0,0
2002,250256,1,1,0,0,0,3,0,0,0,0,0,17
2002,250257,1,1,16,15,26,7,2,13,16,13,5,11
2002,250258,0,1,6,6,6,6,6,6,6,6,6,6
2002,250258,1,1,0,0,0,0,0,0,0,0,0,0
2002,250259,0,1,0,0,0,0,0,0,0,0,0,0
2002,250259,1,1,0,9,0,0,0,0,0,0,0,0
2002,250260,1,1,13,13,13,13,13,13,13,13,13,13
2002,250261,1,1,2,2,2,2,2,2,2,2,2,2
2002,250261,2,1,23,18,0,0,0,8,24,23,0,0
2002,250262,0,1,0,0,0,0,0,8,0,0,0,0
2002,250262,1,1,0,0,0,0,0,0,0,0,0,0
2002,250263,1,1,15,15,15,15,15,15,15,15,15,15
2002,250264,1,1,3,3,3,3,3,3,3,3,3,3
2002,250265,1,1,0,7,26,17,9,17,5,0,6,8
2002,250266,1,1,0,15,0,0,26,20,0,0,8,0
2002,250267,1,1,24,24,24,24,24,24,24,24,24,24
2002,250268,1,1,0,9,0,19,0,11,0,18,7,6
2002,250269,1,1,0,27,16,24,0,10,0,0,14,20
2002,250270,1,1,16,25,0,18,9,24,22,0,14,8
2002,250271,1,1,18,18,18,18,18,18,18,18,18,18
2002,250271,2,1,0,0,0,0,0,0,0,0,0,0
2002,250272,0,1,15,15,15,15,15,15,15,15,15,15
2002,250272,1,1,8,8,8,8,8,8,8,8,8,8
2002,250273,1,1,0,0,0,0,13,0,0,0,0,0
2002,250273,2,1,0,0,0,0,0,0,0,0,0,0
2002,250274,1,1,0,0,0,0,0,0,0,0,0,0
2002,250274,2,1,0,0,0,0,0,0,0,0,0,0
2002,250275,0,1,0,0,9,0,0,0,0,0,0,0
2002,250275,1,1,0,0,0,0,0,0,10,0,0,0
2002,250276,1,1,7,0,2,28,7,12,0,19,12,12
2002,250276,2,1,0,16,0,0,0,16,0,0,0,22
2002,250277,1,1,0,0,0,0,0,6,0,0,0,0
2002,250277,2,1,0,0,0,0,0,0,0,0,0,0
2002,250278,0,1,0,0,0,0,0,0,0,0,0,0
2002,250278,1,1,0,0,0,0,0,0,0,0,20,0
2002,250279,1,1,0,0,0,0,0,0,0,0,0,0
2002,250279,2,1,0,0,0,0,0,0,0,5,0,0
2002,250280,1,1,19,25,12,19,11,4,15,7,9,8
2002,250281,1,1,5,5,5,5,5,5,5,5,5,5
2002,250281,2,1,16,16,16,16,16,16,16,16,16,16
2002,250281,3,1,0,0,0,0,0,0,0,0,0,0
2002,250281,4,1,6,11,0,0,0,10,6,0,0,0
2002,250281,5,1,0,15,6,13,0,0,0,0,0,0
2002,250282,1,1,0,0,0,0,0,0,0,17,0,0
2002,250282,2,1,0,0,0,0,15,0,0,0,9,20
2002,250282,3,1,0,0,15,0,0,0,0,8,0,0
2002,250282,4,1,0,0,0,0,0,0,0,0,19,0
2002,250282,5,1,20,0,0,0,0,0,30,0,0,16
2002,250283,1,1,0,0,0,0,0,0,0,0,0,7
2002,250283,2,1,0,0,0,0,0,0,0,0,0,0
2002,250283,3,1,0,0,0,0,0,0,0,0,0,0
2002,250284,1,1,0,0,0,0,0,0,0,0,0,0
2002,250285,1,1,0,0,0,0,0,0,0,0,0,0
2002,250286,1,1,23,23,23,23,23,23,23,23,23,23
2002,250287,1,1,9,0,7,0,0,8,10,14,7,14
2002,250288,1,1,9,19,23,12,24,17,17,14,15,13
2002,250289,1,1,0,20,0,9,0,23,20,17,22,6
2002,250290,0,1,6,0,0,0,0,0,0,0,0,0
2002,250290,1,1,11,4,33,13,8,2,0,12,14,2
2002,250291,1,1,29,48,12,13,15,30,23,19,9,27
2002,250292,1,1,0,0,0,0,0,0,0,0,0,0
2002,250293,0,1,20,20,20,20,20,20,20,20,20,20
2002,250293,1,1,0,0,0,0,0,26,0,0,0,0
2002,250294,1,1,0,0,0,0,0,0,0,0,0,0
2002,250294,2,1,12,0,0,0,0,15,0,0,0,0
2002,250295,1,1,0,0,0,0,20,0,0,0,0,0
2002,250295,2,1,0,28,23,0,14,0,24,21,0,17
2002,250296,1,1,0,0,17,14,0,0,30,0,20,0
2002,250297,0,1,0,0,0,0,0,0,0,0,0,0
2002,250297,1,1,0,0,0,0,0,0,0,0,0,11
2002,250298,0,1,2,10,23,31,0,22,18,26,0,0
2002,250298,1,1,0,0,0,0,0,0,0,0,0,0
2002,250299,1,1,0,0,0,0,0,0,0,12,0,0
2002,250300,1,1,16,21,33,21,17,0,21,24,13,7
2002,250301,1,1,18,25,23,10,0,0,28,30,0,21
2002,250302,1,1,0,23,0,33,12,11,0,13,0,28
2002,250303,1,1,15,26,12,12,21,31,8,24,21,11
2002,250304,1,1,7,0,0,0,0,0,0,0,0,0
2002,250305,1,1,5,0,0,0,0,0,0,14,0,0
2002,250306,0,1,22,0,10,18,0,22,3,26,0,28
2002,250306,1,1,12,25,19,7,26,19,18,24,13,10
2002,250307,1,1,11,0,0,14,28,0,0,21,0,13
2002,250308,1,1,2,0,9,0,0,0,0,0,0,0
2002,250309,1,1,0,0,0,0,0,0,0,0,0,0
2002,250309,2,1,0,0,0,0,0,0,0,0,12,0
2002,250310,1,1,0,0,0,0,7,11,0,0,0,0
2002,250310,2,1,16,21,0,0,0,0,0,0,0,0
2002,250310,3,1,0,0,0,0,13,9,0,0,0,0
2002,250311,1,1,0,0,10,0,0,18,3,18,6,0
2002,250312,1,1,14,18,23,15,31,7,9,17,6,15
2002,250312,2,1,14,0,0,25,0,0,0,0,0,0
2002,250313,1,1,0,0,0,0,0,0,0,0,0,0
2002,250314,1,1,28,11,28,12,24,9,19,15,16,16
2002,250315,1,1,0,0,0,0,0,0,0,0,0,0
2002,250316,1,1,20,20,20,20,20,20,20,20,20,20
2002,250317,1,1,0,0,0,0,0,0,0,0,0,0
2002,250318,1,1,0,0,0,0,0,0,0,0,0,0
2002,250319,1,1,0,0,0,0,0,0,0,0,0,0
2002,250320,1,1,9,9,9,9,9,9,9,9,9,9
2002,250321,1,1,0,38,0,11,0,6,0,16,9,12
2002,250322,1,1,0,0,0,0,0,15,16,0,0,0
2002,250323,1,1,16,21,0,0,0,0,0,0,0,0
2002,250324,1,1,27,32,28,0,0,24,23,6,31,0
2002,250325,1,1,0,21,9,0,0,3,0,0,2,0
2002,250326,1,1,25,14,28,17,15,22,25,31,27,25
2002,250327,1,1,0,0,0,0,0,0,0,0,0,0
2002,250328,1,1,0,0,0,0,0,0,0,0,0,0
2002,250329,1,1,19,0,0,0,0,0,8,0,0,0
2002,250330,1,1,0,0,0,0,0,0,0,0,0,0
2002,250331,1,1,30,30,30,30,30,30,30,30,30,30
2002,250332,1,1,0,0,0,0,0,0,0,0,0,0
2002,250333,1,1,0,0,28,17,0,24,0,0,0,0
2002,250334,1,1,16,19,8,19,9,20,8,21,30,20
2002,250335,1,1,0,0,0,0,0,0,0,0,0,0
2002,250336,1,1,0,12,11,0,8,27,27,7,6,16
2002,250337,1,1,15,41,20,16,11,26,18,17,14,16
2002,250338,1,1,21,0,0,27,0,0,0,0,0,0
2002,250339,1,1,0,0,0,0,18,0,0,0,0,0
2002,250340,2,1,0,0,0,0,0,3,0,0,0,0
2002,250340,3,1,0,0,0,0,0,0,0,0,0,0
2002,250341,1,1,8,8,8,8,8,8,8,8,8,8
2002,250342,1,1,27,27,27,27,27,27,27,27,27,27
2002,250343,1,1,0,23,13,0,16,0,14,0,0,0
2002,250344,1,1,0,11,5,11,28,28,31,33,5,22
2002,250345,1,1,0,10,25,0,0,0,0,0,17,0
2002,250346,1,1,0,0,0,0,0,0,0,0,0,0
2002,250346,2,1,0,0,0,0,0,0,0,0,0,0
2002,250347,1,1,0,0,0,0,0,0,0,0,0,0
2002,250348,1,1,0,0,0,0,0,0,0,0,0,0
2002,250348,2,1,0,0,0,28,0,0,0,0,0,0
2002,250348,3,1,0,0,0,0,0,0,0,0,0,0
2002,250349,1,1,0,0,0,0,0,0,0,0,0,0
2002,250349,2,1,13,0,0,4,0,33,0,0,0,0
2002,250350,1,1,20,0,0,0,0,0,0,0,0,0
2002,250351,1,1,0,0,0,0,0,0,0,28,0,0
2002,250352,0,1,0,0,0,0,0,0,0,0,0,0
2002,250352,1,1,0,0,0,0,0,0,0,0,0,0
2002,250353,0,1,0,18,0,13,15,14,0,0,28,0
2002,250353,1,1,0,9,17,0,0,12,13,0,0,17
2002,250354,1,1,0,0,0,0,0,0,0,0,0,0
2002,250354,2,1,0,12,0,0,0,0,0,0,0,0
2002,250355,1,1,15,0,0,0,0,0,0,0,0,0
2002,250355,2,1,0,0,0,0,0,0,0,0,0,0
2002,250356,0,1,0,0,0,0,0,0,0,0,0,0
2002,250356,1,1,0,0,0,0,0,0,0,0,0,0
2002,250356,2,1,0,0,0,0,0,0,0,0,0,0
2002,250357,1,1,34,5,12,15,24,24,33,12,33,30
2002,250358,1,1,35,0,20,12,11,0,11,20,15,20
2002,250359,1,1,0,0,0,0,0,0,0,0,10,0
2002,250359,2,1,0,0,0,0,0,0,0,0,0,0
2002,250360,1,1,27,20,21,0,0,0,0,17,32,0
2002,250361,1,1,12,3,0,4,4,12,0,6,0,8
2002,250362,1,1,1,1,1,1,1,1,1,1,1,1
2002,250363,1,1,0,0,0,0,18,11,0,0,15,10
2002,250364,0,1,0,0,0,0,0,0,0,0,0,0
2002,250364,1,1,0,0,0,0,0,0,0,0,0,0
2002,250365,1,1,0,0,0,0,0,0,0,0,0,0
2002,250366,1,1,0,6,0,14,0,0,3,0,0,0
2002,250367,0,1,0,0,0,0,0,0,32,24,8,0
2002,250367,1,1,0,0,0,0,0,0,0,0,0,21
2002,250368,1,1,4,17,17,13,14,13,16,18,0,4
2002,250368,2,1,0,0,0,0,0,0,13,17,21,14
2002,250369,1,1,0,0,0,0,0,0,14,0,0,0
2002,250369,2,1,0,0,0,0,0,0,15,0,0,0
2002,250370,1,1,0,0,0,0,0,0,0,0,0,0
2002,250370,2,1,0,0,0,0,0,0,0,0,0,0
2002,250371,0,1,0,0,23,0,0,0,0,0,0,0
2002,250371,1,1,0,0,0,0,0,0,0,0,0,0
2002,250372,1,1,0,0,0,0,19,28,0,23,0,0
2002,250372,2,1,0,0,0,0,0,0,0,0,0,0
2002,250373,1,1,14,18,4,14,5,18,16,11,16,26
2002,250373,2,1,7,0,0,0,20,0,13,0,0,0
2002,250374,1,1,0,0,0,0,0,0,0,0,0,0
2002,250374,2,1,0,0,0,0,0,0,0,0,0,0
2002,250375,1,1,17,0,0,0,0,0,0,0,19,0
2002,250375,2,1,0,0,0,0,0,0,0,0,0,0
2002,250376,1,1,0,0,0,0,0,0,0,0,0,0