YEAR,ST_CASE,veh_no,per_no,P1,P2,P3,P4,P5,P6,P7,P8,P9,P10
2002,260468,2,1,0,0,0,0,0,0,0,0,0,0
2002,260469,1,1,11,11,11,11,11,11,11,11,11,11
2002,260470,1,1,0,0,0,0,0,0,0,0,0,0
2002,260471,1,1,12,0,0,14,12,33,23,2,19,12
2002,260471,2,1,0,0,0,0,0,0,0,0,0,0
2002,260472,1,1,0,0,0,0,0,0,0,0,0,0
2002,260472,2,1,0,0,0,0,0,0,0,0,0,0
2002,260473,1,1,15,15,15,15,15,15,15,15,15,15
2002,260473,2,1,0,0,0,0,0,0,0,0,0,0
2002,260474,1,1,0,0,0,0,0,0,0,0,0,0
2002,260474,2,1,0,0,0,0,0,0,0,0,0,0
2002,260475,1,1,0,0,0,0,0,0,0,0,0,0
2002,260476,1,1,0,0,0,0,0,0,0,0,0,0
2002,260476,2,1,0,0,0,0,0,0,0,0,0,0
2002,260477,1,1,26,26,26,26,26,26,26,26,26,26
2002,260478,1,1,29,23,39,13,14,5,20,14,5,18
2002,260479,1,1,0,15,0,0,0,0,0,0,0,0
2002,260480,1,1,0,0,0,0,0,0,0,0,0,0
2002,260480,2,1,0,0,0,0,0,0,0,0,0,0
2002,260481,1,1,0,0,0,0,0,0,0,0,0,0
2002,260481,2,1,0,0,0,0,0,0,0,0,0,0
2002,260481,3,1,0,0,9,0,0,0,0,0,0,0
2002,260482,1,1,0,0,0,0,0,0,0,0,0,0
2002,260482,2,1,0,13,0,0,0,21,0,0,0,0
2002,260483,1,1,0,0,0,0,0,0,0,0,0,0
2002,260484,1,1,9,9,9,9,9,9,9,9,9,9
2002,260484,2,1,0,0,0,0,0,0,0,0,0,0
2002,260485,1,1,0,0,0,0,0,0,0,0,0,0
2002,260485,2,1,0,0,0,0,0,0,0,0,0,0
2002,260485,3,1,0,0,0,0,0,0,0,0,0,0
2002,260485,4,1,0,0,0,0,0,0,20,0,0,0
2002,260486,1,1,14,14,14,14,14,14,14,14,14,14
2002,260486,2,1,0,0,0,0,0,0,0,0,0,0
2002,260486,3,1,10,16,0,0,13,13,0,0,0,0
2002,260487,1,1,0,0,0,0,0,0,0,0,0,0
2002,260487,2,1,0,0,0,0,13,0,0,0,0,0
2002,260488,0,1,21,0,0,0,16,9,0,0,25,14
2002,260488,1,1,8,8,8,8,8,8,8,8,8,8
2002,260489,1,1,13,0,0,19,13,18,11,15,16,10
2002,260490,1,1,11,11,11,11,11,11,11,11,11,11
2002,260490,2,1,0,4,0,0,0,0,0,0,0,12
2002,260491,1,1,16,16,16,16,16,16,16,16,16,16
2002,260491,2,1,0,0,0,0,0,0,0,6,0,0
2002,260492,1,1,25,25,25,25,25,25,25,25,25,25
2002,260492,2,1,0,0,0,0,0,0,0,0,0,0
2002,260493,0,1,28,28,28,28,28,28,28,28,28,28
2002,260493,1,1,0,0,0,0,0,0,0,0,0,0
2002,260494,1,1,0,0,0,0,0,0,0,0,0,0
2002,260494,2,1,0,0,0,0,0,0,0,0,0,0
2002,260494,3,1,0,0,0,0,0,0,0,0,0,0
2002,260495,1,1,0,0,0,0,0,0,0,0,0,0
2002,260495,2,1,0,0,0,0,0,0,0,0,0,0
2002,260496,0,1,0,0,0,0,0,0,0,0,0,0
2002,260496,1,1,0,0,0,0,0,0,0,0,0,0
2002,260497,1,1,0,0,0,0,0,0,0,0,9,0
2002,260497,2,1,0,0,0,0,0,0,0,0,0,0
2002,260498,0,1,0,0,0,0,0,0,0,0,0,0
2002,260498,1,1,0,0,0,0,0,0,0,0,0,0
2002,260499,1,1,0,0,0,0,0,0,0,0,0,0
2002,260499,2,1,0,0,0,0,0,0,0,0,0,0
2002,260499,3,1,0,0,0,0,0,0,0,0,0,0
2002,260500,1,1,0,0,0,0,0,0,0,0,0,0
2002,260500,2,1,0,0,0,0,0,0,0,0,0,0
2002,260500,3,1,0,0,0,8,0,0,0,0,0,0
2002,260500,4,1,0,0,0,0,0,0,0,0,0,0
2002,260500,5,1,0,0,0,0,0,0,8,0,0,0
2002,260501,0,1,26,26,26,26,26,26,26,26,26,26
2002,260501,1,1,0,0,0,0,0,0,0,0,0,0
2002,260502,1,1,0,0,0,0,0,0,0,0,0,0
2002,260502,2,1,0,0,0,0,0,0,0,0,0,0
2002,260503,1,1,0,0,5,0,0,0,0,0,0,0
2002,260503,2,1,3,3,3,3,3,3,3,3,3,3
2002,260504,1,1,0,0,0,0,0,0,0,0,0,0
2002,260504,2,1,0,0,0,18,0,0,0,0,0,0
2002,260505,1,1,0,0,0,0,0,0,0,0,0,0
2002,260506,0,1,0,0,0,0,0,0,0,0,0,0
2002,260506,1,1,0,0,0,0,0,0,0,0,0,0
2002,260507,0,1,0,0,0,0,0,0,0,0,0,0
2002,260507,1,1,5,26,0,0,0,0,19,2,10,14
2002,260508,1,1,0,0,0,0,0,0,0,17,0,0
2002,260508,2,1,0,0,0,0,0,0,0,0,0,0
2002,260509,1,1,0,0,0,0,0,0,0,0,0,0
2002,260510,1,1,0,0,0,0,0,0,0,0,13,0
2002,260510,2,1,0,16,0,0,0,18,0,0,0,0
2002,260511,0,1,0,0,0,30,0,0,38,23,19,19
2002,260511,1,1,0,0,0,0,0,0,0,0,0,0
2002,260512,1,1,18,18,18,18,18,18,18,18,18,18
2002,260513,1,1,0,0,0,0,0,0,0,0,0,0
2002,260513,2,1,0,0,0,0,0,0,0,0,0,0
2002,260514,0,1,0,0,0,0,0,0,0,0,0,0
2002,260514,1,1,0,0,0,0,0,0,0,0,0,0
2002,260515,0,1,0,0,0,0,0,0,22,0,0,16
2002,260515,1,1,0,0,0,0,0,0,0,0,0,0
2002,260516,1,1,12,12,12,12,12,12,12,12,12,12
2002,260517,1,1,0,0,0,0,0,0,0,0,0,0
2002,260517,2,1,0,0,0,0,0,0,0,0,0,0
2002,260518,1,1,0,0,0,0,0,0,0,0,9,0
2002,260518,2,1,0,0,0,0,0,0,0,0,0,0
2002,260519,1,1,12,12,12,12,12,12,12,12,12,12
2002,260520,1,1,0,0,0,0,0,0,0,0,0,0
2002,260520,2,1,0,0,0,0,0,0,0,0,0,0
2002,260521,0,1,2,2,2,2,2,2,2,2,2,2
2002,260521,1,1,0,0,0,0,0,0,0,0,0,0
2002,260522,1,1,0,0,0,0,0,0,0,0,0,0
2002,260522,2,1,0,0,0,13,0,0,0,0,0,0
2002,260522,3,1,0,0,0,0,0,0,0,0,0,0
2002,260524,1,1,4,4,4,4,4,4,4,4,4,4
2002,260524,2,1,0,0,0,0,0,0,0,0,0,0
2002,260525,1,1,22,22,22,22,22,22,22,22,22,22
2002,260525,2,1,0,0,0,0,0,0,0,0,0,0
2002,260526,0,1,0,0,0,0,0,0,0,0,0,0
2002,260526,1,1,0,0,0,0,0,0,0,0,0,0
2002,260527,1,1,0,0,0,0,0,0,0,0,0,0
2002,260527,2,1,0,0,0,18,0,0,0,0,0,0
2002,260528,1,1,0,0,0,0,0,2,0,0,23,0
2002,260529,0,1,4,4,4,4,4,4,4,4,4,4
2002,260529,1,1,8,0,0,28,0,17,0,0,0,16
2002,260529,2,1,23,17,0,0,0,0,0,0,0,0
2002,260530,1,1,0,0,0,0,0,0,0,0,0,0
2002,260531,0,1,33,33,33,33,33,33,33,33,33,33
2002,260532,1,1,0,0,0,0,0,0,0,0,0,0
2002,260533,1,1,24,24,24,24,24,24,24,24,24,24
2002,260533,2,1,0,0,0,0,0,0,0,0,0,0
2002,260534,1,1,0,0,0,0,0,0,0,0,0,0
2002,260534,2,1,0,0,0,0,0,0,0,0,0,0
2002,260535,0,1,0,0,0,0,0,0,0,0,0,0
2002,260535,0,2,0,0,0,15,0,0,0,0,0,0
2002,260535,1,1,0,0,0,0,0,0,0,0,0,0
2002,260536,1,1,0,0,0,0,0,0,0,0,0,0
2002,260536,2,1,0,0,0,0,0,0,0,0,0,0
2002,260537,1,1,0,0,0,0,0,0,0,0,0,0
2002,260537,2,1,0,0,0,0,0,0,0,0,0,0
2002,260538,0,1,0,0,0,0,0,0,0,0,0,0
2002,260538,1,1,0,0,0,0,0,0,0,0,0,19
2002,260539,0,1,0,0,0,0,0,0,0,0,0,0
2002,260539,1,1,0,0,18,0,0,3,0,11,18,0
2002,260540,1,1,0,0,0,0,0,0,0,0,0,0
2002,260540,2,1,0,0,0,0,0,0,0,0,0,0
2002,260541,0,1,19,19,19,19,19,19,19,19,19,19
2002,260541,1,1,0,0,0,0,0,0,0,0,0,0
2002,260542,0,1,0,0,0,0,0,0,0,0,0,0
2002,260542,1,1,0,0,0,3,0,0,0,0,0,0
2002,260543,0,2,0,0,0,0,0,0,0,0,0,0
2002,260543,1,1,0,0,0,0,0,0,0,0,0,0
2002,260544,0,1,26,26,26,26,26,26,26,26,26,26
2002,260544,1,1,0,0,0,0,16,0,0,0,0,0
2002,260545,1,1,0,0,0,0,0,0,0,0,0,0
2002,260546,1,1,2,15,0,0,0,0,0,0,0,0
2002,260547,1,1,25,0,11,0,0,0,0,11,0,0
2002,260547,2,1,0,0,0,0,0,0,0,0,0,0
2002,260547,3,1,0,0,0,0,0,0,0,0,0,0
2002,260548,1,1,0,0,0,0,0,0,0,0,0,0
2002,260548,2,1,0,0,0,0,0,0,0,0,0,0
2002,260549,1,1,0,0,0,0,0,0,0,0,0,0
2002,260550,0,1,0,24,0,0,0,0,0,0,29,9
2002,260550,1,1,0,0,0,0,0,0,0,0,0,0
2002,260551,1,1,25,25,25,25,25,25,25,25,25,25
2002,260552,1,1,0,0,0,0,0,0,0,0,0,0
2002,260553,1,1,5,5,5,5,5,5,5,5,5,5
2002,260554,1,1,0,0,0,0,0,0,0,0,0,0
2002,260554,2,1,0,0,0,0,0,0,0,0,0,0
2002,260555,0,1,0,0,0,0,14,0,0,0,0,0
2002,260555,1,1,0,0,0,0,0,0,0,0,0,0
2002,260556,1,1,0,11,0,0,0,0,0,0,0,0
2002,260556,2,1,0,0,0,0,0,0,0,0,0,0
2002,260557,1,1,0,0,0,0,0,0,0,0,0,0
2002,260557,2,1,4,15,25,9,28,19,6,34,4,10
2002,260558,0,1,0,0,0,0,0,0,0,0,0,5
2002,260558,0,2,0,0,0,0,0,0,19,0,0,16
2002,260558,1,1,0,0,0,0,0,0,0,0,0,0
2002,260559,0,1,0,0,0,0,0,0,0,0,0,0
2002,260559,1,1,0,0,0,0,0,0,0,0,0,0
2002,260560,1,1,10,10,10,10,10,10,10,10,10,10
2002,260561,1,1,2,2,2,2,2,2,2,2,2,2
2002,260562,0,1,0,0,0,0,0,0,0,0,0,29
2002,260562,1,1,0,0,0,0,0,0,0,0,0,0
2002,260563,1,1,0,0,0,0,0,0,0,0,0,3
2002,260563,2,1,0,0,0,0,0,0,0,0,0,0
2002,260563,3,1,0,0,0,0,0,0,0,0,0,0
2002,260564,1,1,0,0,0,0,0,0,0,0,0,0
2002,260564,2,1,0,0,0,0,0,0,0,0,0,0
2002,260565,1,1,19,19,19,19,19,19,19,19,19,19
2002,260566,1,1,0,0,0,0,0,0,0,0,0,0
2002,260567,1,1,17,14,0,25,12,0,23,32,26,27
2002,260568,1,1,0,0,0,0,0,0,0,0,0,0
2002,260568,2,1,0,0,0,0,0,0,0,0,0,0
2002,260569,1,1,24,24,24,24,24,24,24,24,24,24
2002,260570,1,1,0,0,0,0,0,0,0,0,0,0
2002,260571,1,1,20,0,13,0,0,0,0,20,0,0
2002,260571,2,1,0,0,0,0,0,0,0,0,0,0
2002,260572,1,1,0,0,0,0,0,0,0,0,0,0
2002,260572,2,1,0,0,0,0,0,0,0,0,0,0
2002,260573,1,1,0,0,0,0,0,0,0,0,0,0
2002,260573,2,1,0,0,0,0,0,0,0,0,0,0
2002,260574,1,1,0,0,0,0,0,0,0,0,0,0
2002,260574,2,1,0,0,0,0,0,0,0,0,0,0
2002,260575,1,1,0,0,0,0,0,0,0,0,0,0
2002,260576,1,1,12,14,14,0,28,15,22,0,0,0
2002,260577,1,1,0,0,0,0,0,0,0,0,0,0
2002,260577,2,1,0,0,0,0,0,0,0,0,0,0
2002,260578,0,1,32,32,32,32,32,32,32,32,32,32
2002,260578,1,1,0,0,0,0,0,0,0,0,0,0
2002,260579,0,1,26,26,26,26,26,26,26,26,26,26
2002,260579,1,1,0,0,0,0,0,0,0,0,0,0
2002,260579,2,1,0,22,0,0,0,0,0,2,0,0
2002,260580,1,1,0,0,0,0,0,0,0,0,0,0
2002,260580,2,1,0,0,0,0,0,0,0,0,0,0
2002,260581,1,1,0,5,0,0,0,0,0,0,0,0
2002,260581,2,1,0,0,0,0,0,0,0,0,0,0
2002,260582,1,1,22,3,4,17,17,13,7,12,2,7
2002,260583,1,1,16,12,23,18,19,3,7,7,0,7
2002,260584,1,1,0,0,0,0,0,0,0,0,0,0
2002,260584,2,1,0,4,0,0,0,0,9,0,0,0
2002,260585,1,1,15,15,15,15,15,15,15,15,15,15
2002,260586,1,1,1,1,1,1,1,1,1,1,1,1
2002,260587,1,1,0,0,0,0,0,0,0,0,0,0
2002,260587,2,1,0,0,0,0,0,0,0,0,0,0
2002,260588,1,1,0,0,0,0,0,0,0,0,0,0
2002,260588,2,1,0,0,0,0,0,0,0,0,0,0
2002,260589,1,1,10,10,10,10,10,10,10,10,10,10
2002,260590,1,1,12,12,12,12,12,12,12,12,12,12
2002,260591,1,1,0,0,0,0,0,0,0,0,0,0
2002,260592,1,1,28,28,28,28,28,28,28,28,28,28
2002,260593,1,1,0,0,0,0,0,0,0,0,0,0
2002,260593,2,1,0,0,0,0,0,0,0,0,0,0
2002,260594,1,1,0,0,0,0,0,0,0,0,0,0
2002,260594,2,1,0,0,0,0,0,0,0,0,0,0
2002,260595,1,1,0,0,0,0,0,0,0,0,0,0
2002,260596,1,1,0,0,0,0,10,0,0,18,0,14
2002,260597,1,1,0,0,0,0,0,0,0,0,0,0
2002,260597,2,1,0,0,0,0,0,0,0,0,0,0
2002,260598,1,1,0,0,0,0,0,0,0,0,0,0
2002,260600,1,1,0,0,0,0,0,0,0,25,0,0
2002,260600,2,1,0,0,0,0,0,0,0,0,0,0
2002,260601,1,1,0,0,0,0,0,0,0,0,0,0
2002,260601,2,1,0,0,0,0,0,0,0,0,0,0
2002,260602,1,1,16,16,16,16,16,16,16,16,16,16
2002,260603,1,1,18,18,18,18,18,18,18,18,18,18
2002,260604,0,1,0,0,0,0,0,0,0,0,0,0
2002,260604,0,2,0,0,0,0,0,0,0,0,0,0
2002,260604,0,3,0,0,0,0,0,0,0,0,0,0
2002,260604,1,1,16,16,16,16,16,16,16,16,16,16
2002,260605,1,1,0,0,0,0,0,0,0,0,0,0
2002,260606,1,1,24,24,24,24,24,24,24,24,24,24
2002,260607,1,1,0,0,0,0,0,0,0,0,0,0
2002,260607,2,1,0,0,0,0,0,0,0,0,0,0
2002,260608,1,1,17,17,17,17,17,17,17,17,17,17
2002,260609,1,1,0,0,0,0,0,0,0,0,0,0
2002,260609,2,1,9,0,0,0,0,0,0,0,0,0
2002,260609,3,1,0,0,0,0,0,0,0,0,0,0
2002,260610,1,1,23,23,23,23,23,23,23,23,23,23
2002,260610,2,1,0,0,0,0,0,0,0,0,0,0
2002,260611,1,1,9,0,11,2,10,7,23,12,16,19
2002,260611,2,1,0,0,0,0,0,0,0,0,0,0
2002,260612,1,1,0,0,0,0,0,0,0,0,0,0
2002,260612,2,1,0,0,0,0,0,0,0,0,0,0
2002,260613,0,1,2,2,2,2,2,2,2,2,2,2
2002,260613,1,1,17,0,0,0,0,0,5,28,15,21
2002,260614,1,1,0,0,0,0,0,0,0,0,0,0
2002,260614,2,1,0,0,0,0,0,0,0,0,0,0
2002,260614,3,1,0,0,0,0,0,0,0,0,0,0
2002,260615,1,1,19,36,8,28,0,10,0,10,5,31
2002,260616,1,1,0,0,0,0,0,0,0,0,0,0
2002,260616,2,1,0,0,0,0,0,0,0,0,0,0
2002,260617,1,1,0,0,0,0,0,0,0,0,0,0
2002,260618,1,1,0,0,0,0,0,0,0,0,0,0
2002,260619,1,1,15,15,15,15,15,15,15,15,15,15
2002,260620,1,1,11,11,11,11,11,11,11,11,11,11
2002,260620,2,1,8,8,8,8,8,8,8,8,8,8
2002,260621,1,1,0,26,0,27,0,0,0,0,0,0
2002,260621,2,1,0,0,0,0,0,0,0,0,0,0
2002,260621,3,1,0,17,0,0,0,0,0,0,0,0
2002,260621,4,1,23,0,0,0,0,0,0,0,0,0
2002,260622,1,1,0,0,0,0,0,0,0,0,0,0
2002,260622,2,1,0,0,0,12,0,0,0,0,0,16
2002,260623,0,1,0,0,0,0,0,0,0,0,0,0
2002,260623,1,1,0,0,0,0,0,0,0,0,0,0
2002,260624,1,1,0,0,0,0,0,0,0,0,0,0
2002,260624,2,1,0,0,0,0,0,0,0,0,0,0
2002,260625,1,1,0,0,0,0,0,0,0,0,0,0
2002,260625,2,1,0,0,0,0,0,0,0,0,0,0
2002,260626,1,1,0,0,0,0,0,0,0,0,0,0
2002,260626,2,1,0,0,0,0,0,0,0,0,0,0
2002,260627,1,1,0,0,0,0,0,0,0,0,0,0
2002,260627,2,1,0,0,0,0,0,0,0,0,0,0
2002,260628,1,1,0,0,0,0,0,0,0,0,0,0
2002,260628,2,1,0,0,0,0,0,0,0,0,0,0
2002,260628,3,1,0,0,0,0,0,0,0,0,0,0
2002,260629,1,1,16,16,16,16,16,16,16,16,16,16
2002,260629,2,1,0,0,0,0,0,0,0,0,0,0
2002,260630,0,1,18,18,18,18,18,18,18,18,18,18
2002,260630,1,1,15,0,0,0,0,0,0,0,0,0
2002,260631,1,1,17,17,17,17,17,17,17,17,17,17
2002,260632,1,1,15,15,15,15,15,15,15,15,15,15
2002,260632,2,1,0,0,0,0,0,0,0,0,0,0
2002,260633,1,1,20,20,20,20,20,20,20,20,20,20
2002,260633,2,1,27,27,27,27,27,27,27,27,27,27
2002,260634,1,1,8,0,13,0,9,17,0,25,25,24
2002,260634,2,1,0,0,0,0,0,0,0,0,0,0
2002,260635,1,1,0,0,0,0,0,0,0,0,0,0
2002,260635,2,1,0,0,0,0,0,0,0,0,0,0
2002,260635,3,1,3,3,3,3,3,3,3,3,3,3
2002,260636,1,1,0,0,0,0,0,0,0,0,0,0
2002,260636,2,1,0,0,0,0,0,0,0,0,0,0
2002,260636,3,1,0,0,0,0,0,0,0,0,13,0
2002,260637,1,1,30,30,30,30,30,30,30,30,30,30
2002,260638,1,1,22,22,22,22,22,22,22,22,22,22
2002,260638,2,1,0,0,0,0,0,0,0,0,0,0
2002,260638,3,1,0,0,0,0,0,0,0,0,0,0
2002,260639,1,1,0,0,0,0,0,0,0,0,0,0
2002,260639,2,1,0,0,0,0,0,0,0,0,0,0
2002,260639,3,1,0,0,0,0,0,0,0,0,0,0
2002,260640,1,1,0,0,0,0,0,0,0,0,0,0
2002,260641,1,1,0,0,0,0,0,0,0,0,0,0
2002,260641,2,1,0,0,0,0,0,0,0,0,0,0
2002,260642,1,1,0,0,0,0,18,9,0,0,0,0
2002,260642,2,1,0,0,0,0,0,0,0,0,0,0
2002,260643,1,1,20,20,20,20,20,20,20,20,20,20
2002,260644,1,1,0,0,0,23,19,22,17,0,12,10
2002,260645,1,1,0,0,0,0,0,0,0,0,0,0
2002,260645,2,1,0,0,0,0,0,0,0,0,0,0
2002,260646,1,1,0,0,0,0,0,0,0,0,0,0
2002,260646,2,1,0,0,0,0,0,0,0,0,0,0
2002,260647,1,1,0,0,0,0,0,0,0,0,0,0
2002,260647,2,1,0,0,0,0,0,0,0,0,0,0
2002,260648,0,1,33,33,33,33,33,33,33,33,33,33
2002,260648,1,1,0,0,0,0,0,0,0,0,0,0
2002,260649,1,1,0,0,0,0,0,0,0,0,0,0
2002,260649,2,1,0,0,0,0,0,0,0,0,0,0
2002,260650,1,1,31,0,0,0,0,0,0,0,8,9
2002,260651,1,1,14,7,16,0,22,0,24,16,0,0
2002,260652,1,1,25,25,25,25,25,25,25,25,25,25
2002,260652,2,1,0,0,23,0,0,0,22,0,0,0
2002,260653,0,1,12,12,12,12,12,12,12,12,12,12
2002,260653,1,1,13,0,0,0,27,9,13,0,10,0
2002,260654,1,1,0,0,0,0,0,0,0,0,0,0
2002,260655,1,1,20,20,20,20,20,20,20,20,20,20
2002,260656,1,1,6,6,6,6,6,6,6,6,6,6
2002,260656,2,1,0,0,0,0,8,0,0,0,0,0
2002,260657,1,1,13,13,13,13,13,13,13,13,13,13
2002,260657,2,1,0,0,0,0,0,0,0,0,0,0
2002,260658,1,1,0,0,0,0,0,0,0,0,0,0
2002,260658,2,1,0,0,0,0,0,0,0,0,0,0
2002,260659,0,1,22,22,22,22,22,22,22,22,22,22
2002,260659,1,1,0,0,0,0,0,0,0,0,0,0
2002,260660,1,1,28,23,20,38,13,18,8,24,14,15
2002,260661,1,1,0,0,0,0,0,0,0,0,0,0
2002,260662,1,1,0,0,0,0,0,0,0,0,0,0
2002,260663,0,1,17,12,10,15,0,0,19,0,11,0
2002,260663,1,1,0,0,0,0,0,0,0,0,0,0
2002,260664,1,1,0,0,0,0,0,0,0,0,0,0
2002,260664,2,1,0,0,0,0,0,0,0,0,0,0
2002,260665,1,1,16,16,16,16,16,16,16,16,16,16
2002,260666,1,1,19,19,19,19,19,19,19,19,19,19
2002,260667,1,1,0,0,0,0,0,0,0,0,0,0
2002,260668,1,1,0,0,0,0,0,0,0,0,0,0
2002,260668,2,1,0,0,0,0,0,0,0,0,0,0
2002,260669,1,1,0,0,0,0,0,0,0,0,0,0
2002,260670,1,1,0,6,6,13,0,0,16,14,13,0
2002,260670,2,1,0,0,0,0,0,0,0,0,0,0
2002,260671,1,1,0,0,0,0,0,0,0,0,0,0
2002,260671,2,1,0,0,0,0,0,0,0,0,0,0
2002,260672,1,1,0,0,0,0,0,0,0,0,0,0
2002,260673,1,1,0,0,0,0,0,0,0,0,0,0
2002,260674,1,1,0,0,0,0,15,17,0,24,22,0
2002,260675,1,1,21,21,21,21,21,21,21,21,21,21
2002,260676,1,1,0,0,0,0,0,0,0,0,0,0
2002,260676,2,1,0,0,0,0,0,0,0,0,0,0
2002,260677,1,1,0,0,0,0,0,0,0,0,0,0
2002,260677,2,1,0,0,0,0,0,0,0,0,0,0
2002,260677,3,1,11,0,0,0,0,0,0,0,0,0
2002,260677,4,1,0,0,0,0,0,0,0,0,0,0
2002,260677,5,1,0,0,0,0,0,0,0,0,0,0
2002,260678,0,1,0,0,0,0,0,0,0,0,0,0
2002,260678,1,1,0,0,0,0,0,0,0,0,0,0
2002,260678,2,1,0,0,0,0,0,0,0,0,0,0
2002,260679,1,1,0,0,0,0,0,0,0,0,0,0
2002,260680,1,1,0,0,0,0,0,0,0,0,0,0
2002,260681,1,1,0,0,0,0,0,0,0,0,0,0
2002,260681,2,1,0,0,0,0,0,0,0,0,0,0
2002,260682,1,1,0,0,0,0,0,0,0,0,0,0
2002,260682,2,1,0,0,0,0,0,0,0,0,0,0
2002,260683,1,1,0,0,0,0,0,0,0,0,0,0
2002,260684,1,1,0,38,0,0,0,0,0,0,0,0
2002,260685,1,1,0,0,0,16,0,0,0,18,0,0
2002,260685,2,1,0,0,0,0,0,0,0,0,0,0
2002,260686,1,1,0,0,0,0,0,0,0,0,0,0
2002,260686,2,1,0,0,0,0,0,0,0,0,0,0
2002,260687,1,1,30,12,11,4,27,21,19,0,9,18
2002,260687,2,1,13,7,13,0,27,20,15,6,8,17
2002,260688,1,1,0,0,0,0,0,0,0,0,0,0
2002,260688,2,1,0,0,0,0,0,0,0,0,0,0
2002,260689,1,1,0,0,0,0,0,0,0,0,0,0
2002,260689,2,1,0,0,0,0,0,0,0,0,0,0
2002,260690,1,1,16,16,16,16,16,16,16,16,16,16
2002,260691,1,1,0,0,0,13,0,0,0,7,0,0
2002,260691,2,1,0,0,0,0,0,0,0,0,0,0
2002,260692,1,1,0,0,0,0,0,0,0,0,0,0
2002,260692,2,1,0,0,16,0,0,0,0,0,25,0
2002,260692,3,1,0,0,0,0,0,0,0,5,0,0
2002,260692,4,1,0,0,0,0,0,0,0,0,0,0
2002,260692,5,1,0,0,0,0,0,0,0,0,0,0
2002,260693,1,1,0,0,0,0,0,0,0,0,0,10
2002,260693,2,1,10,0,0,0,0,0,0,0,0,0
2002,260694,1,1,17,11,10,18,5,12,10,32,17,14
2002,260694,2,1,0,0,0,0,0,0,0,0,0,0
2002,260695,1,1,24,24,24,24,24,24,24,24,24,24
2002,260695,2,1,0,0,0,0,0,0,0,0,0,0
2002,260696,1,1,0,0,0,0,0,0,0,0,0,0
2002,260697,1,1,25,25,25,25,25,25,25,25,25,25
2002,260698,0,1,0,0,0,0,0,0,0,0,0,0
2002,260698,1,1,0,0,0,0,0,0,0,0,0,0
2002,260698,2,1,0,0,0,0,0,0,0,0,0,0
2002,260699,0,1,0,0,0,0,0,0,0,0,0,0
2002,260699,1,1,0,0,0,0,0,0,0,0,0,0
2002,260700,1,1,20,20,20,20,20,20,20,20,20,20
2002,260700,2,1,7,7,7,7,7,7,7,7,7,7
2002,260701,1,1,0,0,0,0,0,0,0,0,0,0
2002,260702,1,1,0,0,0,0,0,0,0,0,0,0
2002,260702,2,1,0,0,0,0,0,0,0,0,0,0
2002,260703,1,1,21,21,21,27,0,11,27,27,32,26
2002,260704,1,1,0,0,8,14,11,0,16,13,0,0
2002,260705,1,1,0,0,0,0,0,0,0,0,0,0
2002,260705,2,1,0,0,0,0,0,0,0,0,0,0
2002,260706,1,1,25,25,25,25,25,25,25,25,25,25
2002,260707,1,1,28,31,12,14,6,19,18,31,8,0
2002,260708,0,1,0,0,0,0,0,0,0,0,0,0
2002,260708,1,1,0,0,0,0,0,0,0,0,0,0
2002,260709,1,1,1,1,1,1,1,1,1,1,1,1
2002,260710,1,1,0,0,0,0,0,0,0,0,0,0
2002,260710,2,1,0,0,0,0,0,0,0,0,0,0
2002,260710,3,1,5,5,5,5,5,5,5,5,5,5
2002,260711,1,1,0,0,0,0,0,0,0,0,0,0
2002,260711,2,1,20,20,20,20,20,20,20,20,20,20
2002,260712,1,1,0,0,0,0,15,0,0,0,0,0
2002,260712,2,1,0,0,0,0,0,0,0,0,0,0
2002,260713,1,1,0,0,0,0,0,0,0,0,0,0
2002,260714,1,1,0,0,0,0,0,0,0,0,0,0
2002,260715,1,1,0,0,0,0,0,0,0,0,0,0
2002,260715,2,1,0,0,0,0,0,0,0,0,0,0
2002,260716,1,1,17,17,17,17,17,17,17,17,17,17
2002,260717,0,1,18,18,18,18,18,18,18,18,18,18
2002,260717,1,1,0,0,0,0,0,0,0,0,0,0
2002,260718,0,1,0,0,0,0,0,0,0,0,0,0
2002,260718,1,1,5,5,5,5,5,5,5,5,5,5
2002,260719,1,1,28,28,28,28,28,28,28,28,28,28
2002,260720,1,1,0,0,0,0,0,0,0,0,0,0
2002,260720,2,1,0,0,0,0,0,0,0,0,0,0
2002,260721,1,1,0,0,0,0,0,0,0,0,0,0
2002,260721,2,1,0,0,0,0,0,0,0,0,0,0
2002,260721,3,1,0,0,0,0,0,0,0,0,0,0
2002,260722,1,1,13,13,13,13,13,13,13,13,13,13
2002,260722,2,1,0,0,0,0,0,0,0,0,0,0
2002,260723,1,1,0,0,0,0,0,0,0,0,0,0
2002,260723,2,1,0,0,20,0,0,0,0,0,21,26
2002,260724,0,1,0,0,9,0,0,0,13,0,0,0
2002,260724,0,2,6,17,0,0,20,0,0,0,13,7
2002,260724,1,1,14,0,0,0,0,0,0,0,0,0
2002,260725,1,1,14,14,14,14,14,14,14,14,14,14
2002,260726,1,1,17,20,0,23,17,36,25,0,18,24
2002,260727,0,1,19,19,19,19,19,19,19,19,19,19
2002,260727,1,1,0,0,0,0,0,0,0,0,0,0
2002,260728,0,1,0,0,0,0,0,0,0,0,0,0