YEAR,ST_CASE,veh_no,per_no,P1,P2,P3,P4,P5,P6,P7,P8,P9,P10
2002,290204,1,1,28,16,18,13,21,17,23,16,9,0
2002,290205,1,1,23,0,0,16,0,26,11,0,0,0
2002,290206,1,1,0,22,12,14,0,0,8,17,15,0
2002,290207,1,1,0,0,0,0,0,0,0,0,0,0
2002,290207,2,1,0,0,0,0,0,0,0,0,0,0
2002,290208,1,1,0,0,0,0,0,0,0,0,0,0
2002,290208,2,1,0,0,0,0,0,0,36,0,0,15
2002,290209,0,1,0,0,0,0,0,0,0,0,0,0
2002,290209,1,1,0,0,0,0,0,21,0,0,0,0
2002,290210,1,1,14,14,14,14,14,14,14,14,14,14
2002,290210,2,1,11,0,16,0,0,11,0,0,24,0
2002,290211,0,1,25,25,25,25,25,25,25,25,25,25
2002,290211,1,1,0,0,0,0,0,0,0,0,0,0
2002,290212,1,1,0,0,0,0,0,0,0,0,0,0
2002,290213,1,1,29,29,29,29,29,29,29,29,29,29
2002,290214,1,1,0,0,0,0,0,0,0,0,0,0
2002,290214,2,1,17,17,17,17,17,17,17,17,17,17
2002,290215,1,1,1,1,1,1,1,1,1,1,1,1
2002,290216,1,1,0,0,0,0,0,0,0,0,0,0
2002,290216,2,1,0,0,0,0,0,0,0,0,0,0
2002,290216,3,1,0,0,0,0,0,0,0,0,0,0
2002,290217,1,1,0,0,0,0,0,0,0,0,0,0
2002,290218,0,1,0,0,0,0,0,0,8,0,0,0
2002,290218,1,1,8,8,8,8,8,8,8,8,8,8
2002,290219,1,1,0,0,0,0,0,0,0,0,0,0
2002,290220,1,1,0,0,0,0,0,0,0,0,0,0
2002,290220,2,1,3,0,0,0,18,0,17,0,0,0
2002,290221,0,1,17,38,43,45,20,44,16,31,31,25
2002,290221,1,1,0,0,15,0,0,0,0,0,0,12
2002,290222,0,1,0,0,0,0,0,0,0,0,0,0
2002,290223,1,1,0,0,0,0,0,0,0,0,0,0
2002,290223,2,1,0,0,0,0,0,0,0,0,0,0
2002,290224,1,1,0,0,18,0,0,0,0,0,0,0
2002,290225,1,1,0,0,0,0,8,0,0,0,0,15
2002,290225,2,1,0,0,0,0,0,0,0,0,0,0
2002,290226,1,1,0,0,0,0,0,0,0,0,0,0
2002,290226,2,1,0,6,0,0,0,0,0,0,0,0
2002,290226,3,1,0,0,0,0,0,8,0,0,0,0
2002,290227,1,1,0,0,0,0,0,0,0,0,0,0
2002,290227,2,1,0,0,0,0,0,0,0,0,0,0
2002,290228,1,1,0,0,0,0,0,0,0,0,0,0
2002,290229,1,1,0,0,0,0,0,0,0,0,0,0
2002,290230,1,1,0,0,0,0,0,0,0,0,0,0
2002,290231,1,1,0,0,0,0,0,0,0,0,0,0
2002,290232,1,1,0,22,15,0,0,22,0,0,15,0
2002,290232,2,1,0,0,19,13,0,0,6,0,0,0
2002,290233,1,1,5,5,5,5,5,5,5,5,5,5
2002,290234,1,1,31,37,0,19,25,15,12,0,19,0
2002,290235,1,1,0,0,0,0,0,0,0,0,0,0
2002,290236,0,1,0,0,0,0,0,0,0,0,0,0
2002,290236,0,2,25,36,8,36,0,0,0,0,12,0
2002,290236,1,1,24,11,0,0,0,18,0,7,0,25
2002,290237,1,1,0,0,0,0,0,0,0,0,0,0
2002,290237,2,1,0,0,0,0,26,0,0,0,12,0
2002,290238,1,1,0,0,0,0,0,0,0,0,0,0
2002,290238,2,1,0,0,0,0,0,0,0,0,0,0
2002,290239,1,1,13,13,13,13,13,13,13,13,13,13
2002,290240,1,1,0,0,0,0,0,0,0,0,0,0
2002,290241,1,1,0,0,0,0,0,0,0,0,0,0
2002,290241,2,1,10,0,0,0,0,0,0,0,0,0
2002,290242,1,1,13,22,0,7,17,6,23,0,0,6
2002,290243,0,1,0,0,0,0,0,0,0,0,0,0
2002,290243,1,1,0,0,0,0,0,0,0,0,0,0
2002,290244,1,1,0,0,0,0,0,0,0,0,0,0
2002,290245,1,1,0,0,0,0,0,0,0,0,0,0
2002,290246,1,1,0,0,0,0,0,0,0,0,0,0
2002,290246,2,1,0,0,0,0,0,0,0,0,0,0
2002,290247,1,1,0,0,0,0,0,0,0,0,0,0
2002,290247,2,1,0,0,0,0,0,0,0,0,0,0
2002,290247,3,1,0,0,0,0,0,0,0,0,0,0
2002,290247,4,1,0,0,0,0,12,0,0,0,0,0
2002,290247,5,1,0,0,0,0,21,19,0,13,0,0
2002,290248,1,1,0,0,0,0,0,0,8,0,0,0
2002,290248,2,1,0,0,0,0,0,0,0,0,0,0
2002,290249,1,1,17,17,17,17,17,17,17,17,17,17
2002,290250,0,1,14,14,14,14,14,14,14,14,14,14
2002,290250,1,1,0,43,0,0,0,35,0,0,0,0
2002,290251,1,1,4,4,4,4,4,4,4,4,4,4
2002,290251,2,1,0,0,0,11,7,17,20,9,9,0
2002,290252,1,1,0,0,8,0,0,0,0,0,0,0
2002,290252,2,1,0,0,0,0,0,0,0,0,0,0
2002,290253,1,1,0,0,0,0,0,0,0,0,0,0
2002,290254,1,1,0,0,0,0,0,0,0,0,0,0
2002,290255,1,1,0,0,0,0,0,0,0,0,0,0
2002,290256,1,1,17,17,17,17,17,17,17,17,17,17
2002,290256,2,1,0,0,0,0,0,0,0,0,0,0
2002,290256,3,1,0,0,0,0,0,0,0,0,0,0
2002,290257,1,1,0,0,0,0,0,0,0,0,0,0
2002,290257,2,1,10,10,10,10,10,10,10,10,10,10
2002,290258,1,1,0,0,0,0,0,0,0,0,0,0
2002,290258,2,1,0,0,0,0,0,0,0,16,0,0
2002,290259,0,1,0,0,0,0,0,0,0,0,0,0
2002,290259,1,1,0,0,0,0,0,0,0,0,0,0
2002,290260,1,1,25,25,25,25,25,25,25,25,25,25
2002,290260,2,1,12,0,9,9,0,22,20,0,0,0
2002,290261,1,1,0,0,0,0,0,0,0,0,0,0
2002,290261,2,1,0,0,0,0,0,0,0,0,0,0
2002,290262,1,1,0,0,0,0,0,0,0,0,0,0
2002,290262,2,1,0,0,0,0,0,0,0,19,0,0
2002,290263,1,1,0,0,0,0,0,0,0,0,0,0
2002,290264,1,1,0,0,0,0,0,0,0,0,0,0
2002,290264,2,1,0,0,0,0,0,28,0,0,0,0
2002,290264,3,1,0,0,0,0,0,0,0,0,0,0
2002,290264,4,1,0,0,8,0,0,0,0,0,0,0
2002,290265,0,1,27,27,27,27,27,27,27,27,27,27
2002,290265,1,1,0,0,0,0,0,0,0,0,0,0
2002,290266,1,1,0,0,0,0,0,0,0,0,0,0
2002,290266,2,1,0,0,0,0,0,0,0,0,0,0
2002,290267,1,1,20,20,20,20,20,20,20,20,20,20
2002,290268,1,1,0,0,0,0,0,0,0,0,0,0
2002,290269,1,1,0,0,0,0,0,0,0,0,0,0
2002,290270,1,1,0,0,0,0,0,0,0,0,0,0
2002,290270,2,1,0,0,0,0,0,0,0,0,0,0
2002,290271,1,1,0,0,0,20,0,11,0,0,0,4
2002,290271,2,1,0,0,0,0,0,0,0,0,0,0
2002,290272,1,1,0,0,0,0,0,0,0,0,0,0
2002,290273,1,1,8,8,8,8,8,8,8,8,8,8
2002,290274,1,1,0,0,0,0,0,0,0,0,0,0
2002,290274,2,1,0,0,0,0,0,0,0,0,0,0
2002,290275,1,1,0,0,0,0,0,0,0,0,0,0
2002,290276,1,1,0,0,0,0,0,0,0,0,0,0
2002,290276,2,1,0,0,0,0,0,0,0,0,0,0
2002,290277,1,1,0,0,0,0,0,0,0,0,0,0
2002,290277,2,1,0,0,0,0,0,12,0,0,0,0
2002,290278,1,1,0,0,0,0,0,0,0,0,0,0
2002,290278,2,1,0,0,0,0,0,0,0,0,0,0
2002,290279,1,1,0,0,0,0,0,19,12,0,0,0
2002,290279,2,1,0,0,0,0,0,0,0,0,0,0
2002,290280,1,1,0,0,0,0,0,0,0,0,0,0
2002,290281,1,1,0,0,0,20,0,19,0,0,0,0
2002,290282,1,1,0,0,0,0,0,0,0,0,0,0
2002,290283,1,1,31,31,31,31,31,31,31,31,31,31
2002,290283,2,1,6,0,0,0,11,0,29,4,0,0
2002,290284,1,1,13,13,13,13,13,13,13,13,13,13
2002,290285,1,1,0,0,0,0,0,0,0,0,0,0
2002,290285,2,1,0,0,0,0,0,0,0,0,0,0
2002,290286,1,1,0,0,0,0,0,0,0,0,0,0
2002,290286,2,1,0,0,0,0,0,0,0,0,0,0
2002,290287,1,1,25,25,25,25,25,25,25,25,25,25
2002,290287,2,1,0,0,0,0,0,0,0,0,0,0
2002,290288,1,1,0,0,0,0,0,0,0,0,0,0
2002,290288,2,1,0,0,0,0,0,0,0,0,0,0
2002,290289,1,1,0,0,0,0,0,2,0,0,0,0
2002,290289,2,1,0,0,0,0,0,0,0,0,0,0
2002,290290,1,1,12,0,21,19,0,0,6,3,23,12
2002,290290,2,1,0,0,0,0,0,0,0,0,0,0
2002,290291,0,1,0,0,0,0,0,0,0,0,0,0
2002,290291,1,1,0,0,0,0,0,16,0,0,0,0
2002,290292,1,1,0,0,0,0,0,0,0,0,0,0
2002,290293,1,1,8,8,8,8,8,8,8,8,8,8
2002,290293,2,1,0,0,0,0,0,0,0,0,0,0
2002,290294,1,1,0,0,0,0,0,0,0,0,0,0
2002,290294,2,1,0,0,0,0,0,0,0,0,0,0
2002,290295,1,1,0,0,0,0,0,0,0,0,0,0
2002,290295,2,1,0,0,0,0,0,0,0,0,0,0
2002,290296,0,1,0,0,0,0,0,0,0,0,0,0
2002,290296,1,1,0,0,0,0,20,0,0,0,0,0
2002,290297,1,1,0,0,0,0,0,0,0,0,0,0
2002,290298,0,1,0,20,0,0,0,26,0,0,0,0
2002,290298,1,1,0,0,11,0,0,0,0,8,0,0
2002,290299,1,1,24,24,24,24,24,24,24,24,24,24
2002,290300,1,1,0,0,0,0,0,0,0,0,0,0
2002,290301,1,1,0,0,0,0,0,0,0,0,0,0
2002,290301,2,1,0,26,0,0,0,0,0,0,0,0
2002,290302,1,1,49,15,11,19,13,13,27,5,14,29
2002,290303,1,1,0,0,0,0,0,0,0,0,0,0
2002,290304,1,1,0,0,0,0,0,0,0,3,0,0
2002,290304,2,1,0,0,0,0,0,0,0,0,0,0
2002,290305,1,1,0,0,0,0,0,0,0,0,0,0
2002,290305,2,1,0,0,0,0,0,0,0,0,0,0
2002,290306,1,1,0,0,0,0,0,0,0,0,30,0
2002,290306,2,1,0,0,0,0,0,0,0,0,0,0
2002,290307,1,1,0,0,0,0,7,0,0,4,0,0
2002,290308,1,1,0,0,0,0,0,0,9,0,0,0
2002,290309,1,1,0,0,0,6,0,0,0,7,0,8
2002,290310,1,1,0,0,0,0,0,0,0,0,0,0
2002,290310,2,1,0,0,0,0,0,0,0,0,0,0
2002,290311,1,1,35,35,35,35,35,35,35,35,35,35
2002,290312,1,1,23,23,23,23,23,23,23,23,23,23
2002,290312,2,1,0,0,0,0,0,0,0,0,0,0
2002,290313,1,1,0,0,0,0,0,0,0,0,0,0
2002,290314,1,1,0,0,0,0,0,0,0,0,0,0
2002,290314,2,1,7,0,0,0,0,0,0,0,0,0
2002,290315,1,1,0,0,0,0,0,0,0,0,0,0
2002,290315,2,1,0,0,0,0,13,0,0,0,0,0
2002,290315,3,1,0,0,0,0,0,0,0,0,0,0
2002,290315,4,1,0,0,0,0,0,0,0,0,0,0
2002,290315,5,1,0,0,0,0,0,0,0,0,0,0
2002,290316,0,1,0,0,0,0,0,0,0,0,0,0
2002,290316,1,1,0,0,0,0,0,0,0,0,0,0
2002,290317,1,1,9,16,22,0,0,16,7,0,23,0
2002,290318,1,1,23,23,23,23,23,23,23,23,23,23
2002,290319,0,1,0,0,0,0,0,0,0,0,0,0
2002,290319,1,1,15,15,15,15,15,15,15,15,15,15
2002,290319,2,1,0,0,0,0,0,0,0,0,0,0
2002,290320,1,1,0,0,0,0,0,0,0,0,0,0
2002,290320,2,1,0,0,0,7,0,0,0,0,0,0
2002,290321,1,1,0,0,0,0,0,0,0,0,0,0
2002,290322,1,1,10,14,26,15,5,16,23,14,20,7
2002,290323,1,1,0,0,0,0,0,9,4,0,26,22
2002,290323,2,1,0,0,0,0,0,0,0,0,0,0
2002,290324,1,1,0,10,0,0,0,0,0,0,0,0
2002,290324,2,1,0,0,0,0,0,0,0,0,0,0
2002,290325,1,1,12,12,12,12,12,12,12,12,12,12
2002,290326,1,1,0,8,0,0,0,0,0,0,0,0
2002,290326,2,1,0,0,0,0,0,0,0,0,0,0
2002,290327,1,1,0,0,0,0,0,0,0,0,0,0
2002,290328,1,1,0,0,0,2,3,0,0,0,0,0
2002,290328,2,1,19,0,18,0,0,28,19,4,21,27
2002,290329,1,1,0,0,0,0,0,0,0,0,0,0
2002,290329,2,1,0,0,0,0,0,0,0,0,0,0
2002,290329,3,1,0,0,0,0,0,0,11,0,0,0
2002,290330,1,1,0,0,0,0,0,0,5,0,0,0
2002,290330,2,1,0,0,0,0,0,0,0,0,0,0
2002,290330,3,1,0,0,0,0,0,0,0,0,0,0
2002,290331,1,1,17,17,17,17,17,17,17,17,17,17
2002,290332,1,1,0,0,0,0,0,0,0,0,0,0
2002,290332,2,1,0,2,0,0,14,0,21,13,23,16
2002,290332,3,1,10,0,0,21,0,15,0,13,16,0
2002,290332,4,1,0,0,0,0,11,0,0,0,0,0
2002,290332,5,1,0,0,0,0,0,0,0,0,0,0
2002,290332,6,1,0,14,0,0,22,0,0,0,0,0
2002,290332,7,1,5,0,0,0,0,0,0,0,0,0
2002,290332,8,1,0,0,0,0,0,0,0,0,0,0
2002,290332,9,1,0,0,0,0,0,0,0,0,0,0
2002,290332,10,1,0,0,0,8,0,0,0,0,17,9
2002,290332,11,1,12,0,13,0,25,0,0,3,0,0
2002,290332,12,1,0,0,0,0,9,0,0,0,0,16
2002,290333,1,1,16,16,16,16,16,16,16,16,16,16
2002,290334,1,1,0,0,0,0,0,0,0,0,0,0
2002,290335,1,1,0,0,0,0,0,0,0,0,0,0
2002,290336,1,1,0,0,0,0,0,0,0,0,0,0
2002,290337,0,1,0,0,0,0,0,0,0,0,0,0
2002,290337,1,1,11,19,20,0,18,17,21,16,18,10
2002,290338,0,1,1,1,1,1,1,1,1,1,1,1
2002,290338,1,1,0,11,0,19,14,20,15,0,11,9
2002,290339,1,1,0,0,0,0,0,0,0,0,0,0
2002,290339,2,1,0,0,0,0,0,0,0,0,0,0
2002,290340,1,1,0,0,0,0,0,0,11,17,0,0
2002,290340,2,1,0,0,5,0,0,0,0,0,0,0
2002,290341,0,1,0,21,0,0,0,0,16,0,24,0
2002,290341,1,1,0,22,0,0,21,17,0,0,13,0
2002,290342,1,1,4,4,4,4,4,4,4,4,4,4
2002,290343,1,1,0,0,0,0,0,0,20,0,0,0
2002,290343,2,1,0,0,0,0,0,0,0,0,0,0
2002,290344,1,1,0,0,0,0,0,0,0,0,0,0
2002,290345,0,1,0,16,0,0,6,0,27,0,0,12
2002,290345,1,1,0,0,0,0,0,0,0,0,0,0
2002,290346,1,1,0,0,13,0,0,0,0,22,0,0
2002,290346,2,1,0,0,0,0,0,0,0,0,0,0
2002,290346,3,1,0,0,0,16,0,0,0,0,0,0
2002,290347,1,1,16,16,16,16,16,16,16,16,16,16
2002,290348,1,1,13,13,13,13,13,13,13,13,13,13
2002,290348,2,1,18,18,18,18,18,18,18,18,18,18
2002,290349,1,1,1,1,1,1,1,1,1,1,1,1
2002,290350,1,1,0,0,0,0,0,0,0,0,0,0
2002,290351,1,1,0,0,0,0,0,0,0,0,0,0
2002,290351,2,1,0,0,0,0,0,0,0,0,0,0
2002,290352,1,1,0,0,0,0,0,0,0,0,8,0
2002,290353,1,1,15,15,15,15,15,15,15,15,15,15
2002,290354,1,1,20,20,20,20,20,20,20,20,20,20
2002,290355,1,1,11,11,11,11,11,11,11,11,11,11
2002,290356,1,1,21,21,21,21,21,21,21,21,21,21
2002,290356,2,1,0,0,0,0,0,0,0,0,0,0
2002,290357,1,1,21,21,21,21,21,21,21,21,21,21
2002,290358,1,1,0,0,17,0,0,0,0,0,0,7
2002,290359,1,1,0,0,0,0,0,13,0,0,0,22
2002,290359,2,1,0,0,0,0,0,0,0,0,0,0
2002,290360,1,1,0,0,0,17,0,0,17,8,0,15
2002,290360,2,1,0,0,22,0,0,0,0,0,0,0
2002,290361,1,1,25,25,25,25,25,25,25,25,25,25
2002,290361,2,1,0,0,0,0,13,0,0,0,0,11
2002,290363,1,1,0,0,0,0,0,0,0,0,0,0
2002,290363,2,1,0,0,0,0,0,0,0,0,0,0
2002,290364,1,1,0,0,0,0,0,0,0,0,0,0
2002,290365,1,1,0,0,24,19,0,0,13,0,0,0
2002,290366,1,1,0,0,0,0,0,0,0,0,0,0
2002,290367,0,1,26,26,26,26,26,26,26,26,26,26
2002,290367,1,1,16,11,0,10,20,0,12,0,0,0
2002,290368,1,1,0,10,10,0,0,0,0,24,16,15
2002,290368,2,1,26,26,26,26,26,26,26,26,26,26
2002,290369,1,1,0,13,0,0,0,0,0,0,3,0
2002,290370,1,1,0,0,0,0,0,0,0,0,0,0
2002,290370,2,1,0,0,0,0,0,0,0,0,0,0
2002,290371,1,1,0,0,0,0,0,0,0,0,0,0
2002,290371,2,1,0,0,0,0,0,0,0,0,0,0
2002,290372,1,1,0,0,0,0,0,15,0,0,5,0
2002,290372,2,1,0,0,0,0,0,0,0,0,0,0
2002,290373,1,1,13,13,13,13,13,13,13,13,13,13
2002,290374,1,1,0,0,0,0,0,0,0,0,0,0
2002,290375,1,1,0,0,0,0,0,0,0,0,0,0
2002,290375,2,1,0,0,0,0,0,0,0,0,0,0
2002,290376,1,1,0,0,0,0,0,0,0,0,0,0
2002,290376,2,1,0,0,0,0,0,0,0,0,0,0
2002,290377,1,1,18,19,6,20,24,16,12,22,12,20
2002,290377,2,1,0,0,25,0,0,0,0,0,9,0
2002,290378,1,1,0,0,0,0,0,0,0,0,0,0
2002,290378,2,1,0,0,0,0,0,7,0,0,0,0
2002,290379,1,1,0,0,0,0,41,0,9,0,0,0
2002,290379,2,1,0,0,0,0,0,0,0,0,0,0
2002,290380,1,1,23,23,23,23,23,23,23,23,23,23
2002,290381,1,1,13,13,13,13,13,13,13,13,13,13
2002,290381,2,1,0,0,0,0,0,0,0,0,0,0
2002,290382,1,1,13,0,14,0,0,0,12,0,0,5
2002,290383,1,1,3,3,3,3,3,3,3,3,3,3
2002,290384,1,1,0,18,0,0,0,0,0,0,9,21
2002,290384,2,1,0,0,0,0,0,0,0,0,0,0
2002,290385,1,1,18,18,18,18,18,18,18,18,18,18
2002,290386,1,1,0,0,0,0,0,0,0,0,0,0
2002,290386,2,1,0,0,0,0,0,0,0,0,0,0
2002,290387,1,1,0,0,0,0,0,0,0,0,0,0
2002,290387,2,1,0,0,0,0,0,0,0,0,0,0
2002,290388,1,1,23,23,23,23,23,23,23,23,23,23
2002,290389,1,1,14,14,14,14,14,14,14,14,14,14
2002,290390,1,1,0,0,0,0,20,6,0,0,0,0
2002,290390,2,1,0,0,0,0,0,0,0,0,0,0
2002,290391,1,1,0,0,20,9,0,0,0,0,14,0
2002,290392,1,1,0,0,0,18,6,0,0,0,0,0
2002,290393,1,1,0,0,0,0,0,0,0,0,0,0
2002,290394,1,1,0,0,0,0,0,0,0,0,0,0
2002,290395,1,1,0,0,0,0,0,0,0,0,17,0
2002,290395,2,1,0,0,0,0,0,0,0,0,0,0
2002,290396,1,1,0,0,0,0,0,0,0,0,0,0
2002,290397,0,1,18,18,18,18,18,18,18,18,18,18
2002,290397,1,1,25,0,0,0,0,11,0,0,0,9
2002,290397,2,1,0,0,0,0,0,0,0,0,0,0
2002,290398,0,1,0,0,0,0,0,0,0,0,0,0
2002,290398,1,1,0,0,0,0,0,0,0,0,0,0
2002,290399,1,1,0,0,0,0,0,0,0,0,0,0
2002,290400,0,1,26,26,26,26,26,26,26,26,26,26
2002,290400,1,1,0,0,0,0,0,0,0,0,0,0
2002,290401,1,1,30,30,30,30,30,30,30,30,30,30
2002,290402,1,1,12,12,12,12,12,12,12,12,12,12
2002,290402,2,1,0,0,0,0,0,0,0,0,0,0
2002,290403,1,1,0,0,0,0,0,0,0,0,0,0
2002,290404,1,1,15,15,15,15,15,15,15,15,15,15
2002,290405,1,1,25,25,25,25,25,25,25,25,25,25
2002,290406,1,1,0,0,0,0,0,0,0,0,0,0
2002,290407,1,1,0,0,0,0,0,0,0,0,0,0
2002,290407,2,1,20,0,0,20,0,0,0,0,0,0
2002,290408,1,1,0,0,0,0,0,0,0,0,0,0
2002,290409,1,1,0,0,0,0,0,0,0,0,0,0
2002,290409,2,1,0,0,0,0,0,0,0,0,0,0
2002,290410,1,1,0,0,0,0,0,0,0,0,0,0
2002,290410,2,1,0,0,0,0,0,21,8,0,0,0
2002,290411,0,1,0,0,0,0,0,0,0,0,0,0
2002,290411,1,1,0,0,0,0,0,0,0,0,0,0
2002,290412,1,1,0,0,0,0,0,0,0,0,0,0
2002,290412,2,1,0,0,0,0,0,0,0,0,0,0
2002,290413,1,1,0,0,0,0,0,16,0,0,0,0
2002,290413,2,1,12,12,12,12,12,12,12,12,12,12
2002,290414,1,1,3,3,3,3,3,3,3,3,3,3
2002,290415,1,1,0,0,0,0,0,0,0,0,0,0
2002,290415,2,1,0,0,0,0,0,0,0,0,0,0
2002,290416,1,1,0,0,0,0,0,0,0,0,0,0
2002,290417,1,1,0,0,0,0,0,0,24,0,0,0
2002,290418,1,1,0,0,0,16,0,0,0,0,0,10
2002,290419,1,1,8,8,8,8,8,8,8,8,8,8
2002,290420,1,1,0,0,0,0,0,0,0,0,19,0
2002,290421,1,1,1,1,1,1,1,1,1,1,1,1
2002,290422,0,1,35,35,35,35,35,35,35,35,35,35
2002,290422,1,1,0,0,0,0,0,0,0,0,0,0
2002,290423,1,1,0,0,0,0,0,0,0,0,0,0
2002,290423,2,1,0,0,0,0,0,0,0,0,0,0
2002,290423,3,1,0,0,0,0,0,0,0,0,0,0
2002,290424,1,1,16,17,0,14,35,0,12,12,12,4
2002,290424,2,1,0,0,0,0,3,18,0,0,0,4
2002,290425,1,1,14,9,7,15,24,12,21,16,17,5
2002,290425,2,1,0,0,0,0,0,0,0,0,0,0
2002,290426,1,1,0,0,0,0,0,0,0,0,0,0
2002,290427,0,1,0,0,0,0,0,0,0,0,0,0
2002,290428,1,1,26,19,27,24,16,24,15,22,10,18
2002,290429,1,1,8,8,8,8,8,8,8,8,8,8
2002,290430,1,1,0,0,0,0,0,12,0,0,0,10
2002,290430,2,1,0,0,0,0,0,0,0,0,0,0
2002,290431,0,1,0,0,0,0,0,0,0,0,0,0
2002,290431,1,1,0,0,0,0,0,0,0,0,0,0
2002,290432,1,1,0,0,0,0,0,0,0,0,0,0
2002,290433,1,1,22,22,22,22,22,22,22,22,22,22
2002,290434,1,1,0,0,0,0,0,0,0,0,0,0
2002,290435,1,1,26,22,27,33,22,27,6,21,25,9
2002,290436,1,1,0,0,0,0,0,0,0,0,0,0
2002,290436,2,1,20,12,0,0,20,21,38,13,14,0
2002,290437,1,1,13,0,28,12,16,0,0,0,14,14
2002,290438,1,1,0,0,0,0,0,0,0,0,0,0
2002,290438,2,1,0,0,0,0,0,0,0,0,0,0
2002,290439,1,1,18,18,18,18,18,18,18,18,18,18
2002,290440,1,1,0,0,0,0,0,0,0,0,0,0
2002,290440,2,1,0,0,0,0,0,0,0,0,0,0
2002,290441,1,1,22,22,22,22,22,22,22,22,22,22
2002,290442,1,1,0,0,0,0,0,0,0,0,0,0
2002,290442,2,1,0,0,0,0,0,0,0,0,0,0
2002,290443,1,1,10,10,10,10,10,10,10,10,10,10
2002,290444,1,1,0,0,0,0,0,0,0,0,0,0
2002,290445,1,1,0,0,0,0,0,0,0,0,0,0
2002,290445,2,1,0,0,0,0,0,6,0,0,0,0
2002,290446,0,1,0,0,0,0,0,0,0,0,0,0
2002,290446,1,1,20,17,8,0,16,0,12,17,13,0
2002,290447,1,1,0,0,0,0,0,0,0,0,0,0
2002,290447,2,1,0,0,0,0,0,0,0,0,0,0
2002,290447,3,1,0,5,0,0,0,0,0,0,5,9
2002,290448,1,1,0,0,0,0,0,0,0,0,0,0
2002,290448,2,1,0,0,0,0,0,0,0,0,0,0
2002,290449,0,1,0,0,0,0,0,0,0,0,0,0
2002,290449,1,1,0,0,0,0,0,0,0,0,32,0
2002,290450,1,1,0,0,0,0,0,0,0,0,0,0
2002,290450,2,1,0,0,7,0,0,0,0,0,0,0
2002,290451,1,1,0,0,8,0,0,0,0,0,0,0
2002,290451,2,1,0,0,2,0,0,0,0,0,0,0
2002,290452,1,1,0,0,0,0,0,0,0,0,5,0
2002,290452,2,1,0,0,0,19,0,0,0,0,0,0
2002,290452,3,1,0,0,0,0,0,0,0,0,0,0
2002,290452,4,1,0,0,0,0,0,0,0,0,0,0
2002,290453,1,1,7,7,7,7,7,7,7,7,7,7
2002,290454,1,1,0,0,0,0,0,0,0,0,0,0
2002,290454,2,1,15,15,15,15,15,15,15,15,15,15
2002,290455,1,1,0,0,0,0,0,0,0,0,0,0
2002,290455,2,1,0,0,0,0,0,0,0,0,0,0
2002,290455,3,1,0,0,0,0,0,0,0,0,0,0
2002,290456,1,1,0,0,0,0,0,0,0,0,0,0
2002,290456,2,1,0,0,0,0,0,0,0,0,0,0
2002,290456,3,1,0,0,0,0,0,0,0,0,0,0
2002,290457,1,1,0,0,0,0,0,0,0,0,0,0
2002,290458,1,1,0,0,0,0,0,0,0,0,0,0
2002,290458,2,1,0,0,0,0,0,3,0,18,0,0
2002,290458,3,1,0,0,0,0,0,0,0,0,0,0
2002,290458,4,1,0,0,0,0,0,0,0,0,0,0
2002,290459,1,1,0,0,0,0,0,0,0,0,0,0
2002,290460,1,1,0,0,0,0,0,0,0,0,0,0
2002,290461,1,1,8,8,8,8,8,8,8,8,8,8
2002,290462,1,1,0,0,0,0,0,0,0,0,0,0
2002,290462,2,1,0,0,0,0,0,11,0,0,0,0
2002,290463,1,1,29,29,29,29,29,29,29,29,29,29
2002,290464,1,1,0,0,0,0,0,0,0,0,0,0
2002,290465,1,1,0,0,0,0,0,0,0,0,0,0
2002,290466,1,1,0,0,0,26,0,0,0,6,0,0
2002,290466,2,1,0,15,0,7,0,0,0,0,0,0
2002,290467,1,1,0,0,0,0,0,0,0,0,0,0
2002,290468,1,1,0,0,0,0,0,0,0,0,0,0
2002,290469,1,1,15,15,15,15,15,15,15,15,15,15
2002,290470,1,1,16,16,16,16,16,16,16,16,16,16
2002,290470,2,1,0,16,13,0,0,0,0,0,0,0
2002,290471,1,1,0,0,0,0,0,0,0,0,0,0
2002,290471,2,1,0,0,0,0,0,15,0,0,0,0
2002,290473,1,1,12,12,12,12,12,12,12,12,12,12
2002,290474,1,1,0,0,0,0,0,0,0,0,0,0
2002,290475,1,1,10,10,10,10,10,10,10,10,10,10
2002,290476,0,1,10,10,10,10,10,10,10,10,10,10
2002,290476,1,1,0,0,0,0,0,0,0,0,0,0
2002,290477,1,1,0,0,0,0,0,0,0,0,0,0
2002,290477,2,1,0,0,0,0,0,0,0,0,0,0
2002,290478,1,1,0,0,0,0,0,0,0,0,0,0
2002,290478,2,1,0,0,0,0,16,0,0,0,0,0
2002,290479,1,1,0,0,0,0,0,0,0,0,0,0
2002,290479,2,1,0,0,0,0,0,0,0,0,0,0
2002,290480,1,1,0,0,0,0,0,0,0,0,0,0
2002,290481,0,1,0,0,0,0,0,0,0,0,0,0
2002,290481,1,1,0,0,0,0,0,17,0,0,0,5
2002,290482,1,1,0,17,0,1,0,0,19,7,14,18
2002,290483,1,1,0,0,0,0,0,0,0,0,0,0
2002,290483,2,1,0,0,0,0,0,0,0,0,0,0
2002,290484,1,1,0,0,0,0,0,0,0,0,0,0
2002,290485,1,1,4,0,27,0,0,0,0,0,0,0