YEAR,ST_CASE,veh_no,per_no,P1,P2,P3,P4,P5,P6,P7,P8,P9,P10
2002,290770,2,1,4,0,8,0,0,0,0,0,0,7
2002,290771,1,1,0,0,0,0,0,0,0,0,0,0
2002,290771,2,1,0,0,0,0,0,0,0,0,0,0
2002,290772,1,1,0,0,0,0,0,0,0,0,10,0
2002,290773,1,1,19,19,19,19,19,19,19,19,19,19
2002,290773,2,1,0,0,0,0,0,0,0,0,0,12
2002,290774,1,1,0,0,0,0,11,0,0,0,0,0
2002,290774,2,1,0,0,0,0,19,0,0,0,0,29
2002,290774,3,1,7,0,0,0,0,0,0,0,0,0
2002,290775,0,1,13,13,13,13,13,13,13,13,13,13
2002,290775,1,1,0,0,0,12,0,0,15,8,5,18
2002,290776,1,1,0,0,0,0,0,0,0,0,0,0
2002,290777,1,1,0,0,0,0,0,0,0,0,0,0
2002,290777,2,1,0,0,0,0,0,0,0,0,11,0
2002,290778,1,1,19,0,3,0,23,0,0,11,25,13
2002,290779,1,1,0,0,0,0,0,0,0,0,0,0
2002,290780,1,1,9,21,16,0,0,16,0,0,0,9
2002,290781,1,1,17,0,0,20,0,0,0,0,14,0
2002,290781,2,1,0,0,0,0,0,0,0,0,0,0
2002,290782,1,1,0,0,0,0,0,0,0,0,0,0
2002,290783,1,1,21,21,21,21,21,21,21,21,21,21
2002,290783,2,1,0,0,0,0,0,0,0,0,0,0
2002,290783,3,1,0,0,0,0,17,0,0,0,0,31
2002,290783,4,1,0,0,0,0,0,0,0,0,0,0
2002,290784,1,1,0,0,22,0,18,0,0,0,8,0
2002,290784,2,1,0,0,0,0,0,0,0,0,0,0
2002,290785,1,1,0,0,0,0,0,0,9,12,9,0
2002,290786,1,1,0,0,0,22,24,8,0,0,0,18
2002,290787,1,1,23,0,0,0,0,12,0,0,0,0
2002,290787,2,1,21,21,21,21,21,21,21,21,21,21
2002,290788,1,1,0,0,0,0,0,0,0,0,0,0
2002,290789,1,1,0,8,11,25,26,0,0,0,0,7
2002,290789,2,1,0,0,0,0,0,0,0,0,0,0
2002,290790,1,1,0,0,0,0,0,0,22,0,0,0
2002,290790,2,1,0,0,0,3,0,0,0,0,0,0
2002,290791,1,1,18,18,18,18,18,18,18,18,18,18
2002,290792,1,1,15,0,0,0,0,0,0,0,0,0
2002,290792,2,1,0,0,0,0,0,0,0,0,0,0
2002,290793,1,1,0,0,0,0,0,0,0,0,0,0
2002,290793,2,1,0,0,0,0,0,0,0,0,0,0
2002,290793,3,1,0,0,0,0,0,0,0,0,0,0
2002,290794,0,1,0,0,0,0,0,0,0,0,0,0
2002,290794,1,1,0,0,0,0,0,0,0,0,0,0
2002,290795,1,1,0,0,0,0,0,0,0,0,12,0
2002,290796,1,1,0,3,0,0,0,0,0,0,0,0
2002,290796,2,1,0,0,0,0,0,0,0,19,0,0
2002,290796,3,1,16,0,0,0,10,0,0,0,0,0
2002,290796,4,1,0,0,0,0,0,0,0,0,0,0
2002,290797,0,1,0,0,0,0,0,0,0,0,0,0
2002,290797,1,1,0,0,0,0,0,0,0,0,0,0
2002,290798,1,1,0,10,0,10,4,0,0,0,0,0
2002,290799,1,1,29,27,10,20,23,22,17,16,19,17
2002,290800,1,1,0,0,0,0,0,0,0,0,0,0
2002,290801,1,1,0,0,0,0,0,0,0,0,0,0
2002,290802,1,1,0,0,0,0,0,0,0,0,0,0
2002,290803,1,1,5,0,0,17,0,0,0,4,0,0
2002,290803,2,1,0,0,0,0,0,0,0,0,0,0
2002,290805,0,1,0,0,0,0,0,0,0,0,0,0
2002,290805,1,1,0,0,16,0,15,0,0,0,0,8
2002,290806,1,1,11,11,11,11,11,11,11,11,11,11
2002,290807,1,1,0,0,0,0,0,0,0,0,0,0
2002,290808,0,1,0,0,0,0,0,0,0,0,0,0
2002,290808,1,1,0,0,0,0,0,0,0,0,0,0
2002,290809,1,1,0,0,0,0,0,0,0,0,0,0
2002,290809,2,1,0,0,0,2,0,0,0,0,0,22
2002,290810,1,1,0,0,0,0,0,0,0,0,0,0
2002,290810,2,1,0,0,0,0,0,0,0,0,11,0
2002,290811,1,1,13,13,13,13,13,13,13,13,13,13
2002,290812,1,1,6,6,6,6,6,6,6,6,6,6
2002,290813,1,1,14,14,14,14,14,14,14,14,14,14
2002,290814,1,1,0,0,0,9,0,0,0,0,16,0
2002,290815,1,1,0,0,0,0,0,0,0,0,0,0
2002,290816,1,1,14,24,10,11,17,10,13,26,21,4
2002,290817,1,1,0,0,0,0,0,0,0,0,0,0
2002,290817,2,1,0,0,0,0,0,0,0,0,0,0
2002,290818,1,1,0,0,0,0,0,0,0,0,0,0
2002,290819,1,1,0,0,0,0,0,0,0,0,0,0
2002,290819,2,1,0,0,0,0,0,0,0,0,0,0
2002,290820,1,1,16,16,16,16,16,16,16,16,16,16
2002,290821,1,1,0,0,0,0,0,0,0,0,0,0
2002,290821,2,1,0,0,0,0,20,0,0,0,11,0
2002,290822,1,1,0,16,28,16,0,0,0,0,0,17
2002,290823,0,1,0,0,19,38,33,14,0,0,0,0
2002,290823,1,1,0,0,22,0,0,0,0,0,5,0
2002,290825,1,1,0,0,0,0,0,0,0,0,0,0
2002,290825,2,1,0,13,0,0,0,10,0,9,0,10
2002,290826,1,1,0,0,0,0,0,0,0,0,0,0
2002,290827,1,1,0,0,0,0,0,0,0,0,0,0
2002,290828,1,1,0,0,0,0,0,0,0,0,0,0
2002,290828,2,1,0,0,0,0,0,0,0,0,0,0
2002,290828,3,1,0,13,0,0,0,0,0,0,0,0
2002,290828,4,1,0,0,0,0,0,0,0,0,0,0
2002,290828,5,1,0,0,0,0,0,0,0,0,0,0
2002,290829,1,1,0,0,0,0,0,0,0,0,0,0
2002,290829,2,1,0,0,0,0,3,0,0,0,0,0
2002,290830,1,1,4,4,4,4,4,4,4,4,4,4
2002,290830,2,1,0,0,0,0,0,20,7,0,0,15
2002,290831,1,1,0,14,0,0,19,0,0,0,0,0
2002,290831,2,1,0,0,26,0,0,0,0,0,0,0
2002,290832,0,1,9,27,9,0,0,22,33,0,28,0
2002,290832,1,1,0,0,0,17,0,6,0,0,13,0
2002,290833,1,1,22,22,22,22,22,22,22,22,22,22
2002,290834,1,1,0,0,0,0,0,0,0,0,0,0
2002,290835,1,1,8,8,8,8,8,8,8,8,8,8
2002,290836,1,1,0,0,0,0,0,0,0,0,0,0
2002,290836,2,1,0,0,0,0,0,0,0,0,0,0
2002,290836,3,1,0,0,0,0,0,0,0,0,0,0
2002,290837,1,1,24,0,0,14,17,0,0,52,21,0
2002,290838,1,1,28,28,28,28,28,28,28,28,28,28
2002,290839,1,1,0,0,0,0,0,0,0,0,0,0
2002,290839,2,1,0,0,0,0,0,0,0,0,0,0
2002,290840,0,1,27,27,27,27,27,27,27,27,27,27
2002,290840,1,1,0,10,0,21,20,0,2,17,0,0
2002,290841,1,1,16,16,16,16,16,16,16,16,16,16
2002,290842,1,1,0,0,0,0,0,0,0,0,0,0
2002,290842,2,1,0,0,0,0,0,0,0,0,0,14
2002,290843,1,1,0,8,0,0,0,35,22,0,26,12
2002,290843,2,1,0,0,0,0,0,0,0,0,0,0
2002,290844,1,1,9,9,9,9,9,9,9,9,9,9
2002,290846,0,1,19,21,31,35,12,10,10,18,23,0
2002,290846,1,1,5,0,0,0,0,0,0,0,0,0
2002,290847,1,1,0,0,11,0,0,6,0,0,11,4
2002,290847,2,1,14,19,0,6,0,0,21,0,0,0
2002,290848,0,1,15,15,15,15,15,15,15,15,15,15
2002,290848,1,1,0,0,0,10,0,19,0,21,0,0
2002,290849,1,1,0,0,0,0,0,0,0,0,0,0
2002,290849,2,1,0,0,0,0,0,0,0,0,0,0
2002,290850,0,1,0,0,0,0,0,0,0,0,0,0
2002,290850,1,1,0,0,0,0,0,0,0,0,0,0
2002,290851,1,1,0,0,0,0,0,0,0,0,0,0
2002,290851,2,1,0,0,0,0,0,0,0,0,0,0
2002,290852,1,1,0,0,0,0,0,0,0,0,0,0
2002,290852,2,1,0,0,0,0,0,0,0,0,0,0
2002,290853,1,1,0,0,0,0,14,0,0,15,0,7
2002,290854,1,1,12,19,8,25,24,8,28,23,26,9
2002,290854,2,1,19,19,19,19,19,19,19,19,19,19
2002,290855,0,1,0,10,0,0,18,0,0,0,25,0
2002,290855,1,1,0,0,0,0,0,0,0,0,0,0
2002,290856,1,1,0,0,0,0,0,0,0,0,0,0
2002,290857,0,1,0,0,0,0,0,0,0,0,0,0
2002,290857,1,1,0,0,7,0,0,17,7,12,0,0
2002,290858,0,1,16,16,16,16,16,16,16,16,16,16
2002,290858,1,1,12,0,0,0,0,0,33,0,8,0
2002,290859,0,1,0,0,0,0,0,0,0,0,0,0
2002,290859,1,1,0,0,0,0,0,0,0,0,0,0
2002,290860,0,1,0,0,0,0,0,0,0,0,0,0
2002,290860,1,1,14,0,0,0,0,0,0,0,7,7
2002,290861,1,1,0,0,0,0,0,0,0,0,0,0
2002,290861,2,1,0,0,0,0,0,0,0,13,0,0
2002,290862,1,1,20,20,20,20,20,20,20,20,20,20
2002,290863,1,1,22,22,22,22,22,22,22,22,22,22
2002,290864,1,1,0,0,0,0,0,0,0,0,0,0
2002,290864,2,1,0,0,0,0,0,0,18,0,0,0
2002,290865,1,1,0,0,0,0,0,0,0,0,0,0
2002,290866,1,1,0,0,29,0,0,57,0,12,9,0
2002,290867,1,1,15,15,15,15,15,15,15,15,15,15
2002,290868,0,1,0,0,0,0,0,0,0,0,0,0
2002,290868,1,1,0,22,0,37,9,0,14,13,0,17
2002,290869,0,1,12,12,12,12,12,12,12,12,12,12
2002,290869,1,1,25,0,16,8,0,0,5,19,0,0
2002,290870,1,1,0,16,0,11,0,0,0,0,0,20
2002,290870,2,1,0,15,22,0,6,0,0,0,14,9
2002,290871,1,1,0,0,0,0,0,0,0,0,0,0
2002,290871,2,1,13,13,13,13,13,13,13,13,13,13
2002,290872,1,1,8,8,8,8,8,8,8,8,8,8
2002,290873,1,1,0,0,0,0,0,0,0,0,0,0
2002,290873,2,1,0,0,0,0,0,0,0,0,11,0
2002,290874,1,1,13,21,13,25,0,7,20,24,8,11
2002,290875,1,1,20,20,20,20,20,20,20,20,20,20
2002,290876,1,1,34,18,20,35,24,0,14,0,0,0
2002,290877,0,1,0,0,0,0,0,0,0,0,0,0
2002,290877,0,2,0,0,19,0,0,0,0,0,7,0
2002,290877,1,1,0,0,0,0,0,0,0,0,0,0
2002,290878,1,1,0,0,0,0,0,0,0,0,0,0
2002,290879,1,1,0,0,0,0,0,0,0,5,0,0
2002,290880,1,1,24,24,24,24,24,24,24,24,24,24
2002,290881,1,1,0,0,0,0,0,0,0,0,0,20
2002,290881,2,1,0,0,0,0,0,0,0,0,0,0
2002,290882,1,1,15,9,8,4,0,0,0,17,5,0
2002,290882,2,1,15,15,15,15,15,15,15,15,15,15
2002,290882,3,1,0,0,0,0,0,0,0,0,0,0
2002,290883,1,1,0,0,0,0,0,0,0,0,0,0
2002,290884,0,1,26,26,26,26,26,26,26,26,26,26
2002,290884,1,1,0,11,0,0,0,0,0,0,0,8
2002,290885,1,1,9,9,9,9,9,9,9,9,9,9
2002,290885,2,1,0,0,0,0,0,0,0,0,0,0
2002,290886,1,1,0,0,0,0,0,0,0,0,14,0
2002,290886,2,1,13,20,11,25,12,14,12,0,21,13
2002,290887,1,1,14,14,14,14,14,14,14,14,14,14
2002,290888,1,1,30,30,30,30,30,30,30,30,30,30
2002,290888,2,1,0,0,0,0,0,0,0,0,0,0
2002,290889,0,1,21,21,21,21,21,21,21,21,21,21
2002,290889,1,1,0,12,11,0,33,0,9,0,0,20
2002,290890,1,1,0,0,0,0,0,0,0,0,0,0
2002,290890,2,1,0,0,0,0,13,3,0,0,0,0
2002,290891,1,1,0,0,0,0,0,0,0,0,0,0
2002,290891,2,1,0,0,0,0,0,0,0,0,0,0
2002,290892,1,1,0,0,0,0,0,0,0,0,0,0
2002,290892,2,1,0,0,0,0,0,0,0,0,0,0
2002,290893,1,1,0,0,0,0,0,0,0,0,0,0
2002,290894,1,1,0,0,0,0,0,0,0,0,0,0
2002,290895,1,1,12,12,12,12,12,12,12,12,12,12
2002,290896,1,1,24,24,24,24,24,24,24,24,24,24
2002,290897,1,1,0,0,0,0,0,0,0,0,0,3
2002,290897,2,1,4,4,4,4,4,4,4,4,4,4
2002,290897,3,1,0,0,0,0,0,0,0,0,0,0
2002,290899,1,1,19,19,19,19,19,19,19,19,19,19
2002,290900,1,1,0,11,0,19,0,9,0,15,0,5
2002,290901,1,1,23,23,23,23,23,23,23,23,23,23
2002,290902,1,1,0,0,0,0,0,0,0,0,0,0
2002,290902,2,1,0,22,0,0,0,0,0,0,0,0
2002,290903,1,1,20,20,20,20,20,20,20,20,20,20
2002,290904,1,1,0,0,0,0,0,0,0,0,0,0
2002,290905,1,1,0,14,10,0,0,0,0,0,0,0
2002,290906,1,1,0,0,0,0,0,0,0,0,0,0
2002,290906,2,1,0,0,0,0,0,0,0,0,0,0
2002,290907,0,1,0,0,0,0,0,0,0,0,0,0
2002,290907,1,1,0,0,0,0,0,0,0,0,0,0
2002,290907,2,1,0,0,0,17,0,7,14,0,0,0
2002,290908,1,1,6,6,6,6,6,6,6,6,6,6
2002,290909,1,1,36,22,13,0,38,0,15,0,19,7
2002,290910,1,1,0,0,0,0,0,0,0,0,0,0
2002,290910,2,1,0,0,0,0,0,0,0,0,0,0
2002,290910,3,1,0,0,0,0,0,0,0,0,0,0
2002,290911,1,1,0,0,0,0,0,0,0,0,0,0
2002,290911,2,1,0,0,0,0,0,0,0,0,0,0
2002,290912,1,1,0,0,0,0,0,0,0,0,0,0
2002,290913,1,1,0,0,0,0,0,0,0,0,0,0
2002,290914,1,1,0,0,0,0,0,0,0,0,0,0
2002,290914,2,1,0,0,0,0,0,0,0,0,0,0
2002,290915,1,1,0,0,0,0,0,0,0,0,0,0
2002,290915,2,1,0,0,0,0,0,0,0,0,0,4
2002,290916,1,1,0,0,0,0,0,0,0,0,0,0
2002,290917,1,1,0,0,0,0,0,0,0,0,0,0
2002,290917,2,1,0,0,0,0,0,0,0,0,0,0
2002,290918,1,1,24,24,24,24,24,24,24,24,24,24
2002,290919,1,1,9,9,9,9,9,9,9,9,9,9
2002,290920,1,1,28,28,28,28,28,28,28,28,28,28
2002,290921,1,1,0,0,0,0,0,0,0,0,0,0
2002,290922,1,1,0,0,0,0,0,15,0,0,0,0
2002,290923,1,1,17,17,17,17,17,17,17,17,17,17
2002,290924,1,1,0,0,0,0,0,0,0,0,0,0
2002,290925,1,1,15,15,15,15,15,15,15,15,15,15
2002,290926,1,1,12,12,12,12,12,12,12,12,12,12
2002,290927,1,1,0,0,0,0,0,0,0,0,0,0
2002,290927,2,1,0,0,0,0,0,0,0,0,0,0
2002,290928,1,1,31,31,31,31,31,31,31,31,31,31
2002,290928,2,1,0,0,0,0,61,0,0,0,0,0
2002,290929,1,1,0,0,0,0,0,0,0,0,0,0
2002,290929,2,1,0,11,0,0,16,0,0,0,0,0
2002,290930,1,1,15,15,15,15,15,15,15,15,15,15
2002,290931,1,1,0,0,0,0,0,0,0,0,0,0
2002,290931,2,1,0,0,0,0,0,15,0,0,0,0
2002,290932,1,1,10,10,10,10,10,10,10,10,10,10
2002,290933,1,1,0,9,0,0,0,0,0,0,0,3
2002,290933,2,1,0,0,0,0,0,0,0,0,0,0
2002,290933,3,1,0,0,0,0,0,0,0,0,0,0
2002,290933,4,1,0,0,0,0,0,0,0,0,0,0
2002,290934,0,1,3,3,3,3,3,3,3,3,3,3
2002,290934,1,1,0,0,0,0,0,0,0,0,17,0
2002,290935,1,1,0,0,0,0,0,0,0,0,0,0
2002,290936,1,1,17,17,17,17,17,17,17,17,17,17
2002,290937,1,1,29,29,29,29,29,29,29,29,29,29
2002,290938,1,1,19,19,19,19,19,19,19,19,19,19
2002,290939,1,1,12,12,12,12,12,12,12,12,12,12
2002,290940,1,1,0,0,0,0,0,32,0,0,0,0
2002,290940,2,1,0,0,0,0,0,0,3,0,0,0
2002,290941,1,1,12,12,12,12,12,12,12,12,12,12
2002,290942,1,1,0,0,0,0,0,0,0,0,0,0
2002,290943,1,1,0,0,0,0,0,0,0,0,0,0
2002,290944,1,1,2,2,2,2,2,2,2,2,2,2
2002,290945,1,1,25,25,25,25,25,25,25,25,25,25
2002,290946,1,1,18,18,18,18,18,18,18,18,18,18
2002,290947,1,1,25,25,25,25,25,25,25,25,25,25
2002,290947,2,1,0,0,0,0,0,0,0,0,0,0
2002,290948,1,1,20,20,20,20,20,20,20,20,20,20
2002,290949,1,1,12,12,12,12,12,12,12,12,12,12
2002,290950,1,1,0,0,0,0,0,0,0,0,0,0
2002,290950,2,1,0,0,0,0,0,0,0,25,0,0
2002,290950,3,1,0,0,0,0,0,0,0,14,0,0
2002,290951,1,1,0,0,0,0,0,0,0,0,0,0
2002,290952,1,1,0,0,0,0,0,0,0,0,0,0
2002,290952,2,1,0,0,0,0,0,0,0,0,0,0
2002,290952,3,1,11,0,11,0,0,0,9,12,0,0
2002,290953,0,1,16,16,16,16,16,16,16,16,16,16
2002,290953,1,1,0,0,0,0,0,13,0,0,0,0
2002,290954,1,1,21,24,14,27,18,11,35,37,10,22
2002,290955,1,1,0,0,0,0,0,0,0,0,0,0
2002,290955,2,1,40,0,29,16,8,0,0,0,0,0
2002,290956,1,1,53,53,53,53,53,53,53,53,53,53
2002,290957,1,1,0,0,0,0,0,0,0,0,0,0
2002,290957,2,1,0,0,0,0,0,0,0,0,0,0
2002,290958,1,1,0,0,0,0,0,0,0,0,0,0
2002,290959,1,1,21,21,21,21,21,21,21,21,21,21
2002,290960,0,1,0,0,0,0,0,0,0,0,0,0
2002,290960,1,1,0,0,0,0,0,0,0,0,0,25
2002,290961,1,1,0,0,0,0,0,0,0,0,0,0
2002,290961,2,1,0,0,0,0,0,0,0,0,0,0
2002,290962,1,1,0,0,0,0,0,0,0,0,0,0
2002,290962,2,1,0,0,0,0,0,0,0,0,0,0
2002,290962,3,1,0,0,0,0,0,0,0,0,0,0
2002,290963,1,1,0,0,0,0,0,0,0,0,0,0
2002,290964,1,1,0,0,11,5,0,23,18,25,22,26
2002,290965,1,1,0,0,0,0,0,0,0,0,0,0
2002,290965,2,1,0,0,0,0,0,0,0,0,0,0
2002,290966,1,1,0,0,0,0,0,0,0,0,0,0
2002,290966,2,1,0,0,0,0,0,0,0,0,0,0
2002,290966,3,1,0,0,20,24,0,0,0,0,0,0
2002,290967,1,1,20,20,20,20,20,20,20,20,20,20
2002,290968,1,1,0,0,0,0,0,0,0,0,0,0
2002,290969,1,1,0,0,0,0,0,0,0,0,0,0
2002,290969,2,1,0,0,0,0,0,0,0,0,0,0
2002,290970,1,1,0,0,0,0,0,0,0,0,0,0
2002,290970,2,1,0,11,0,0,0,0,0,0,0,0
2002,290971,1,1,20,22,12,0,0,18,0,0,6,0
2002,290972,1,1,22,22,22,22,22,22,22,22,22,22
2002,290973,1,1,10,0,26,21,0,25,10,0,0,0
2002,290973,2,1,0,0,0,0,0,0,0,0,0,0
2002,290974,1,1,13,13,13,13,13,13,13,13,13,13
2002,290975,1,1,0,0,0,0,0,0,0,0,0,0
2002,290975,2,1,0,0,0,0,0,0,0,0,0,0
2002,290977,1,1,18,18,18,18,18,18,18,18,18,18
2002,290978,1,1,20,20,20,20,20,20,20,20,20,20
2002,290979,1,1,12,12,12,12,12,12,12,12,12,12
2002,290979,2,1,0,0,0,0,0,0,0,0,0,0
2002,290980,1,1,18,18,18,18,18,18,18,18,18,18
2002,290980,2,1,0,0,0,0,0,0,0,0,0,0
2002,290981,1,1,0,0,0,0,0,0,0,10,2,0
2002,290982,1,1,0,0,0,0,0,0,0,0,0,0
2002,290982,2,1,19,0,0,0,14,0,0,0,0,15
2002,290983,1,1,0,0,0,0,0,0,0,0,0,0
2002,290984,1,1,0,0,0,0,0,0,0,0,0,0
2002,290984,2,1,0,0,0,0,0,0,0,0,0,0
2002,290985,1,1,0,0,0,0,0,0,0,0,0,0
2002,290986,1,1,28,28,28,28,28,28,28,28,28,28
2002,290986,2,1,0,0,0,0,0,0,0,0,0,0
2002,290987,1,1,0,0,0,0,0,0,0,0,0,0
2002,290988,1,1,0,0,0,0,0,0,0,0,0,0
2002,290988,2,1,0,0,0,25,0,0,0,20,0,0
2002,290989,1,1,0,0,0,9,10,11,0,0,0,0
2002,290990,1,1,0,0,0,0,0,0,0,0,0,0
2002,290990,2,1,0,0,0,0,0,0,0,0,0,0
2002,290991,1,1,0,0,0,0,0,0,0,0,0,0
2002,290991,2,1,0,0,0,0,0,0,0,0,0,0
2002,290993,1,1,0,0,0,0,0,0,0,0,0,0
2002,290994,1,1,0,0,0,0,0,0,0,0,0,0
2002,290995,1,1,0,0,0,0,0,0,0,0,0,0
2002,290995,2,1,0,0,0,0,0,0,0,0,0,0
2002,290996,1,1,18,0,0,0,3,0,0,0,0,0
2002,290996,2,1,0,0,0,0,22,0,0,0,0,0
2002,290997,1,1,0,0,0,0,0,0,0,0,0,0
2002,290997,2,1,0,0,0,0,0,0,0,0,0,0
2002,290998,1,1,0,0,0,0,0,0,0,0,0,0
2002,290998,2,1,0,4,0,0,0,0,0,0,0,0
2002,290999,1,1,0,0,0,0,0,0,0,0,0,0
2002,290999,2,1,0,0,0,0,0,0,0,0,0,0
2002,291000,1,1,0,0,0,0,0,0,0,0,0,0
2002,291001,1,1,0,0,0,0,0,0,0,0,0,0
2002,291001,2,1,0,0,0,8,0,0,24,0,0,15
2002,291002,1,1,13,13,13,13,13,13,13,13,13,13
2002,291002,2,1,0,0,11,13,0,0,0,0,21,0
2002,291003,1,1,14,14,14,14,14,14,14,14,14,14
2002,291004,1,1,0,20,0,0,0,18,0,5,0,0
2002,291004,2,1,0,0,21,16,12,0,0,0,0,0
2002,291004,3,1,0,0,0,0,0,21,14,0,0,0
2002,291004,4,1,0,0,0,0,0,0,0,0,0,0
2002,291004,5,1,0,0,14,0,0,0,0,0,0,0
2002,291005,1,1,0,0,0,0,0,0,0,0,0,0
2002,291006,1,1,0,0,0,0,0,0,0,0,0,0
2002,291006,2,1,0,0,0,0,0,0,0,0,0,0
2002,291007,1,1,9,14,4,7,35,15,29,23,38,16
2002,291008,1,1,0,0,0,0,0,0,0,0,0,0
2002,291008,2,1,0,0,0,0,0,0,0,0,0,0
2002,291008,3,1,0,0,0,0,0,0,0,0,0,0
2002,291009,0,1,0,0,0,0,0,0,0,0,0,0
2002,291009,1,1,0,0,0,0,0,0,0,0,0,0
2002,291010,1,1,11,0,0,0,0,0,0,0,0,0
2002,291010,2,1,0,0,0,0,0,0,19,0,15,0
2002,291011,1,1,0,0,0,0,0,0,5,0,0,0
2002,291012,1,1,0,0,0,0,6,24,0,12,0,0
2002,291012,2,1,0,14,15,21,12,0,3,10,0,34
2002,291013,1,1,0,0,0,0,0,0,0,0,0,0
2002,291014,1,1,0,0,0,0,0,0,0,0,0,0
2002,291014,2,1,0,0,0,0,0,0,0,0,0,0
2002,291015,1,1,0,0,0,0,0,0,0,0,0,0
2002,291015,2,1,0,0,0,0,0,0,0,0,0,0
2002,291016,1,1,0,0,0,0,12,0,10,0,0,0
2002,291017,1,1,13,13,13,13,13,13,13,13,13,13
2002,291017,2,1,0,0,0,0,0,0,0,0,0,0
2002,291018,1,1,42,42,42,42,42,42,42,42,42,42
2002,291018,2,1,0,0,0,0,0,0,0,0,0,0
2002,291019,1,1,0,0,0,0,12,0,13,0,0,9
2002,291019,2,1,0,0,0,0,0,0,0,0,0,10
2002,291020,1,1,0,0,0,0,0,0,0,0,0,0
2002,291021,1,1,28,28,28,28,28,28,28,28,28,28
2002,291022,1,1,10,16,0,17,4,19,21,15,9,26
2002,291023,1,1,0,0,0,0,0,0,0,17,0,0
2002,291023,2,1,11,0,0,0,0,0,0,0,0,0
2002,291024,1,1,0,0,0,0,30,21,0,0,0,0
2002,291025,1,1,0,0,0,0,0,0,0,0,0,0
2002,291025,2,1,0,0,0,0,14,0,0,0,0,0
2002,291026,1,1,0,0,0,0,0,0,0,0,0,0
2002,291026,2,1,0,0,0,0,0,0,0,0,0,0
2002,291027,1,1,0,0,0,0,0,0,0,0,0,0
2002,291027,2,1,0,0,0,0,0,0,0,0,0,0
2002,291028,1,1,21,0,0,0,10,0,0,0,30,0
2002,291029,1,1,6,0,0,0,0,0,0,6,0,0
2002,291029,2,1,0,0,0,0,0,0,0,0,0,0
2002,291030,1,1,0,0,0,0,0,0,0,0,0,0
2002,291030,2,1,0,0,0,0,0,0,0,0,0,0
2002,291031,1,1,0,0,0,11,0,0,0,0,0,0
2002,291031,2,1,0,0,0,0,0,0,0,0,0,0
2002,291032,1,1,0,0,0,0,0,0,0,0,0,0
2002,291033,1,1,6,6,6,6,6,6,6,6,6,6
2002,291034,1,1,17,25,4,27,10,29,16,9,20,21
2002,291034,2,1,0,0,0,0,0,0,0,0,0,0
2002,291035,1,1,26,14,19,31,28,15,7,19,40,18
2002,291036,1,1,20,20,20,20,20,20,20,20,20,20
2002,291037,1,1,18,18,18,18,18,18,18,18,18,18
2002,291038,1,1,0,0,0,0,11,15,0,0,12,9
2002,291039,1,1,0,0,0,0,11,0,0,0,0,0
2002,291039,2,1,0,0,0,0,0,0,0,0,0,0
2002,291040,1,1,10,22,32,7,19,0,3,17,5,13
2002,291041,0,1,5,5,5,5,5,5,5,5,5,5
2002,291041,1,1,0,0,0,0,0,0,0,0,0,4
2002,291042,1,1,17,17,17,17,17,17,17,17,17,17
2002,291042,2,1,10,10,10,10,10,10,10,10,10,10
2002,291043,1,1,8,8,8,8,8,8,8,8,8,8
2002,291044,1,1,0,0,0,0,0,0,0,0,0,0
2002,291044,2,1,11,19,11,0,15,0,3,0,0,0
2002,291045,1,1,0,0,0,0,0,0,0,0,0,0
2002,291045,2,1,0,0,23,0,11,0,0,5,0,0
2002,291046,1,1,0,0,0,0,0,0,0,0,0,0
2002,291047,1,1,20,20,20,20,20,20,20,20,20,20
2002,291048,1,1,17,6,19,12,35,7,15,22,0,27
2002,291049,1,1,0,0,12,0,0,0,0,0,0,0
2002,291049,2,1,0,0,0,0,0,0,0,0,0,0
2002,291050,1,1,17,29,9,19,23,0,15,24,22,19
2002,291050,2,1,14,14,14,14,14,14,14,14,14,14
2002,291051,0,1,38,38,38,38,38,38,38,38,38,38
2002,291051,1,1,0,0,0,0,0,0,0,0,0,0
2002,291052,0,1,0,0,0,0,0,0,0,0,0,0
2002,291052,1,1,0,0,0,0,0,0,0,0,0,0
2002,291053,1,1,0,0,0,0,0,0,0,0,0,0
2002,291054,1,1,28,28,28,28,28,28,28,28,28,28
2002,291055,1,1,20,26,17,11,13,16,23,18,18,32
2002,291056,1,1,0,0,0,0,0,0,0,0,0,0
2002,291058,1,1,0,4,0,0,4,0,0,10,0,16
2002,291058,2,1,16,0,0,2,0,3,0,0,0,0
2002,291059,1,1,0,0,0,0,0,0,0,0,0,0
2002,291059,2,1,0,0,0,0,0,0,0,0,0,0
2002,291060,0,1,12,12,12,12,12,12,12,12,12,12
2002,291060,1,1,0,0,0,0,0,0,0,0,0,0
2002,291061,0,1,0,0,0,0,0,0,0,0,0,0
2002,291061,1,1,0,0,0,0,0,0,0,0,3,0
2002,291062,1,1,0,0,0,0,0,0,0,0,0,0
2002,291063,0,1,5,5,5,5,5,5,5,5,5,5