YEAR,ST_CASE,veh_no,per_no,P1,P2,P3,P4,P5,P6,P7,P8,P9,P10
2002,310057,2,1,0,0,0,0,0,0,0,0,0,15
2002,310058,1,1,0,0,0,0,0,0,0,0,0,0
2002,310058,2,1,0,0,0,0,0,0,0,0,0,0
2002,310059,1,1,0,0,0,0,0,0,0,0,0,0
2002,310060,1,1,27,27,27,27,27,27,27,27,27,27
2002,310061,1,1,6,6,6,6,6,6,6,6,6,6
2002,310061,2,1,0,0,0,0,0,0,0,0,0,0
2002,310062,1,1,18,18,18,18,18,18,18,18,18,18
2002,310062,2,1,0,0,0,0,0,0,0,0,0,0
2002,310063,1,1,0,0,0,0,0,0,0,0,0,0
2002,310064,1,1,0,0,0,0,0,0,0,0,0,0
2002,310064,2,1,0,0,0,0,0,0,0,0,0,0
2002,310065,1,1,0,0,0,0,0,0,0,0,0,0
2002,310066,1,1,18,18,18,18,18,18,18,18,18,18
2002,310067,1,1,16,16,16,16,16,16,16,16,16,16
2002,310068,1,1,19,19,19,19,19,19,19,19,19,19
2002,310069,1,1,5,5,5,5,5,5,5,5,5,5
2002,310070,1,1,0,0,0,0,0,0,0,0,0,0
2002,310071,1,1,15,15,15,15,15,15,15,15,15,15
2002,310071,2,1,0,0,0,0,0,0,0,0,0,0
2002,310072,1,1,19,19,19,19,19,19,19,19,19,19
2002,310073,1,1,22,22,22,22,22,22,22,22,22,22
2002,310074,1,1,17,17,17,17,17,17,17,17,17,17
2002,310075,1,1,0,0,0,0,0,0,0,0,0,0
2002,310076,1,1,0,0,0,0,0,0,0,0,0,0
2002,310076,2,1,22,10,0,14,23,22,8,9,25,0
2002,310077,1,1,0,0,0,0,0,0,0,0,0,0
2002,310078,1,1,10,10,10,10,10,10,10,10,10,10
2002,310078,2,1,0,0,0,0,0,0,0,0,0,0
2002,310079,1,1,0,0,0,0,0,0,0,0,0,0
2002,310080,1,1,0,0,0,0,0,0,0,0,0,0
2002,310080,2,1,0,0,0,0,0,0,0,0,0,0
2002,310081,1,1,0,0,0,0,0,0,0,0,0,0
2002,310081,2,1,0,0,0,0,0,0,0,0,0,0
2002,310082,1,1,15,15,15,15,15,15,15,15,15,15
2002,310083,1,1,1,1,1,1,1,1,1,1,1,1
2002,310083,2,1,0,0,0,0,0,0,0,0,0,0
2002,310083,3,1,0,0,0,0,0,0,0,0,0,0
2002,310083,4,1,0,0,0,0,0,0,0,0,0,0
2002,310084,1,1,0,0,0,0,0,0,0,0,0,0
2002,310084,2,1,0,0,0,0,0,0,0,0,0,0
2002,310084,3,1,0,0,0,0,0,0,0,0,0,0
2002,310084,4,1,0,0,0,0,0,0,0,0,0,0
2002,310084,5,1,10,10,10,10,10,10,10,10,10,10
2002,310085,1,1,19,19,19,19,19,19,19,19,19,19
2002,310085,2,1,0,0,0,0,0,0,0,0,0,0
2002,310086,1,1,0,0,0,0,0,0,0,0,0,0
2002,310086,2,1,0,0,0,0,0,0,0,0,0,0
2002,310087,0,1,19,17,23,26,0,0,0,0,0,0
2002,310087,0,2,23,0,0,0,0,23,0,16,0,0
2002,310087,0,3,0,0,0,0,0,0,0,0,0,0
2002,310087,1,1,23,23,23,23,23,23,23,23,23,23
2002,310088,1,1,0,0,0,0,0,0,0,0,0,0
2002,310088,2,1,0,0,0,0,0,0,0,0,0,0
2002,310089,1,1,0,0,0,0,0,0,0,0,0,0
2002,310089,2,1,20,20,20,20,20,20,20,20,20,20
2002,310090,1,1,0,0,0,0,0,0,0,12,0,0
2002,310091,1,1,31,31,31,31,31,31,31,31,31,31
2002,310092,1,1,18,18,18,18,18,18,18,18,18,18
2002,310093,1,1,0,0,0,0,0,0,0,0,0,0
2002,310094,1,1,0,0,0,0,0,0,0,0,0,0
2002,310094,2,1,0,0,0,0,0,0,0,0,0,0
2002,310094,3,1,0,0,0,0,0,0,0,0,0,0
2002,310095,1,1,32,32,32,32,32,32,32,32,32,32
2002,310096,1,1,0,0,0,0,0,0,0,0,0,0
2002,310096,2,1,0,0,0,0,0,0,0,0,0,0
2002,310097,1,1,15,15,15,15,15,15,15,15,15,15
2002,310098,1,1,6,6,6,6,6,6,6,6,6,6
2002,310099,1,1,19,19,19,19,19,19,19,19,19,19
2002,310100,1,1,0,0,0,0,0,0,0,0,0,0
2002,310101,0,1,0,0,0,0,0,0,0,0,0,0
2002,310101,1,1,0,0,0,0,0,0,0,0,0,0
2002,310102,1,1,0,0,0,0,0,0,0,0,0,0
2002,310102,2,1,0,0,0,0,0,0,0,0,0,0
2002,310103,1,1,0,0,0,0,0,0,0,0,0,0
2002,310103,2,1,0,0,0,0,0,0,0,0,0,0
2002,310104,1,1,26,26,26,26,26,26,26,26,26,26
2002,310105,1,1,0,0,0,0,0,0,0,0,0,0
2002,310105,2,1,0,0,0,0,0,0,0,0,0,0
2002,310105,3,1,0,0,0,0,0,0,0,0,0,0
2002,310105,4,1,0,0,0,0,0,0,0,0,0,0
2002,310105,5,1,0,0,0,0,0,0,0,0,0,0
2002,310105,6,1,0,0,0,0,0,0,0,0,0,0
2002,310105,7,1,0,0,0,0,0,0,0,0,0,0
2002,310105,8,1,0,0,0,0,0,0,0,0,0,0
2002,310105,9,1,0,0,0,0,0,0,0,0,0,0
2002,310105,10,1,0,0,0,0,0,0,0,0,0,0
2002,310106,1,1,0,0,0,0,0,0,0,0,0,0
2002,310106,2,1,0,0,0,0,0,0,0,0,0,0
2002,310107,1,1,0,0,0,0,0,0,0,0,0,0
2002,310107,2,1,15,15,15,15,15,15,15,15,15,15
2002,310108,1,1,4,4,4,4,4,4,4,4,4,4
2002,310109,1,1,6,6,6,6,6,6,6,6,6,6
2002,310110,1,1,0,0,0,0,0,0,0,0,0,0
2002,310111,1,1,19,19,19,19,19,19,19,19,19,19
2002,310111,2,1,0,0,0,0,0,0,0,0,0,0
2002,310112,1,1,5,5,5,5,5,5,5,5,5,5
2002,310113,1,1,26,26,26,26,26,26,26,26,26,26
2002,310114,1,1,0,0,0,0,0,0,0,0,0,0
2002,310114,2,1,0,0,0,0,0,0,0,0,0,0
2002,310114,3,1,0,0,0,0,0,0,0,0,0,0
2002,310115,1,1,0,0,0,0,0,0,0,0,0,0
2002,310116,1,1,0,0,0,0,0,0,0,0,0,0
2002,310116,2,1,0,0,0,0,0,0,0,0,0,0
2002,310117,1,1,9,9,9,9,9,9,9,9,9,9
2002,310118,1,1,0,0,0,5,0,14,11,0,0,0
2002,310119,1,1,0,0,0,0,0,0,0,0,0,0
2002,310119,2,1,0,0,0,0,0,0,0,0,0,0
2002,310120,1,1,0,0,0,0,0,0,0,0,0,0
2002,310121,1,1,0,0,0,0,0,0,0,0,0,0
2002,310121,2,1,0,0,0,0,0,0,0,0,0,0
2002,310122,0,1,0,0,0,0,0,0,0,0,0,0
2002,310122,1,1,0,0,0,0,0,0,0,0,0,0
2002,310123,1,1,0,0,0,0,0,0,0,0,0,0
2002,310123,2,1,0,0,0,0,0,0,0,0,0,0
2002,310123,3,1,0,0,0,0,0,0,0,0,0,0
2002,310123,4,1,0,0,0,0,0,0,0,0,0,0
2002,310124,0,1,0,0,0,0,0,0,0,0,0,0
2002,310124,1,1,0,0,0,0,0,0,0,0,0,0
2002,310125,1,1,28,28,28,28,28,28,28,28,28,28
2002,310126,1,1,28,28,28,28,28,28,28,28,28,28
2002,310127,1,1,0,0,0,0,0,0,0,0,0,0
2002,310127,2,1,0,0,0,0,0,0,0,0,0,0
2002,310128,1,1,0,0,0,0,0,0,0,0,0,0
2002,310128,2,1,0,0,0,0,0,0,0,0,0,0
2002,310129,1,1,0,0,0,0,0,0,0,0,0,0
2002,310129,2,1,0,0,0,0,0,0,0,0,0,0
2002,310130,1,1,21,21,21,21,21,21,21,21,21,21
2002,310130,2,1,0,30,0,0,0,0,0,0,0,0
2002,310131,1,1,0,0,0,0,0,0,0,0,0,0
2002,310132,1,1,0,0,0,0,0,0,0,0,0,0
2002,310132,2,1,0,0,0,0,0,0,0,0,0,0
2002,310132,3,1,0,0,0,0,0,0,0,0,0,0
2002,310133,1,1,25,0,0,0,0,0,0,0,10,9
2002,310134,1,1,0,0,0,0,0,0,0,0,0,0
2002,310134,2,1,0,0,0,0,0,0,0,0,0,0
2002,310134,3,1,0,0,0,0,0,0,0,0,0,0
2002,310134,4,1,0,0,0,0,0,0,0,0,0,0
2002,310135,1,1,3,3,3,3,3,3,3,3,3,3
2002,310135,2,1,0,0,24,0,0,0,0,0,21,0
2002,310136,1,1,0,0,0,0,0,0,0,0,0,0
2002,310137,0,1,0,0,0,0,0,0,0,0,0,0
2002,310137,1,1,0,0,0,0,0,0,0,0,0,0
2002,310138,1,1,0,0,0,0,0,0,0,0,0,0
2002,310139,1,1,4,4,4,4,4,4,4,4,4,4
2002,310140,1,1,0,0,0,0,0,0,0,0,0,0
2002,310141,1,1,12,12,12,12,12,12,12,12,12,12
2002,310142,1,1,0,0,0,0,0,0,0,0,0,0
2002,310143,1,1,2,2,2,2,2,2,2,2,2,2
2002,310144,1,1,0,0,0,0,0,0,0,0,0,0
2002,310145,1,1,0,0,0,0,0,0,0,0,0,0
2002,310146,1,1,0,0,0,0,0,0,0,0,0,0
2002,310146,2,1,0,0,0,0,0,0,0,0,0,0
2002,310147,1,1,0,0,0,0,0,0,0,0,0,0
2002,310148,1,1,0,0,0,0,0,0,0,0,0,0
2002,310148,2,1,0,0,0,0,0,0,0,0,0,0
2002,310149,1,1,0,0,0,0,0,0,17,0,0,0
2002,310150,1,1,0,9,19,0,0,17,0,0,0,0
2002,310151,1,1,0,0,0,0,0,0,0,0,0,0
2002,310151,2,1,4,4,4,4,4,4,4,4,4,4
2002,310152,1,1,9,9,9,9,9,9,9,9,9,9
2002,310152,2,1,20,20,16,0,0,0,0,32,0,0
2002,310153,1,1,31,31,31,31,31,31,31,31,31,31
2002,310154,1,1,0,0,0,0,0,0,0,0,0,0
2002,310155,1,1,0,0,0,0,0,0,0,0,0,0
2002,310156,1,1,17,17,17,17,17,17,17,17,17,17
2002,310157,0,1,0,0,0,0,4,0,12,0,0,0
2002,310157,1,1,0,0,0,0,0,0,0,0,0,0
2002,310158,1,1,10,25,13,28,17,18,0,22,21,14
2002,310158,2,1,0,0,0,0,0,0,0,0,0,0
2002,310159,1,1,0,0,0,0,0,0,0,0,0,0
2002,310159,2,1,10,10,10,10,10,10,10,10,10,10
2002,310160,1,1,24,24,24,24,24,24,24,24,24,24
2002,310161,1,1,0,0,0,0,0,0,0,0,0,0
2002,310161,2,1,0,0,0,0,0,0,0,0,0,0
2002,310162,0,1,26,26,26,26,26,26,26,26,26,26
2002,310162,1,1,0,0,0,0,0,0,0,0,0,0
2002,310163,1,1,0,0,0,0,0,0,0,0,0,0
2002,310163,2,1,0,0,0,0,0,0,0,0,0,0
2002,310163,3,1,0,0,0,0,0,0,0,0,0,0
2002,310164,1,1,0,0,0,0,0,0,0,0,0,0
2002,310164,2,1,0,0,0,0,0,0,0,0,0,0
2002,310165,1,1,32,32,32,32,32,32,32,32,32,32
2002,310166,1,1,25,25,25,25,25,25,25,25,25,25
2002,310167,1,1,0,0,0,0,0,0,0,0,0,0
2002,310168,1,1,0,0,0,0,0,0,0,0,0,0
2002,310168,2,1,0,0,0,0,0,0,0,0,0,0
2002,310169,1,1,0,0,0,0,0,0,0,0,0,0
2002,310169,2,1,0,0,0,0,0,0,0,0,0,0
2002,310170,1,1,0,0,0,0,0,0,0,0,0,0
2002,310170,2,1,0,0,0,0,0,0,0,0,0,0
2002,310170,3,1,0,0,0,0,0,0,0,0,0,0
2002,310170,4,1,0,0,0,0,0,0,0,0,0,0
2002,310171,1,1,0,0,0,0,0,0,0,0,0,0
2002,310172,1,1,0,0,0,0,0,0,0,0,0,0
2002,310173,0,1,0,0,0,0,0,0,0,0,0,0
2002,310173,0,2,0,0,0,0,0,0,0,0,0,0
2002,310173,1,1,0,0,0,0,0,0,0,0,0,0
2002,310174,1,1,22,22,22,22,22,22,22,22,22,22
2002,310175,1,1,0,0,0,0,0,0,0,0,0,0
2002,310175,2,1,0,0,0,0,0,0,0,0,0,0
2002,310176,1,1,0,0,0,0,0,0,0,0,0,0
2002,310176,2,1,0,0,0,0,0,0,0,0,0,0
2002,310177,1,1,20,20,20,20,20,20,20,20,20,20
2002,310177,2,1,0,0,0,0,0,0,0,0,0,0
2002,310178,1,1,0,0,0,0,0,0,0,0,0,0
2002,310179,1,1,0,0,0,0,0,0,0,0,0,0
2002,310180,1,1,0,0,0,0,0,0,0,0,0,0
2002,310180,2,1,10,10,10,10,10,10,10,10,10,10
2002,310181,1,1,0,0,0,0,0,0,0,0,0,0
2002,310181,2,1,0,0,0,0,0,0,0,0,0,0
2002,310182,1,1,9,9,9,9,9,9,9,9,9,9
2002,310182,2,1,7,7,7,7,7,7,7,7,7,7
2002,310183,1,1,0,0,0,0,0,0,0,0,0,0
2002,310184,1,1,0,0,0,0,0,0,0,0,0,0
2002,310184,2,1,0,0,0,0,0,0,0,0,0,0
2002,310185,1,1,0,0,0,0,0,0,0,0,0,0
2002,310185,2,1,0,0,0,0,0,0,0,0,0,0
2002,310186,1,1,0,0,0,0,0,0,0,0,0,0
2002,310186,2,1,0,0,0,0,0,0,0,0,0,0
2002,310187,1,1,16,16,16,16,16,16,16,16,16,16
2002,310188,1,1,6,6,6,6,6,6,6,6,6,6
2002,310189,1,1,10,10,10,10,10,10,10,10,10,10
2002,310189,2,1,2,2,2,2,2,2,2,2,2,2
2002,310190,0,1,5,0,0,0,0,0,0,0,0,0
2002,310190,1,1,0,0,0,0,0,0,0,0,0,0
2002,310191,1,1,0,0,0,0,0,0,0,0,0,0
2002,310192,1,1,11,11,11,11,11,11,11,11,11,11
2002,310193,1,1,0,0,0,0,0,0,0,0,0,0
2002,310193,2,1,0,0,0,0,0,0,0,0,0,0
2002,310194,1,1,0,0,0,0,0,0,0,0,0,0
2002,310194,2,1,0,0,0,0,0,0,0,0,0,0
2002,310195,1,1,19,19,19,19,19,19,19,19,19,19
2002,310196,1,1,0,0,0,0,0,0,0,0,0,0
2002,310197,1,1,25,25,25,25,25,25,25,25,25,25
2002,310198,1,1,0,0,0,0,0,0,0,0,0,0
2002,310198,2,1,0,0,0,0,0,0,0,0,0,0
2002,310199,1,1,9,9,9,9,9,9,9,9,9,9
2002,310200,1,1,0,0,0,0,0,0,0,0,0,0
2002,310200,2,1,0,0,0,0,0,0,0,0,0,0
2002,310200,3,1,0,0,0,18,0,0,0,0,0,19
2002,310201,1,1,0,0,0,0,0,0,0,0,0,0
2002,310202,1,1,0,0,0,0,0,0,0,0,0,0
2002,310202,2,1,0,0,0,0,0,0,0,0,0,0
2002,310203,1,1,0,0,0,0,0,0,0,0,0,0
2002,310203,2,1,0,0,0,0,0,0,0,0,0,0
2002,310204,1,1,27,27,27,27,27,27,27,27,27,27
2002,310205,1,1,0,0,0,0,0,0,0,0,0,0
2002,310205,2,1,0,0,0,0,0,0,0,0,0,0
2002,310206,1,1,8,8,8,8,8,8,8,8,8,8
2002,310207,1,1,0,0,0,0,0,0,0,18,0,0
2002,310208,1,1,22,22,22,22,22,22,22,22,22,22
2002,310209,1,1,24,24,24,24,24,24,24,24,24,24
2002,310210,1,1,0,0,0,0,0,0,0,0,0,0
2002,310210,2,1,0,0,0,0,0,0,0,0,0,0
2002,310211,1,1,0,0,0,0,0,0,0,0,0,0
2002,310212,1,1,0,0,0,0,0,0,0,0,0,0
2002,310213,1,1,0,0,0,0,0,0,0,0,0,0
2002,310214,1,1,13,13,13,13,13,13,13,13,13,13
2002,310215,1,1,0,0,0,0,0,0,0,31,0,18
2002,310216,1,1,0,0,0,0,0,0,0,0,0,0
2002,310216,2,1,0,0,0,0,0,0,0,0,0,0
2002,310217,1,1,0,0,0,0,0,0,0,0,0,0
2002,310217,2,1,0,0,0,0,0,0,0,0,0,0
2002,310218,1,1,0,0,0,0,0,0,0,0,0,0
2002,310219,1,1,0,0,0,0,0,0,0,0,0,0
2002,310220,1,1,0,0,0,0,0,0,0,0,0,0
2002,310221,1,1,0,0,0,0,0,0,0,0,0,0
2002,310221,2,1,0,0,0,0,0,0,0,0,0,0
2002,310222,1,1,0,0,0,0,0,0,0,0,0,0
2002,310222,2,1,0,0,0,0,0,0,0,0,0,0
2002,310223,1,1,0,0,0,0,0,0,0,0,0,0
2002,310224,1,1,3,3,3,3,3,3,3,3,3,3
2002,310225,1,1,0,0,0,0,20,20,0,0,0,0
2002,310226,1,1,0,0,0,0,0,0,0,0,0,0
2002,310227,1,1,11,11,11,11,11,11,11,11,11,11
2002,310228,1,1,0,0,0,0,0,0,0,0,0,0
2002,310229,1,1,18,18,18,18,18,18,18,18,18,18
2002,310230,1,1,0,0,0,0,0,0,0,0,0,0
2002,310230,2,1,0,0,0,0,0,0,0,0,0,0
2002,310231,1,1,0,0,0,0,0,0,0,0,0,0
2002,310231,2,1,3,3,3,3,3,3,3,3,3,3
2002,310232,1,1,0,0,0,0,0,0,0,0,0,0
2002,310232,2,1,0,0,0,0,0,0,0,0,0,0
2002,310233,1,1,0,0,0,0,0,0,0,0,0,0
2002,310233,2,1,0,0,0,0,0,0,0,0,0,0
2002,310234,1,1,0,0,0,0,0,0,0,0,0,0
2002,310234,2,1,0,0,0,0,0,0,0,0,0,0
2002,310234,3,1,0,0,0,0,0,0,0,0,0,0
2002,310235,1,1,0,0,0,0,0,0,0,0,0,0
2002,310236,1,1,0,0,0,0,0,0,0,0,0,0
2002,310237,1,1,0,0,0,0,0,0,0,0,0,0
2002,310238,1,1,0,0,0,0,0,0,0,0,0,0
2002,310239,1,1,0,0,0,0,0,0,0,0,0,0
2002,310239,2,1,0,0,0,0,0,0,0,0,0,0
2002,310239,3,1,0,0,0,0,0,0,0,0,0,0
2002,310240,0,1,0,0,0,0,0,0,0,0,0,0
2002,310240,1,1,0,0,0,0,0,0,0,0,0,0
2002,310241,1,1,0,0,0,0,0,0,0,0,0,0
2002,310242,1,1,0,0,0,0,0,0,0,0,0,0
2002,310242,2,1,0,0,0,0,0,0,0,0,0,0
2002,310243,1,1,0,0,0,0,0,0,0,0,0,0
2002,310243,2,1,0,0,0,0,0,0,0,0,0,0
2002,310243,3,1,0,0,0,0,0,0,0,0,0,0
2002,310243,4,1,0,0,0,0,0,0,0,0,0,0
2002,310243,5,1,0,0,0,0,0,0,0,0,0,0
2002,310244,1,1,9,0,12,16,25,25,13,26,5,19
2002,310244,2,1,0,0,0,0,7,0,0,0,0,0
2002,310245,1,1,0,0,0,8,0,18,0,0,0,0
2002,310246,1,1,0,0,22,0,25,0,7,14,0,0
2002,310247,1,1,0,0,0,0,0,0,0,0,0,0
2002,310247,2,1,0,0,0,0,0,0,0,0,0,0
2002,310248,1,1,21,21,21,21,21,21,21,21,21,21
2002,310249,1,1,0,0,0,0,0,0,0,0,0,0
2002,310249,2,1,0,0,0,0,0,0,0,0,0,0
2002,310250,1,1,0,0,0,0,0,0,0,0,20,0
2002,310251,1,1,0,0,0,0,0,0,0,0,0,0
2002,310251,2,1,0,0,0,0,0,0,0,0,0,0
2002,310252,1,1,11,11,11,11,11,11,11,11,11,11
2002,310252,2,1,0,0,0,0,0,0,0,0,0,0
2002,310253,1,1,0,0,0,0,0,0,0,0,0,0
2002,310254,1,1,0,0,0,0,0,0,0,0,0,0
2002,310255,1,1,0,0,0,0,0,0,0,0,0,0
2002,310255,2,1,0,0,0,0,0,0,0,0,0,0
2002,310256,1,1,17,17,17,17,17,17,17,17,17,17
2002,310257,1,1,0,0,0,0,0,0,0,0,0,0
2002,310257,2,1,0,0,0,0,0,0,0,0,0,0
2002,310258,1,1,0,0,0,0,0,0,0,0,0,0
2002,310259,1,1,0,0,0,0,0,0,0,0,0,0
2002,310260,1,1,11,11,11,11,11,11,11,11,11,11
2002,310261,1,1,0,20,0,0,0,14,26,0,0,0
2002,310262,1,1,0,0,0,0,0,0,0,0,0,0
2002,310263,1,1,13,13,13,13,13,13,13,13,13,13
2002,310264,1,1,0,0,0,0,0,0,0,0,0,0
2002,310265,1,1,10,10,10,10,10,10,10,10,10,10
2002,310266,1,1,20,20,20,20,20,20,20,20,20,20
2002,310267,1,1,21,21,21,21,21,21,21,21,21,21
2002,310268,1,1,0,0,0,0,0,0,0,0,0,0
2002,310269,1,1,0,0,0,0,0,0,0,0,0,0
2002,310269,2,1,0,0,0,0,0,0,0,0,0,0
2002,310270,1,1,0,0,0,0,0,0,0,0,0,0
2002,310271,1,1,0,0,0,0,0,0,0,0,0,0
2002,310271,2,1,24,24,24,24,24,24,24,24,24,24
2002,310272,1,1,0,0,0,10,20,18,0,0,18,16
2002,320001,0,1,0,0,0,0,0,0,0,0,0,0
2002,320001,1,1,0,0,8,0,0,12,0,0,11,0
2002,320002,1,1,0,0,0,0,0,0,0,0,0,0
2002,320002,2,1,0,0,0,0,0,0,0,0,0,0
2002,320003,1,1,0,0,0,0,0,0,0,0,0,0
2002,320004,1,1,20,20,20,20,20,20,20,20,20,20
2002,320004,2,1,0,0,0,0,0,0,0,0,0,0
2002,320005,1,1,7,7,7,7,7,7,7,7,7,7
2002,320005,2,1,0,16,0,0,0,17,0,0,0,0
2002,320005,3,1,0,0,0,6,0,0,0,19,0,0
2002,320005,4,1,0,0,0,0,0,0,0,0,0,0
2002,320006,1,1,0,0,0,0,0,0,0,0,0,0
2002,320006,2,1,0,0,0,0,0,0,0,0,0,0
2002,320007,0,1,28,28,28,28,28,28,28,28,28,28
2002,320007,1,1,0,0,0,0,0,0,0,11,0,0
2002,320008,1,1,0,0,0,0,0,0,0,0,0,0
2002,320008,2,1,16,0,0,0,0,0,0,0,0,0
2002,320009,1,1,0,0,0,0,0,0,0,0,0,0
2002,320009,2,1,0,0,0,0,0,0,0,0,0,0
2002,320010,1,1,0,0,0,0,0,0,0,0,0,0
2002,320011,1,1,0,0,0,0,0,0,0,0,0,0
2002,320012,1,1,0,0,0,0,0,0,0,0,0,0
2002,320012,2,1,0,0,0,0,0,0,0,0,0,0
2002,320013,1,1,13,13,13,13,13,13,13,13,13,13
2002,320014,1,1,0,0,0,0,0,0,0,0,15,8
2002,320015,0,1,10,10,10,10,10,10,10,10,10,10
2002,320015,1,1,0,4,0,0,5,0,25,0,0,0
2002,320016,0,1,0,0,0,0,0,0,0,0,0,0
2002,320016,1,1,0,0,0,0,0,0,0,0,0,0
2002,320017,0,1,25,25,25,25,25,25,25,25,25,25
2002,320017,1,1,0,0,0,0,0,0,0,0,0,0
2002,320018,1,1,22,22,22,22,22,22,22,22,22,22
2002,320019,1,1,0,0,0,0,0,0,0,0,0,0
2002,320020,0,1,19,19,19,19,19,19,19,19,19,19
2002,320020,1,1,0,0,0,0,0,0,0,0,0,0
2002,320021,1,1,18,18,18,18,18,18,18,18,18,18
2002,320022,1,1,0,0,0,0,0,0,0,0,0,0
2002,320023,1,1,0,0,0,0,0,0,0,0,0,0
2002,320024,1,1,0,0,0,0,0,0,0,0,0,0
2002,320024,2,1,0,0,0,0,0,0,0,0,0,0
2002,320024,3,1,0,0,0,0,0,0,0,0,0,0
2002,320025,1,1,0,0,0,0,0,0,0,0,0,0
2002,320026,1,1,3,3,3,3,3,3,3,3,3,3
2002,320026,2,1,0,0,0,0,0,0,0,0,0,0
2002,320027,1,1,0,0,0,0,0,0,0,0,0,0
2002,320027,2,1,0,0,0,0,0,0,0,0,0,0
2002,320028,0,1,23,23,23,23,23,23,23,23,23,23
2002,320028,1,1,0,0,0,0,0,0,0,0,0,0
2002,320029,1,1,19,19,19,19,19,19,19,19,19,19
2002,320029,2,1,0,0,0,0,0,0,0,0,0,0
2002,320029,3,1,0,0,0,0,0,0,20,0,0,0
2002,320030,0,1,0,0,0,0,0,0,0,0,0,0
2002,320030,1,1,0,0,0,0,0,0,9,0,0,0
2002,320031,0,1,0,0,0,0,0,0,0,0,0,0
2002,320031,1,1,0,0,0,0,0,0,0,5,0,0
2002,320032,1,1,0,0,0,0,0,0,0,0,0,0
2002,320032,2,1,0,0,0,0,0,0,0,0,0,0
2002,320033,1,1,18,18,18,18,18,18,18,18,18,18
2002,320034,1,1,0,0,0,0,0,0,0,0,0,0
2002,320035,1,1,0,0,0,0,0,0,0,0,0,0
2002,320036,1,1,14,14,14,14,14,14,14,14,14,14
2002,320037,1,1,0,0,0,0,0,0,0,0,0,0
2002,320037,2,1,2,2,2,2,2,2,2,2,2,2
2002,320037,3,1,0,12,0,0,0,0,0,0,0,16
2002,320038,1,1,2,2,2,2,2,2,2,2,2,2
2002,320039,1,1,0,0,0,0,0,0,0,0,0,0
2002,320040,0,1,0,0,0,0,0,0,0,0,0,0
2002,320040,0,2,0,0,0,0,0,0,0,0,0,0
2002,320040,1,1,0,0,0,0,0,0,0,0,0,0
2002,320041,1,1,25,25,25,25,25,25,25,25,25,25
2002,320041,2,1,0,17,0,0,0,0,5,0,0,0
2002,320042,1,1,15,15,15,15,15,15,15,15,15,15
2002,320042,2,1,0,0,0,10,0,0,19,0,0,0
2002,320043,0,1,0,0,0,0,0,0,0,0,0,0
2002,320043,0,2,0,0,11,0,0,0,3,0,0,0
2002,320043,1,1,0,0,0,0,0,0,0,8,0,0
2002,320044,0,1,0,0,0,0,0,0,0,0,0,0
2002,320044,1,1,0,0,0,0,0,0,0,0,0,0
2002,320045,0,1,18,18,18,18,18,18,18,18,18,18
2002,320045,1,1,0,0,0,0,0,0,0,0,0,0
2002,320046,1,1,18,18,18,18,18,18,18,18,18,18
2002,320047,0,1,0,0,0,0,0,0,0,0,0,0
2002,320047,1,1,0,0,15,0,0,0,0,0,0,0
2002,320048,0,1,0,0,0,0,0,0,0,0,0,0
2002,320048,1,1,0,0,0,0,0,0,0,0,0,0
2002,320049,1,1,0,0,0,0,0,0,0,0,0,0
2002,320049,2,1,0,0,0,0,0,0,0,0,0,0
2002,320050,0,1,27,27,27,27,27,27,27,27,27,27
2002,320050,1,1,0,0,0,0,0,0,0,0,0,0
2002,320050,2,1,0,0,0,0,0,0,0,0,0,0
2002,320050,3,1,0,14,0,0,0,0,0,0,0,0
2002,320051,0,1,0,0,0,0,0,0,0,0,0,0
2002,320051,1,1,0,0,0,0,0,0,0,0,0,0
2002,320052,1,1,9,0,0,0,0,0,0,0,0,0
2002,320052,2,1,0,0,0,0,0,0,0,0,0,0
2002,320053,1,1,14,14,0,0,0,0,0,0,4,0
2002,320053,2,1,22,6,27,0,0,26,30,13,15,34
2002,320053,3,1,0,23,0,4,0,11,0,0,0,8
2002,320054,1,1,0,0,0,0,0,0,0,0,0,0
2002,320054,2,1,0,0,0,0,0,0,0,0,0,0
2002,320054,3,1,0,0,0,0,0,0,0,0,0,0
2002,320054,4,1,0,0,0,0,0,0,0,0,0,0
2002,320055,1,1,0,0,0,0,0,0,0,0,0,0
2002,320056,1,1,0,0,0,0,0,0,0,0,0,0
2002,320056,2,1,19,19,19,19,19,19,19,19,19,19
2002,320057,1,1,18,18,18,18,18,18,18,18,18,18
2002,320057,2,1,0,0,0,0,0,0,0,0,0,0
2002,320058,1,1,40,40,40,40,40,40,40,40,40,40
2002,320058,2,1,4,4,4,4,4,4,4,4,4,4
2002,320058,3,1,0,0,0,0,0,0,0,0,0,15
2002,320059,1,1,19,19,19,19,19,19,19,19,19,19
2002,320060,1,1,0,0,0,22,13,0,0,19,0,10
2002,320061,0,1,11,11,11,11,11,11,11,11,11,11
2002,320061,1,1,3,3,3,3,3,3,3,3,3,3
2002,320062,1,1,0,0,0,0,0,0,0,0,0,0
2002,320062,2,1,0,0,0,0,0,0,0,0,0,0
2002,320063,1,1,0,0,0,0,0,0,0,0,0,0
2002,320063,2,1,0,0,0,0,0,0,0,0,0,0
2002,320064,1,1,0,0,0,0,0,0,0,0,0,0
2002,320064,2,1,0,0,0,0,0,0,0,0,0,0