YEAR,ST_CASE,veh_no,per_no,P1,P2,P3,P4,P5,P6,P7,P8,P9,P10
2002,320330,1,1,0,0,14,0,16,0,0,0,0,0
2002,330001,1,1,0,0,0,0,0,0,0,0,0,0
2002,330001,2,1,0,0,0,0,0,0,0,0,0,0
2002,330002,1,1,0,0,0,0,0,0,0,0,0,0
2002,330002,2,1,0,0,0,0,0,0,0,0,0,0
2002,330003,1,1,0,0,0,0,0,0,0,0,0,0
2002,330003,2,1,21,21,21,21,21,21,21,21,21,21
2002,330004,1,1,17,17,17,17,17,17,17,17,17,17
2002,330005,1,1,0,0,0,0,0,0,0,0,0,0
2002,330006,1,1,0,0,0,0,0,0,0,0,0,0
2002,330006,2,1,0,0,0,0,0,0,0,0,0,0
2002,330007,1,1,0,0,0,0,0,0,0,0,0,0
2002,330007,2,1,0,0,0,0,0,0,0,0,0,0
2002,330008,0,1,0,0,0,0,0,0,0,0,0,0
2002,330008,0,2,0,0,0,0,0,0,0,0,0,0
2002,330008,1,1,0,0,0,0,0,0,0,0,0,0
2002,330009,0,1,0,0,0,0,0,0,0,0,0,0
2002,330009,0,2,0,0,0,0,0,38,0,15,0,25
2002,330009,1,1,0,0,0,0,0,0,0,0,0,0
2002,330010,1,1,11,13,18,21,10,27,12,17,28,24
2002,330011,1,1,0,0,20,13,0,0,0,0,19,24
2002,330012,1,1,0,0,0,0,27,0,0,0,0,0
2002,330012,2,1,0,0,0,0,0,0,0,0,0,0
2002,330013,1,1,0,0,0,0,0,0,0,0,0,0
2002,330014,1,1,0,0,0,0,0,0,0,0,0,0
2002,330015,1,1,0,0,0,0,0,0,0,0,0,0
2002,330015,2,1,0,0,0,0,0,0,0,0,0,0
2002,330015,3,1,0,0,0,0,0,0,0,0,0,0
2002,330016,1,1,0,0,0,0,0,0,0,0,0,0
2002,330017,1,1,0,0,0,0,0,0,0,0,0,0
2002,330017,2,1,0,0,0,0,0,0,0,0,0,0
2002,330018,1,1,0,0,0,0,0,0,0,0,0,0
2002,330018,2,1,0,0,0,0,0,0,0,0,0,0
2002,330018,3,1,0,0,0,0,0,0,0,0,0,0
2002,330019,1,1,13,13,13,13,13,13,13,13,13,13
2002,330020,1,1,26,26,26,26,26,26,26,26,26,26
2002,330021,1,1,0,0,0,0,0,0,0,0,0,0
2002,330022,1,1,10,10,10,10,10,10,10,10,10,10
2002,330023,1,1,0,0,0,0,0,0,0,0,0,0
2002,330024,1,1,26,26,26,26,26,26,26,26,26,26
2002,330025,1,1,0,0,0,0,0,0,0,0,0,0
2002,330025,2,1,0,0,0,0,0,0,0,0,0,0
2002,330026,1,1,0,0,0,0,0,0,0,0,0,0
2002,330027,1,1,0,0,0,0,0,0,0,0,0,0
2002,330028,1,1,0,0,0,0,0,0,0,0,0,0
2002,330028,2,1,0,0,0,0,0,0,0,0,0,0
2002,330028,3,1,0,0,0,0,0,0,0,0,0,0
2002,330028,4,1,0,0,0,0,0,0,0,0,0,0
2002,330029,1,1,0,0,0,0,0,0,0,0,0,0
2002,330030,1,1,0,0,0,0,0,0,0,0,0,0
2002,330030,2,1,0,0,0,0,0,0,0,0,0,0
2002,330031,1,1,19,19,19,19,19,19,19,19,19,19
2002,330032,1,1,0,0,0,0,0,0,0,0,0,0
2002,330032,2,1,0,0,0,0,0,0,0,0,0,0
2002,330033,1,1,0,0,0,0,0,0,0,0,0,0
2002,330033,2,1,0,0,0,0,0,0,0,0,0,0
2002,330034,0,1,0,0,0,0,0,0,0,0,0,0
2002,330034,1,1,0,0,0,0,0,0,0,0,0,0
2002,330035,1,1,0,0,0,0,0,0,0,0,0,0
2002,330035,2,1,0,0,0,0,0,0,0,0,0,0
2002,330036,1,1,0,0,0,0,0,0,0,0,0,0
2002,330037,1,1,0,0,0,0,0,0,0,0,0,0
2002,330037,2,1,0,0,0,0,0,0,0,0,0,0
2002,330037,3,1,0,0,0,0,0,0,0,0,0,0
2002,330038,1,1,0,0,0,0,0,0,0,0,0,0
2002,330039,1,1,0,0,0,0,0,0,0,0,0,0
2002,330039,2,1,0,0,0,0,0,0,0,0,0,0
2002,330039,3,1,18,18,18,18,18,18,18,18,18,18
2002,330040,1,1,17,17,17,17,17,17,17,17,17,17
2002,330041,1,1,0,0,0,0,0,0,0,0,12,0
2002,330042,1,1,0,0,0,0,0,0,0,0,0,0
2002,330042,2,1,0,0,0,0,0,0,0,0,0,0
2002,330043,1,1,26,26,26,26,26,26,26,26,26,26
2002,330043,2,1,0,0,0,0,0,0,0,0,0,0
2002,330043,3,1,0,0,0,0,0,0,0,0,0,0
2002,330043,4,1,0,0,0,0,0,0,0,0,0,0
2002,330044,1,1,0,0,0,0,0,0,0,0,0,0
2002,330044,2,1,0,0,0,0,0,0,0,0,0,0
2002,330045,1,1,11,11,11,11,11,11,11,11,11,11
2002,330046,1,1,0,0,0,0,0,0,0,0,0,0
2002,330047,1,1,19,19,19,19,19,19,19,19,19,19
2002,330048,1,1,0,0,0,0,0,0,0,0,0,0
2002,330049,1,1,0,0,0,0,0,0,0,0,0,0
2002,330049,2,1,0,0,0,0,0,0,0,0,0,0
2002,330049,3,1,0,0,0,0,0,0,0,0,0,0
2002,330050,0,1,14,14,14,14,14,14,14,14,14,14
2002,330050,1,1,0,0,0,0,2,32,0,0,11,0
2002,330051,1,1,0,0,0,0,0,0,0,0,0,0
2002,330051,2,1,0,0,0,0,0,0,0,0,0,0
2002,330052,1,1,0,0,0,0,0,0,0,0,0,0
2002,330053,1,1,0,0,0,0,0,0,0,0,0,0
2002,330053,2,1,0,0,0,0,0,0,0,0,0,0
2002,330054,1,1,0,0,0,0,0,0,0,0,0,0
2002,330054,2,1,0,0,0,0,0,0,0,0,0,0
2002,330055,1,1,0,0,0,0,0,0,0,0,0,0
2002,330056,1,1,4,4,4,4,4,4,4,4,4,4
2002,330056,2,1,8,8,8,8,8,8,8,8,8,8
2002,330057,1,1,0,0,0,0,0,0,0,0,0,0
2002,330058,1,1,0,0,0,0,0,0,0,0,0,0
2002,330059,1,1,14,14,14,14,14,14,14,14,14,14
2002,330059,2,1,0,0,0,0,0,0,0,0,0,0
2002,330059,3,1,0,0,0,22,0,0,0,0,0,8
2002,330059,4,1,0,0,0,0,0,14,0,0,0,0
2002,330059,5,1,0,17,0,0,0,0,0,0,0,0
2002,330060,1,1,37,37,37,37,37,37,37,37,37,37
2002,330060,2,1,0,0,0,0,0,0,0,0,0,0
2002,330061,1,1,20,20,20,20,20,20,20,20,20,20
2002,330062,1,1,21,21,21,21,21,21,21,21,21,21
2002,330063,1,1,12,12,12,12,12,12,12,12,12,12
2002,330063,2,1,0,0,0,0,0,0,12,0,0,0
2002,330064,1,1,18,29,8,6,21,19,0,7,15,9
2002,330065,1,1,15,15,15,15,15,15,15,15,15,15
2002,330066,1,1,0,0,0,0,0,0,0,0,0,0
2002,330066,2,1,0,0,0,0,0,0,0,0,0,0
2002,330067,1,1,14,14,14,14,14,14,14,14,14,14
2002,330068,1,1,7,7,7,7,7,7,7,7,7,7
2002,330069,1,1,0,0,0,0,0,0,0,0,0,0
2002,330069,2,1,0,0,0,0,0,0,0,0,0,0
2002,330070,1,1,20,20,20,20,20,20,20,20,20,20
2002,330070,2,1,18,0,0,0,0,0,0,0,0,0
2002,330070,3,1,19,0,0,0,0,0,4,0,0,0
2002,330070,4,1,0,0,0,0,0,0,0,0,0,0
2002,330071,1,1,14,14,14,14,14,14,14,14,14,14
2002,330072,1,1,9,9,9,9,9,9,9,9,9,9
2002,330073,1,1,17,17,17,17,17,17,17,17,17,17
2002,330074,1,1,0,0,0,20,0,0,0,0,0,23
2002,330075,1,1,9,9,9,9,9,9,9,9,9,9
2002,330076,1,1,1,1,1,1,1,1,1,1,1,1
2002,330076,2,1,0,0,0,0,0,0,0,0,0,0
2002,330077,1,1,21,21,21,21,21,21,21,21,21,21
2002,330078,1,1,0,0,0,0,0,0,0,0,0,0
2002,330079,1,1,0,0,0,0,0,0,0,0,0,0
2002,330079,2,1,0,0,0,0,0,0,0,0,0,0
2002,330080,1,1,0,0,0,0,0,0,0,0,0,0
2002,330080,2,1,0,0,0,0,0,0,0,0,0,0
2002,330081,1,1,16,16,16,16,16,16,16,16,16,16
2002,330082,1,1,21,21,21,21,21,21,21,21,21,21
2002,330083,1,1,19,19,19,19,19,19,19,19,19,19
2002,330084,1,1,0,0,0,0,0,0,0,0,0,0
2002,330084,2,1,0,0,0,0,0,0,0,0,0,0
2002,330085,1,1,0,0,0,0,0,0,0,0,0,0
2002,330085,2,1,0,0,0,0,0,0,0,0,0,0
2002,330086,1,1,0,0,0,0,0,0,0,0,0,0
2002,330088,0,1,13,13,13,13,13,13,13,13,13,13
2002,330088,1,1,0,0,0,0,0,0,0,0,0,0
2002,330089,1,1,22,22,22,22,22,22,22,22,22,22
2002,330090,1,1,0,0,0,0,0,0,0,0,0,0
2002,330091,1,1,20,20,20,20,20,20,20,20,20,20
2002,330092,1,1,0,0,0,0,0,0,0,0,0,0
2002,330093,1,1,12,12,12,12,12,12,12,12,12,12
2002,330094,1,1,10,16,26,28,17,26,0,12,30,0
2002,330095,1,1,0,0,0,0,0,0,0,0,0,0
2002,330096,1,1,0,0,0,0,0,0,0,0,0,0
2002,330096,2,1,0,0,0,0,0,0,0,0,0,0
2002,330096,3,1,1,1,1,1,1,1,1,1,1,1
2002,330097,1,1,0,0,0,0,0,0,0,0,0,0
2002,330097,2,1,0,0,0,0,0,0,0,0,0,0
2002,330098,1,1,0,0,0,0,0,0,0,0,0,0
2002,330098,2,1,0,0,0,0,0,0,0,0,0,0
2002,330099,1,1,0,0,0,0,0,0,0,0,0,0
2002,330099,2,1,0,0,0,0,0,0,0,0,0,0
2002,330100,1,1,0,0,0,0,0,0,0,0,0,0
2002,330100,2,1,0,0,0,0,0,0,0,0,0,0
2002,330101,1,1,0,0,0,0,0,0,0,0,0,0
2002,330102,1,1,0,0,0,0,0,0,0,0,0,0
2002,330102,2,1,0,0,0,0,0,0,0,0,0,0
2002,330103,1,1,7,7,7,7,7,7,7,7,7,7
2002,330104,1,1,0,0,0,0,0,33,0,0,0,0
2002,330104,2,1,0,0,0,0,0,0,0,0,0,0
2002,330105,1,1,0,0,0,0,0,0,0,0,0,0
2002,330106,1,1,0,0,0,0,0,0,0,0,0,0
2002,330106,2,1,0,0,0,0,0,0,0,0,0,0
2002,330107,1,1,16,16,16,16,16,16,16,16,16,16
2002,330108,1,1,0,0,0,0,0,0,0,0,0,0
2002,330108,2,1,0,0,0,0,0,0,0,0,0,0
2002,330109,1,1,0,0,0,0,0,0,0,0,0,0
2002,330109,2,1,0,0,0,0,0,0,0,0,0,0
2002,330109,3,1,0,0,0,0,0,0,0,0,0,0
2002,330110,1,1,0,0,0,0,0,0,0,0,0,0
2002,330111,1,1,0,0,0,0,0,0,0,0,0,0
2002,330111,2,1,0,0,0,0,0,0,0,0,0,0
2002,330111,3,1,0,0,0,0,0,0,0,0,0,0
2002,330112,1,1,0,0,0,0,0,0,0,0,0,0
2002,330113,1,1,1,1,1,1,1,1,1,1,1,1
2002,330113,2,1,0,0,0,0,0,0,0,0,0,0
2002,330114,1,1,29,29,29,29,29,29,29,29,29,29
2002,330115,1,1,0,0,0,0,0,0,0,0,0,0
2002,330116,1,1,15,15,15,15,15,15,15,15,15,15
2002,330116,2,1,0,0,0,0,0,0,0,0,0,0
2002,330117,1,1,13,13,13,13,13,13,13,13,13,13
2002,330117,2,1,7,7,7,7,7,7,7,7,7,7
2002,330118,0,1,0,0,0,0,0,0,0,0,0,0
2002,330118,1,1,0,0,0,0,0,0,0,0,0,0
2002,340001,0,1,0,0,0,17,0,0,0,20,0,0
2002,340001,1,1,0,0,0,0,0,0,0,0,0,0
2002,340002,0,1,28,28,28,28,28,28,28,28,28,28
2002,340002,1,1,0,0,0,0,0,0,0,0,0,0
2002,340002,2,1,0,0,0,0,0,0,0,0,18,23
2002,340002,3,1,0,0,0,0,0,0,13,0,0,0
2002,340004,0,1,1,1,1,1,1,1,1,1,1,1
2002,340004,1,1,0,0,0,0,0,0,0,0,0,0
2002,340005,1,1,0,0,0,0,0,9,0,0,0,0
2002,340005,2,1,16,0,0,0,0,0,0,0,0,0
2002,340006,1,1,0,0,0,0,0,0,0,0,0,0
2002,340006,2,1,0,0,0,0,0,0,0,0,8,0
2002,340006,3,1,0,0,0,0,0,0,0,0,0,0
2002,340007,1,1,0,0,0,0,0,0,0,0,0,0
2002,340007,2,1,0,0,0,0,0,0,0,0,0,0
2002,340008,1,1,0,0,0,0,0,0,0,0,0,0
2002,340009,1,1,0,0,0,0,0,0,0,0,0,0
2002,340009,2,1,18,19,0,11,0,13,15,0,16,0
2002,340010,1,1,1,1,1,1,1,1,1,1,1,1
2002,340010,2,1,0,14,0,0,0,0,0,0,0,0
2002,340010,3,1,0,0,0,10,0,0,0,0,0,0
2002,340011,1,1,0,0,0,0,0,0,0,0,0,0
2002,340011,2,1,0,0,0,0,0,0,0,0,0,0
2002,340012,0,1,0,0,0,0,0,0,0,0,0,0
2002,340012,1,1,0,0,0,0,0,0,0,0,0,0
2002,340013,1,1,20,17,15,17,23,14,19,25,11,13
2002,340014,1,1,0,0,0,0,0,0,0,0,0,0
2002,340014,2,1,0,0,0,0,0,0,0,0,0,0
2002,340015,0,1,0,0,0,0,0,0,0,0,0,0
2002,340015,1,1,0,0,0,0,0,0,0,0,0,0
2002,340015,2,1,0,0,0,0,0,0,0,0,0,0
2002,340016,0,1,20,20,20,20,20,20,20,20,20,20
2002,340016,1,1,0,0,19,0,0,0,0,0,0,0
2002,340018,1,1,4,4,4,4,4,4,4,4,4,4
2002,340018,2,1,0,0,0,0,0,0,0,0,0,0
2002,340019,0,1,0,0,0,0,0,0,0,0,0,0
2002,340019,1,1,0,0,0,0,0,0,0,0,0,0
2002,340020,1,1,0,0,0,0,0,0,0,0,0,0
2002,340021,0,1,0,0,0,0,0,0,0,0,0,0
2002,340021,1,1,0,0,0,0,0,0,0,0,0,0
2002,340022,1,1,0,0,0,0,0,0,0,0,0,0
2002,340022,2,1,0,0,0,0,0,0,0,0,0,0
2002,340023,1,1,0,0,0,0,0,0,0,0,0,0
2002,340023,2,1,0,0,0,0,0,0,0,0,0,0
2002,340023,3,1,0,0,0,0,0,0,0,0,0,0
2002,340024,1,1,0,0,0,0,0,0,0,0,0,0
2002,340024,2,1,0,0,0,0,0,0,0,0,0,0
2002,340026,1,1,11,11,11,11,11,11,11,11,11,11
2002,340027,1,1,0,0,0,0,0,0,0,0,0,0
2002,340028,1,1,0,0,0,0,0,0,0,0,0,0
2002,340029,1,1,0,0,0,0,0,0,0,0,0,0
2002,340029,2,1,36,36,36,36,36,36,36,36,36,36
2002,340030,1,1,14,14,14,14,14,14,14,14,14,14
2002,340031,1,1,0,0,0,0,0,0,0,0,0,0
2002,340032,0,1,0,0,0,0,0,0,0,0,0,0
2002,340032,1,1,7,0,0,0,0,0,8,14,0,0
2002,340032,2,1,0,0,0,0,0,0,0,0,0,0
2002,340033,0,1,50,50,50,50,50,50,50,50,50,50
2002,340033,0,2,0,0,0,0,0,0,0,0,0,0
2002,340033,1,1,9,26,19,16,0,8,8,0,0,0
2002,340033,2,1,0,0,0,11,0,0,0,26,23,0
2002,340034,1,1,0,0,0,0,0,0,0,0,0,0
2002,340034,2,1,0,0,0,0,0,0,0,0,0,0
2002,340035,1,1,0,0,0,0,0,0,0,0,0,0
2002,340035,2,1,0,0,0,0,0,0,0,0,0,0
2002,340036,1,1,0,0,0,0,0,0,0,0,0,0
2002,340036,2,1,0,0,0,0,0,0,8,0,0,0
2002,340036,3,1,0,0,0,0,7,0,0,0,0,0
2002,340037,0,1,0,0,0,0,0,0,0,0,0,0
2002,340037,1,1,15,0,0,0,0,0,14,20,12,0
2002,340038,1,1,0,0,0,0,0,0,0,0,0,0
2002,340039,1,1,0,0,0,0,0,0,0,0,0,0
2002,340039,2,1,0,0,0,0,0,0,0,0,0,0
2002,340040,1,1,0,0,0,0,0,0,0,0,0,0
2002,340041,1,1,0,0,0,0,0,0,0,0,0,0
2002,340042,1,1,0,0,0,0,0,0,0,0,0,0
2002,340043,1,1,0,0,0,0,0,0,0,0,0,0
2002,340043,2,1,0,0,0,0,0,0,0,0,0,0
2002,340044,1,1,0,0,0,0,0,0,0,0,9,0
2002,340045,1,1,0,0,0,0,0,0,0,0,0,0
2002,340045,2,1,0,0,0,0,0,0,0,0,0,0
2002,340046,0,1,0,0,0,0,0,0,0,0,0,0
2002,340046,1,1,0,0,0,0,0,0,0,0,0,0
2002,340047,1,1,13,13,13,13,13,13,13,13,13,13
2002,340048,1,1,0,0,0,0,0,0,0,0,0,0
2002,340048,2,1,0,0,0,0,0,0,0,0,0,0
2002,340048,3,1,0,0,0,0,0,0,0,0,0,9
2002,340048,4,1,0,0,0,0,0,0,0,0,0,0
2002,340048,5,1,0,0,0,0,0,0,0,0,0,0
2002,340049,1,1,0,0,0,0,0,0,0,0,0,0
2002,340049,2,1,8,0,0,0,15,0,0,0,0,0
2002,340050,1,1,9,0,12,3,0,15,0,0,0,0
2002,340050,2,1,0,0,0,38,11,0,7,19,15,0
2002,340051,0,1,0,0,0,0,0,0,0,0,0,0
2002,340051,1,1,0,0,0,0,0,0,0,0,0,0
2002,340052,1,1,23,23,23,23,23,23,23,23,23,23
2002,340053,1,1,0,0,0,0,0,0,0,0,0,0
2002,340053,2,1,0,0,0,0,0,0,0,0,0,0
2002,340054,0,1,31,0,40,0,0,17,0,0,0,5
2002,340054,1,1,18,0,13,0,0,0,0,0,0,0
2002,340054,2,1,4,0,0,0,6,16,0,0,0,5
2002,340055,1,1,0,0,0,0,0,0,0,0,0,0
2002,340055,2,1,0,0,0,0,0,0,0,0,0,0
2002,340056,1,1,0,0,0,0,0,0,0,0,0,7
2002,340056,2,1,0,0,0,0,0,0,0,0,0,0
2002,340057,0,1,0,0,0,0,0,0,0,0,0,0
2002,340057,1,1,0,0,0,0,0,0,0,0,0,0
2002,340058,1,1,0,0,0,0,0,0,0,0,0,0
2002,340058,2,1,14,14,14,14,14,14,14,14,14,14
2002,340059,1,1,0,0,0,0,0,0,0,0,0,0
2002,340059,2,1,0,0,0,0,0,0,0,0,0,0
2002,340060,1,1,0,0,0,0,0,0,0,0,0,0
2002,340061,0,1,23,0,0,40,0,21,19,0,26,17
2002,340061,1,1,0,0,0,0,0,0,0,9,0,0
2002,340062,1,1,0,0,0,0,0,0,0,0,0,0
2002,340062,2,1,0,0,0,0,0,0,0,0,3,0
2002,340063,1,1,0,0,0,0,0,0,0,0,0,0
2002,340064,0,1,0,0,0,0,0,0,0,0,0,0
2002,340064,1,1,0,0,0,0,0,0,0,0,0,0
2002,340065,1,1,0,0,0,0,0,0,0,0,0,0
2002,340065,2,1,0,0,0,0,0,0,0,0,0,0
2002,340065,3,1,0,0,0,0,0,6,0,0,0,0
2002,340066,0,1,0,0,0,0,0,0,0,0,0,0
2002,340066,1,1,0,0,0,0,0,0,0,0,0,0
2002,340067,0,1,0,0,0,0,0,0,0,0,0,0
2002,340067,1,1,0,0,0,0,0,0,0,0,0,0
2002,340068,0,1,0,0,0,0,0,0,0,0,0,0
2002,340068,0,2,0,0,0,0,0,0,0,0,0,0
2002,340068,0,3,0,0,0,0,0,0,0,0,0,0
2002,340068,1,1,0,0,0,0,0,0,0,0,0,0
2002,340068,2,1,0,0,0,0,0,0,0,8,0,0
2002,340069,1,1,1,1,1,1,1,1,1,1,1,1
2002,340070,1,1,0,0,0,0,0,0,0,0,0,0
2002,340070,2,1,0,7,3,0,0,0,0,0,0,9
2002,340070,3,1,0,0,0,0,0,0,0,0,0,0
2002,340071,0,1,0,0,0,0,0,0,0,0,0,0
2002,340071,0,2,0,0,0,0,0,0,0,0,0,0
2002,340071,1,1,0,0,0,0,0,0,0,0,0,0
2002,340071,2,1,0,0,0,4,0,0,0,0,0,0
2002,340072,1,1,0,0,0,0,0,0,0,0,0,0
2002,340073,1,1,0,0,0,0,0,0,0,0,0,0
2002,340074,1,1,11,11,11,11,11,11,11,11,11,11
2002,340075,1,1,0,0,0,0,14,0,0,0,0,0
2002,340075,2,1,0,15,0,0,0,0,15,0,0,0
2002,340076,1,1,0,0,0,0,0,0,0,0,0,0
2002,340076,2,1,0,0,0,0,0,0,0,0,0,0
2002,340077,1,1,0,0,0,0,0,0,0,0,0,0
2002,340077,2,1,0,0,0,0,0,0,0,0,0,0
2002,340077,3,1,0,0,0,0,0,0,0,0,0,0
2002,340078,1,1,0,0,0,0,0,0,0,0,0,0
2002,340079,1,1,0,0,0,0,0,0,0,0,0,0
2002,340080,0,1,0,0,0,0,0,0,0,0,0,0
2002,340080,0,2,0,0,0,0,0,0,0,0,0,0
2002,340080,1,1,0,0,0,0,0,0,0,0,0,0
2002,340081,1,1,20,20,20,20,20,20,20,20,20,20
2002,340082,0,1,16,16,16,16,16,16,16,16,16,16
2002,340082,1,1,0,0,15,0,10,5,0,0,4,0
2002,340083,1,1,0,0,0,0,0,0,0,0,0,0
2002,340084,1,1,0,0,0,0,0,0,0,0,0,0
2002,340085,1,1,0,0,0,0,0,0,0,0,0,0
2002,340086,0,1,39,39,39,39,39,39,39,39,39,39
2002,340086,1,1,0,0,0,0,0,0,0,0,0,0
2002,340086,2,1,0,0,0,0,0,0,0,0,0,0
2002,340087,1,1,0,0,0,0,0,0,0,0,0,0
2002,340087,2,1,0,0,0,0,0,0,0,0,0,0
2002,340087,3,1,0,0,0,0,0,0,0,0,0,0
2002,340088,0,1,0,0,0,0,0,0,0,0,0,0
2002,340088,1,1,11,11,11,11,11,11,11,11,11,11
2002,340089,1,1,0,0,0,0,0,0,0,0,0,0
2002,340090,0,1,0,0,0,0,0,0,0,0,0,0
2002,340090,1,1,0,0,0,0,0,0,0,0,0,0
2002,340091,1,1,8,8,8,8,8,8,8,8,8,8
2002,340092,1,1,10,0,26,25,34,38,17,31,20,21
2002,340093,1,1,0,0,0,0,0,0,0,0,0,0
2002,340093,2,1,0,0,0,0,0,0,0,0,0,0
2002,340094,0,1,0,0,0,0,0,0,0,0,0,0
2002,340094,1,1,0,0,0,0,0,13,0,0,0,0
2002,340095,1,1,0,0,0,0,0,0,0,0,0,0
2002,340095,2,1,0,0,0,0,0,0,0,0,0,0
2002,340096,0,1,0,0,0,0,0,0,0,0,0,0
2002,340096,1,1,0,0,0,0,0,0,0,0,0,0
2002,340097,1,1,0,0,0,0,0,0,0,0,0,0
2002,340098,0,1,22,22,22,22,22,22,22,22,22,22
2002,340098,1,1,18,0,0,0,0,0,0,6,20,37
2002,340099,1,1,0,0,0,0,0,0,0,0,0,0
2002,340100,1,1,0,0,0,16,0,0,0,12,0,14
2002,340100,2,1,1,1,1,1,1,1,1,1,1,1
2002,340101,1,1,0,0,0,0,0,0,0,0,0,0
2002,340102,0,1,21,21,21,21,21,21,21,21,21,21
2002,340102,1,1,0,0,0,0,0,0,0,0,0,0
2002,340103,0,1,25,25,25,25,25,25,25,25,25,25
2002,340103,1,1,19,0,0,12,0,0,0,0,0,0
2002,340103,2,1,0,0,0,12,0,0,13,0,0,0
2002,340104,1,1,0,0,0,0,0,0,0,0,0,0
2002,340105,1,1,0,0,0,0,0,0,0,0,0,0
2002,340105,2,1,0,0,0,0,0,0,0,0,0,0
2002,340106,1,1,0,0,0,0,0,0,0,0,0,0
2002,340106,2,1,0,0,0,0,0,0,0,0,0,0
2002,340107,1,1,0,0,0,0,0,0,0,0,0,0
2002,340107,2,1,0,0,0,0,0,0,0,0,0,0
2002,340108,1,1,0,0,0,0,0,0,0,0,0,0
2002,340108,2,1,0,0,0,0,0,0,0,0,0,0
2002,340110,1,1,0,0,0,0,0,0,0,0,0,0
2002,340110,2,1,0,0,0,0,25,0,0,0,0,0
2002,340111,0,1,0,0,0,0,0,0,0,0,0,0
2002,340111,1,1,0,0,0,0,0,0,0,7,0,0
2002,340112,0,1,0,0,0,0,0,0,0,0,0,0
2002,340112,1,1,0,0,0,0,0,0,0,0,0,0
2002,340113,1,1,0,0,0,0,0,0,0,0,0,0
2002,340113,2,1,0,0,0,0,13,17,0,10,0,0
2002,340114,1,1,0,0,0,0,0,0,0,0,0,0
2002,340114,2,1,0,0,0,0,4,0,0,0,0,0
2002,340115,1,1,18,18,18,18,18,18,18,18,18,18
2002,340116,1,1,12,12,12,12,12,12,12,12,12,12
2002,340117,1,1,0,0,0,0,0,0,0,0,0,0
2002,340117,2,1,0,0,0,0,0,0,0,0,0,0
2002,340118,1,1,0,0,0,0,0,9,0,0,0,0
2002,340119,1,1,0,0,0,0,0,0,0,0,0,0
2002,340119,2,1,0,0,0,0,0,0,0,0,0,0
2002,340120,0,1,0,0,0,0,0,0,0,0,12,0
2002,340120,0,2,0,0,0,0,0,0,0,7,0,0
2002,340120,1,1,0,0,0,0,0,0,0,0,0,0
2002,340121,0,1,0,0,0,0,0,0,0,0,0,0
2002,340121,1,1,0,0,0,0,0,0,0,0,0,0
2002,340122,0,1,0,0,0,0,0,0,0,0,0,0
2002,340122,1,1,0,15,0,0,0,0,0,0,0,0
2002,340123,1,1,0,0,0,0,0,0,0,0,0,0
2002,340123,2,1,0,0,0,0,0,0,0,0,0,0
2002,340124,1,1,12,12,12,12,12,12,12,12,12,12
2002,340125,1,1,0,0,0,0,0,0,0,0,0,0
2002,340126,1,1,18,18,18,18,18,18,18,18,18,18
2002,340126,2,1,0,0,0,17,0,0,0,0,0,0
2002,340127,0,1,8,8,8,8,8,8,8,8,8,8
2002,340127,1,1,0,0,0,0,0,0,0,0,0,0
2002,340128,0,1,0,0,0,0,0,0,0,0,0,0
2002,340128,1,1,0,0,0,0,0,0,0,0,0,0
2002,340130,1,1,0,0,0,0,0,0,0,0,0,0
2002,340131,0,1,35,35,35,35,35,35,35,35,35,35
2002,340131,1,1,0,0,0,0,0,0,0,0,12,6
2002,340132,1,1,27,27,27,27,27,27,27,27,27,27
2002,340134,1,1,0,0,0,0,0,0,0,0,0,0
2002,340134,2,1,0,0,0,0,0,0,0,0,0,0
2002,340135,1,1,0,0,0,0,0,0,0,0,0,0
2002,340135,2,1,0,0,0,0,0,0,0,0,0,0
2002,340137,1,1,0,0,7,0,0,0,0,0,0,0
2002,340138,1,1,16,14,24,30,0,7,14,0,19,28
2002,340139,1,1,23,23,23,23,23,23,23,23,23,23
2002,340140,1,1,0,0,0,0,0,0,0,0,0,0
2002,340140,2,1,0,0,0,0,0,0,0,0,0,0
2002,340141,1,1,22,22,22,22,22,22,22,22,22,22
2002,340142,1,1,0,0,0,0,0,0,0,0,0,0
2002,340143,0,1,0,0,0,0,0,0,0,0,0,0
2002,340143,1,1,0,0,0,0,0,0,0,0,0,0
2002,340144,1,1,0,0,0,0,0,0,0,0,0,0
2002,340144,2,1,0,0,0,0,0,0,0,0,0,0
2002,340144,3,1,0,0,0,0,0,0,0,0,0,0
2002,340144,4,1,0,0,0,0,0,0,0,0,0,0
2002,340145,1,1,12,12,12,12,12,12,12,12,12,12
2002,340146,1,1,0,0,0,0,0,0,0,0,0,0
2002,340147,1,1,0,0,0,0,0,0,0,0,0,0
2002,340147,2,1,0,0,0,0,0,0,0,0,0,0
2002,340148,1,1,31,31,31,31,31,31,31,31,31,31
2002,340149,1,1,0,0,0,0,0,0,0,0,0,0
2002,340150,0,1,0,0,0,0,0,0,0,0,0,0
2002,340150,2,1,0,0,12,0,0,0,0,0,0,8
2002,340150,3,1,13,0,0,0,22,0,0,0,0,0
2002,340151,1,1,11,11,11,11,11,11,11,11,11,11
2002,340152,0,1,0,0,0,0,0,0,0,0,0,0
2002,340152,1,1,0,0,0,0,0,3,0,0,0,0
2002,340154,1,1,0,0,0,0,0,0,0,0,0,0
2002,340155,1,1,0,0,0,0,0,0,0,0,0,0
2002,340155,2,1,0,0,0,0,0,0,0,0,0,0
2002,340155,3,1,0,0,0,0,0,0,0,0,8,0
2002,340156,1,1,0,0,0,0,0,0,0,0,0,0