YEAR,ST_CASE,veh_no,per_no,P1,P2,P3,P4,P5,P6,P7,P8,P9,P10
2002,340719,1,1,7,0,0,0,0,0,10,0,0,0
2002,340720,1,1,0,0,0,0,0,0,0,0,0,0
2002,340720,2,1,0,0,0,0,0,0,6,0,0,0
2002,340721,1,1,0,0,0,0,0,0,0,0,0,0
2002,340722,1,1,0,0,6,0,0,0,0,0,0,0
2002,340722,2,1,21,0,0,0,0,0,26,0,0,15
2002,340723,1,1,0,0,0,0,0,0,0,0,0,0
2002,340723,2,1,0,0,0,0,14,0,0,0,0,0
2002,340724,1,1,17,17,17,17,17,17,17,17,17,17
2002,340724,2,1,0,0,0,0,22,0,0,0,0,0
2002,340725,1,1,0,0,0,0,0,0,0,0,0,0
2002,340726,1,1,0,0,0,25,0,0,0,0,0,0
2002,340726,2,1,0,0,0,0,0,0,0,0,0,0
2002,340727,0,1,0,0,0,0,0,0,0,0,0,0
2002,340727,1,1,0,0,0,0,0,0,0,0,0,0
2002,340729,1,1,0,0,0,0,5,0,0,0,15,0
2002,340729,2,1,0,0,0,0,0,0,0,0,0,0
2002,340730,1,1,16,16,16,16,16,16,16,16,16,16
2002,340731,1,1,21,26,0,0,10,25,15,18,17,0
2002,340733,1,1,0,0,0,0,0,0,11,0,0,0
2002,340733,2,1,0,0,0,0,0,0,0,0,0,0
2002,340734,0,1,0,0,0,0,0,0,0,0,0,0
2002,340734,1,1,0,0,0,0,0,0,0,0,0,0
2002,340735,1,1,18,18,18,18,18,18,18,18,18,18
2002,340736,1,1,0,0,0,0,0,0,0,0,0,0
2002,340737,1,1,19,19,19,19,19,19,19,19,19,19
2002,340737,2,1,0,0,0,10,0,0,0,0,0,0
2002,340738,1,1,0,0,0,0,0,0,0,0,7,0
2002,340738,2,1,0,0,0,0,0,0,0,0,0,0
2002,340739,1,1,0,0,0,0,0,0,0,0,0,0
2002,340739,2,1,0,0,0,18,0,0,0,0,0,0
2002,340740,0,1,0,0,0,0,0,0,0,0,0,0
2002,340740,1,1,0,0,0,0,0,15,0,0,25,0
2002,340741,1,1,0,0,14,0,0,0,0,0,0,0
2002,340741,2,1,0,0,0,0,0,0,0,0,14,0
2002,340742,1,1,15,15,15,15,15,15,15,15,15,15
2002,340743,0,1,0,0,0,0,0,0,0,0,0,0
2002,340743,0,2,0,0,0,0,0,0,0,0,0,0
2002,340743,1,1,0,0,0,0,0,0,0,0,0,0
2002,340743,2,1,0,0,0,0,0,0,0,0,0,0
2002,340744,0,1,19,19,19,19,19,19,19,19,19,19
2002,340744,1,1,0,0,0,0,0,0,4,14,0,3
2002,340745,1,1,0,0,0,0,0,0,0,0,0,0
2002,350001,1,1,27,20,0,26,0,0,0,10,18,9
2002,350002,1,1,0,0,0,0,0,0,0,0,0,0
2002,350002,2,1,0,0,0,0,0,0,0,0,0,0
2002,350003,1,1,0,0,0,0,0,0,0,0,0,0
2002,350003,2,1,0,0,0,0,0,0,0,0,0,0
2002,350004,1,1,0,0,0,0,0,0,0,0,0,0
2002,350004,2,1,0,0,0,0,0,0,0,0,0,0
2002,350005,1,1,0,0,0,0,0,0,0,0,0,0
2002,350006,0,1,0,0,0,0,0,0,0,0,0,0
2002,350006,1,1,0,0,0,0,0,0,0,0,0,0
2002,350006,2,1,0,0,0,0,0,0,0,0,0,0
2002,350007,0,1,0,0,0,0,0,0,0,0,0,0
2002,350007,1,1,0,0,0,0,0,0,0,0,0,12
2002,350008,1,1,21,21,21,21,21,21,21,21,21,21
2002,350009,1,1,0,0,0,0,0,0,0,0,0,0
2002,350009,2,1,0,0,0,4,0,20,0,27,8,28
2002,350010,1,1,25,25,25,25,25,25,25,25,25,25
2002,350010,2,1,14,15,10,5,6,0,24,26,0,0
2002,350011,1,1,0,0,0,0,0,0,0,0,0,0
2002,350011,2,1,0,0,0,0,0,0,0,0,0,0
2002,350012,1,1,15,15,15,15,15,15,15,15,15,15
2002,350012,2,1,0,0,0,0,0,0,0,0,0,0
2002,350013,1,1,17,17,17,17,17,17,17,17,17,17
2002,350013,2,1,0,0,0,0,0,0,9,0,0,0
2002,350014,1,1,0,0,0,0,0,0,0,0,0,0
2002,350014,2,1,0,0,0,0,0,0,0,0,0,0
2002,350014,3,1,0,0,0,0,0,0,0,0,0,0
2002,350014,4,1,0,0,0,0,0,0,0,0,0,0
2002,350015,1,1,23,23,23,23,23,23,23,23,23,23
2002,350015,2,1,0,0,0,0,0,0,0,0,0,0
2002,350016,1,1,12,12,12,12,12,12,12,12,12,12
2002,350017,1,1,20,25,14,25,26,21,34,20,5,14
2002,350018,1,1,13,0,5,0,8,11,0,16,9,0
2002,350018,2,1,0,0,0,0,0,0,0,0,0,7
2002,350019,1,1,0,0,0,0,0,0,0,0,0,0
2002,350019,2,1,0,0,0,0,0,0,0,0,0,0
2002,350020,1,1,0,0,0,0,0,0,0,0,0,0
2002,350021,1,1,0,0,0,0,0,0,0,0,0,0
2002,350022,1,1,0,0,0,0,0,0,0,0,0,0
2002,350022,2,1,0,0,0,0,0,0,0,0,0,0
2002,350023,1,1,0,0,0,0,0,0,0,0,0,0
2002,350023,2,1,0,0,0,0,0,0,0,0,0,0
2002,350024,1,1,10,10,10,10,10,10,10,10,10,10
2002,350025,1,1,0,0,0,0,0,0,0,0,0,0
2002,350026,1,1,18,18,18,18,18,18,18,18,18,18
2002,350027,1,1,15,15,15,15,15,15,15,15,15,15
2002,350027,2,1,0,0,0,0,0,0,0,0,0,0
2002,350028,1,1,0,0,0,0,0,0,0,0,0,0
2002,350028,2,1,0,0,0,0,0,0,0,0,0,0
2002,350029,1,1,23,16,24,15,19,26,13,0,26,0
2002,350029,2,1,0,0,0,0,0,0,0,0,0,0
2002,350030,1,1,8,20,17,26,33,21,24,16,35,15
2002,350031,0,1,19,19,19,19,19,19,19,19,19,19
2002,350031,1,1,0,0,0,0,0,0,0,0,0,0
2002,350032,1,1,20,20,20,20,20,20,20,20,20,20
2002,350033,1,5,0,0,0,0,0,0,0,0,0,0
2002,350034,1,1,0,0,0,0,0,0,0,0,0,0
2002,350034,2,1,0,0,0,0,0,0,0,0,0,0
2002,350035,0,1,27,27,27,27,27,27,27,27,27,27
2002,350035,1,1,0,0,0,0,0,0,0,0,0,0
2002,350036,0,1,0,0,0,0,10,0,0,0,0,0
2002,350036,1,1,0,0,0,0,0,0,0,0,0,0
2002,350037,1,1,0,0,0,0,0,0,0,9,0,0
2002,350038,1,1,0,0,0,0,0,0,0,0,0,0
2002,350038,2,1,16,16,16,16,16,16,16,16,16,16
2002,350039,1,1,22,22,22,22,22,22,22,22,22,22
2002,350040,1,1,0,0,0,0,0,0,0,0,0,0
2002,350040,2,1,0,0,0,0,0,0,0,0,0,0
2002,350041,1,1,16,16,16,16,16,16,16,16,16,16
2002,350043,0,1,21,21,21,21,21,21,21,21,21,21
2002,350043,1,1,0,0,0,0,0,0,0,0,0,0
2002,350044,1,1,0,0,0,0,0,0,0,0,0,0
2002,350045,1,1,0,0,0,0,0,0,0,0,0,0
2002,350046,1,1,17,17,17,17,17,17,17,17,17,17
2002,350046,2,1,15,15,15,15,15,15,15,15,15,15
2002,350047,1,1,13,13,13,13,13,13,13,13,13,13
2002,350048,1,1,1,1,1,1,1,1,1,1,1,1
2002,350048,2,1,0,0,0,0,0,0,0,0,0,0
2002,350049,1,1,0,0,0,0,0,0,0,0,0,0
2002,350049,2,1,14,14,14,14,14,14,14,14,14,14
2002,350050,1,1,24,24,24,24,24,24,24,24,24,24
2002,350050,2,1,0,0,0,0,0,0,0,0,0,0
2002,350051,1,1,19,19,19,19,19,19,19,19,19,19
2002,350052,1,1,0,0,0,0,0,0,0,0,0,0
2002,350053,1,1,0,0,0,0,0,19,0,21,0,0
2002,350054,1,1,23,23,23,23,23,23,23,23,23,23
2002,350055,1,1,10,10,10,10,10,10,10,10,10,10
2002,350056,1,1,25,25,25,25,25,25,25,25,25,25
2002,350056,2,1,0,0,0,0,0,0,0,0,0,0
2002,350057,1,1,0,0,0,0,0,0,0,0,0,0
2002,350058,1,1,0,0,0,0,0,0,0,0,0,0
2002,350058,2,1,0,0,0,0,0,0,0,0,0,0
2002,350059,1,1,0,0,0,0,0,0,0,0,0,0
2002,350060,1,1,0,0,0,0,0,0,0,0,9,0
2002,350061,1,1,0,0,0,0,0,0,0,0,0,0
2002,350062,1,1,0,0,0,0,0,0,0,0,0,0
2002,350062,2,1,0,0,0,0,0,0,0,0,0,0
2002,350063,1,1,0,0,0,0,0,0,0,0,0,0
2002,350064,1,1,0,0,0,0,0,0,0,0,0,0
2002,350064,2,1,0,0,0,0,0,0,0,0,0,0
2002,350064,3,1,0,0,0,0,0,0,0,0,0,0
2002,350065,1,1,13,13,13,13,13,13,13,13,13,13
2002,350066,0,1,0,17,0,0,0,20,0,28,0,0
2002,350066,1,1,0,0,0,0,0,0,0,0,0,0
2002,350067,1,1,21,0,15,12,0,0,0,0,21,13
2002,350068,1,1,3,3,3,3,3,3,3,3,3,3
2002,350069,1,1,23,23,23,23,23,23,23,23,23,23
2002,350070,1,1,0,0,0,0,0,0,0,0,0,0
2002,350071,1,1,17,0,19,13,14,4,8,7,37,17
2002,350072,1,1,0,0,0,0,0,0,0,0,0,0
2002,350072,2,1,0,0,0,0,0,0,0,0,0,0
2002,350073,0,1,17,17,17,17,17,17,17,17,17,17
2002,350073,1,1,0,0,0,0,0,0,0,0,0,14
2002,350074,1,1,8,8,8,8,8,8,8,8,8,8
2002,350075,1,1,0,0,0,0,0,0,0,0,0,0
2002,350075,2,1,0,0,0,0,0,0,0,0,0,0
2002,350076,1,1,10,0,0,0,0,21,0,0,0,0
2002,350076,2,1,0,0,0,0,11,0,0,0,0,0
2002,350076,3,1,0,0,0,0,0,0,0,0,0,0
2002,350077,1,1,26,26,26,26,26,26,26,26,26,26
2002,350078,1,1,4,4,4,4,4,4,4,4,4,4
2002,350079,1,1,0,0,0,0,0,0,0,0,0,0
2002,350080,1,1,20,20,20,20,20,20,20,20,20,20
2002,350081,1,1,0,0,0,0,0,0,0,0,0,0
2002,350081,2,1,0,0,0,0,0,0,0,0,0,0
2002,350082,1,1,0,0,0,0,0,0,0,0,0,0
2002,350082,2,2,0,0,0,0,0,0,0,0,0,0
2002,350083,1,1,0,0,0,0,0,0,0,0,0,0
2002,350083,2,1,0,0,0,0,0,0,0,0,0,0
2002,350084,1,1,0,0,0,0,0,0,8,0,0,0
2002,350085,0,1,23,23,23,23,23,23,23,23,23,23
2002,350085,1,1,0,0,0,0,0,0,0,0,0,0
2002,350086,0,1,23,13,3,14,16,29,20,0,17,27
2002,350086,1,1,0,0,0,0,0,0,0,0,0,0
2002,350087,0,1,0,0,0,0,0,0,0,0,0,0
2002,350087,1,1,0,0,0,0,0,0,0,0,0,8
2002,350088,1,1,26,16,27,13,23,22,32,30,31,23
2002,350089,1,1,0,0,0,0,0,0,0,0,0,0
2002,350089,2,1,0,0,0,0,0,0,0,0,0,0
2002,350090,0,1,24,24,24,24,24,24,24,24,24,24
2002,350090,1,1,0,22,0,0,0,0,0,0,0,0
2002,350091,0,1,26,26,26,26,26,26,26,26,26,26
2002,350091,1,1,0,0,0,0,0,0,0,0,9,0
2002,350092,1,1,0,0,0,0,0,0,0,0,0,0
2002,350092,2,1,0,0,0,0,0,0,0,0,0,0
2002,350093,1,1,0,0,19,0,0,0,0,0,0,0
2002,350094,0,1,0,0,0,0,0,0,0,0,0,0
2002,350094,1,1,0,0,0,0,0,0,0,0,0,0
2002,350095,1,1,0,0,0,0,0,0,0,0,0,0
2002,350095,2,1,31,31,31,31,31,31,31,31,31,31
2002,350096,0,1,36,36,36,36,36,36,36,36,36,36
2002,350096,1,1,0,0,0,24,0,0,0,0,0,0
2002,350097,0,1,28,28,28,28,28,28,28,28,28,28
2002,350097,1,1,0,0,0,0,0,0,0,0,0,0
2002,350098,1,1,21,21,21,21,21,21,21,21,21,21
2002,350099,0,1,32,32,32,32,32,32,32,32,32,32
2002,350099,1,1,0,0,0,0,0,0,0,0,0,0
2002,350100,1,1,0,0,0,0,0,0,0,0,0,0
2002,350100,2,1,0,0,0,0,0,0,0,0,0,0
2002,350101,1,1,9,9,0,18,13,13,30,24,8,20
2002,350102,0,1,23,23,23,23,23,23,23,23,23,23
2002,350102,1,1,15,27,0,19,9,18,18,16,22,20
2002,350103,1,1,0,0,0,0,0,0,0,0,0,0
2002,350103,2,1,9,9,4,8,3,16,12,10,16,9
2002,350104,0,1,0,0,0,0,0,0,0,14,0,0
2002,350104,1,1,0,0,0,0,0,0,0,0,0,0
2002,350105,1,1,7,6,6,14,5,7,9,6,3,16
2002,350106,0,1,18,18,18,18,18,18,18,18,18,18
2002,350106,1,1,0,0,29,0,0,0,0,0,0,0
2002,350107,1,1,19,19,19,19,19,19,19,19,19,19
2002,350108,1,1,0,0,0,0,0,0,0,0,0,0
2002,350109,1,1,0,0,0,0,0,0,0,0,0,24
2002,350110,1,1,0,0,0,0,0,0,0,0,0,0
2002,350110,2,1,0,0,0,0,0,0,0,0,0,15
2002,350111,1,1,0,0,0,0,0,0,0,0,0,0
2002,350112,1,1,0,0,0,0,0,0,0,0,0,0
2002,350113,1,1,0,0,0,0,0,0,0,0,0,0
2002,350114,1,1,0,0,0,0,0,0,0,0,0,0
2002,350115,1,1,0,0,0,0,0,0,0,0,0,0
2002,350116,1,1,0,0,0,0,0,0,0,0,0,0
2002,350116,2,1,0,0,0,0,0,0,0,0,0,0
2002,350117,1,1,0,0,0,0,0,0,0,0,0,0
2002,350118,1,1,15,15,15,15,15,15,15,15,15,15
2002,350119,1,1,0,0,0,0,7,0,0,0,0,0
2002,350120,1,1,9,9,9,9,9,9,9,9,9,9
2002,350121,1,1,29,29,29,29,29,29,29,29,29,29
2002,350122,1,1,0,0,0,0,0,0,0,0,0,0
2002,350123,1,1,9,0,0,0,29,0,0,8,0,11
2002,350123,2,1,0,0,0,0,0,0,3,0,0,0
2002,350124,1,1,19,19,19,19,19,19,19,19,19,19
2002,350125,1,1,7,7,7,7,7,7,7,7,7,7
2002,350126,0,1,18,18,18,18,18,18,18,18,18,18
2002,350126,1,1,0,0,0,0,0,0,0,0,0,0
2002,350127,1,1,0,0,0,0,0,0,0,0,0,0
2002,350127,2,1,0,0,0,0,0,0,0,0,0,0
2002,350128,1,1,0,0,0,25,0,0,20,0,0,0
2002,350129,1,1,10,10,10,10,10,10,10,10,10,10
2002,350130,1,1,24,24,24,24,24,24,24,24,24,24
2002,350131,0,1,29,29,29,29,29,29,29,29,29,29
2002,350131,1,1,0,0,0,0,0,0,0,0,0,0
2002,350132,1,1,12,12,12,12,12,12,12,12,12,12
2002,350133,1,1,0,0,0,0,0,0,0,0,0,0
2002,350134,1,1,19,19,19,19,19,19,19,19,19,19
2002,350135,1,1,2,2,2,2,2,2,2,2,2,2
2002,350136,0,1,32,32,32,32,32,32,32,32,32,32
2002,350136,1,1,0,0,0,0,0,0,0,0,0,0
2002,350137,1,1,12,8,14,17,0,14,22,23,0,15
2002,350138,1,1,0,11,0,0,0,0,0,0,0,0
2002,350138,2,1,0,0,0,0,0,0,0,0,0,0
2002,350139,1,1,0,0,0,0,0,0,0,0,0,0
2002,350140,1,1,0,0,0,0,0,0,0,0,0,0
2002,350140,2,1,0,0,0,0,0,0,0,0,0,0
2002,350141,1,1,0,0,0,0,0,0,0,0,0,0
2002,350142,1,1,0,0,0,0,0,0,0,0,0,0
2002,350143,1,1,0,0,0,0,0,0,0,0,0,0
2002,350143,2,1,0,0,0,0,0,0,0,0,0,0
2002,350143,3,1,0,0,0,0,0,0,0,0,0,0
2002,350144,1,1,0,0,0,0,0,0,0,0,0,0
2002,350144,2,1,0,0,13,16,20,0,15,9,0,27
2002,350145,0,1,16,16,16,16,16,16,16,16,16,16
2002,350145,1,1,0,0,0,0,0,0,0,0,0,0
2002,350146,1,1,0,0,14,0,0,0,0,4,0,0
2002,350147,1,1,0,0,0,0,0,0,0,0,0,0
2002,350148,0,1,20,20,20,20,20,20,20,20,20,20
2002,350148,1,1,0,0,0,5,0,0,0,0,0,0
2002,350150,0,1,38,38,38,38,38,38,38,38,38,38
2002,350150,1,1,0,0,0,0,0,0,0,0,0,0
2002,350151,1,1,0,0,0,0,0,0,0,0,0,0
2002,350152,1,1,10,10,10,10,10,10,10,10,10,10
2002,350153,1,1,0,0,0,0,0,0,0,0,0,0
2002,350154,1,1,0,0,0,0,0,0,0,0,0,0
2002,350154,2,1,0,0,0,0,0,0,0,0,0,0
2002,350155,1,1,0,0,0,0,0,0,0,0,0,0
2002,350156,1,1,0,0,0,0,0,0,0,0,0,0
2002,350156,2,1,0,0,0,0,5,0,0,0,0,0
2002,350157,1,1,11,11,11,11,11,11,11,11,11,11
2002,350158,1,1,25,25,25,25,25,25,25,25,25,25
2002,350159,0,1,6,6,6,6,6,6,6,6,6,6
2002,350159,0,2,8,8,8,8,8,8,8,8,8,8
2002,350159,1,1,0,0,0,0,12,0,0,0,0,0
2002,350160,1,1,0,0,0,0,0,0,0,0,0,0
2002,350163,1,1,13,14,29,13,12,7,41,26,20,6
2002,350165,1,1,30,30,30,30,30,30,30,30,30,30
2002,350165,2,1,0,0,0,0,0,10,0,0,0,0
2002,350166,1,1,0,0,0,0,0,0,0,0,0,0
2002,350168,1,1,0,0,0,0,0,0,0,0,0,0
2002,350168,2,1,0,0,0,0,0,0,0,0,0,0
2002,350169,1,1,0,0,0,0,28,0,0,0,0,0
2002,350169,2,1,0,0,0,0,0,0,0,0,0,0
2002,350170,1,1,0,0,0,0,0,0,0,0,0,0
2002,350172,0,1,22,22,22,22,22,22,22,22,22,22
2002,350172,1,1,0,0,0,0,0,0,0,0,0,0
2002,350173,1,1,1,1,1,1,1,1,1,1,1,1
2002,350174,1,1,19,19,19,19,19,19,19,19,19,19
2002,350175,1,1,1,1,1,1,1,1,1,1,1,1
2002,350176,1,1,0,0,0,0,0,0,0,0,14,0
2002,350177,0,1,21,21,21,21,21,21,21,21,21,21
2002,350177,1,1,0,0,0,0,0,0,0,0,0,0
2002,350178,1,1,0,0,0,0,0,0,0,0,0,0
2002,350178,2,1,14,6,0,0,0,14,12,19,3,13
2002,350179,1,1,0,0,0,0,0,0,0,0,0,0
2002,350179,2,1,0,0,0,0,0,0,0,0,0,0
2002,350180,1,1,19,19,19,19,19,19,19,19,19,19
2002,350181,0,1,4,4,4,4,4,4,4,4,4,4
2002,350181,1,1,13,9,16,8,8,23,1,9,17,12
2002,350182,1,1,0,0,0,0,0,0,0,0,0,0
2002,350183,0,1,0,0,0,0,0,0,0,0,0,11
2002,350183,1,1,0,0,0,0,0,0,0,0,0,0
2002,350184,1,1,10,10,10,10,10,10,10,10,10,10
2002,350185,1,1,0,0,0,0,0,0,0,0,0,0
2002,350186,0,1,34,34,34,34,34,34,34,34,34,34
2002,350186,1,1,12,12,17,18,14,13,19,11,17,13
2002,350187,1,1,0,0,0,0,0,0,0,0,0,0
2002,350187,2,1,0,0,0,0,0,0,0,0,0,0
2002,350187,3,1,23,0,0,0,0,0,0,0,0,0
2002,350187,4,1,0,0,0,0,0,0,0,0,0,0
2002,350187,5,1,0,0,0,0,0,0,0,0,0,0
2002,350187,6,1,0,8,0,0,0,0,0,0,11,0
2002,350187,7,1,0,0,0,0,0,0,0,0,0,0
2002,350187,8,1,0,0,0,0,0,0,0,0,0,0
2002,350187,9,1,0,0,0,7,25,0,0,0,0,15
2002,350187,10,1,0,0,0,0,0,0,0,0,0,0
2002,350187,11,1,0,0,0,0,0,0,0,0,10,0
2002,350188,0,1,0,0,0,0,0,0,0,0,0,0
2002,350188,1,1,0,0,0,0,0,0,0,0,0,0
2002,350189,1,1,21,21,21,21,21,21,21,21,21,21
2002,350189,2,1,0,0,0,0,0,0,0,0,0,0
2002,350190,1,1,0,0,0,0,0,0,0,0,0,0
2002,350190,2,1,0,0,0,0,0,0,0,0,0,0
2002,350191,0,1,0,0,0,0,0,0,0,0,0,0
2002,350191,1,1,0,0,0,0,0,0,0,0,0,0
2002,350192,1,1,0,0,0,0,0,0,0,0,0,0
2002,350192,2,1,0,0,0,0,0,0,0,0,0,0
2002,350193,1,1,0,0,0,0,0,0,0,0,0,0
2002,350194,0,1,0,0,0,0,0,0,0,0,0,0
2002,350194,1,1,0,0,0,0,23,8,0,0,9,0
2002,350195,1,1,0,0,0,0,0,0,0,0,0,0
2002,350195,2,1,0,0,0,0,0,0,0,0,0,0
2002,350196,1,1,0,0,0,0,0,0,0,0,0,0
2002,350196,2,1,0,0,0,0,0,0,0,0,0,0
2002,350197,1,1,0,0,0,0,0,0,0,0,18,0
2002,350197,2,1,0,0,0,0,0,0,0,0,0,0
2002,350197,3,1,0,0,0,0,0,0,0,0,0,0
2002,350198,1,1,0,0,0,0,0,0,0,0,0,0
2002,350199,1,1,0,0,0,0,0,0,0,0,0,0
2002,350200,1,1,14,14,14,14,14,14,14,14,14,14
2002,350201,1,1,4,4,4,4,4,4,4,4,4,4
2002,350201,2,1,0,0,0,0,0,0,0,0,0,0
2002,350202,0,1,0,0,0,0,0,0,0,0,7,0
2002,350202,1,1,0,0,21,0,0,0,0,0,0,0
2002,350203,1,1,0,0,0,0,0,0,0,0,0,0
2002,350204,1,1,0,0,0,0,0,0,0,16,0,0
2002,350206,1,1,0,0,0,0,0,0,0,0,0,0
2002,350206,2,1,11,11,11,11,11,11,11,11,11,11
2002,350207,1,1,28,14,23,25,11,19,11,12,27,25
2002,350208,1,1,0,0,0,0,0,0,0,0,0,0
2002,350209,1,1,0,0,0,0,0,0,0,0,0,0
2002,350210,1,1,0,0,0,0,0,0,0,0,0,0
2002,350210,2,1,0,0,0,0,0,0,0,0,0,0
2002,350211,0,1,29,29,29,29,29,29,29,29,29,29
2002,350211,1,1,0,0,0,0,0,0,0,0,0,0
2002,350212,0,1,0,0,0,0,0,0,0,0,0,0
2002,350212,1,1,0,0,0,0,0,0,0,0,0,0
2002,350213,1,1,25,25,25,25,25,25,25,25,25,25
2002,350214,0,1,0,0,0,0,0,0,0,0,0,0
2002,350214,1,1,0,0,0,0,0,0,0,0,0,0
2002,350215,0,1,44,44,44,44,44,44,44,44,44,44
2002,350215,1,1,0,6,0,0,0,0,0,21,0,0
2002,350216,1,1,0,0,0,0,0,0,0,0,0,0
2002,350216,2,1,0,0,0,0,0,0,0,0,0,0
2002,350216,3,1,0,0,0,0,0,0,0,0,0,0
2002,350216,4,1,0,0,0,0,0,0,0,0,0,0
2002,350217,1,1,22,22,22,22,22,22,22,22,22,22
2002,350218,1,1,0,0,0,0,0,0,0,0,0,0
2002,350219,1,1,0,0,0,18,0,0,20,22,0,0
2002,350219,2,1,13,13,13,13,13,13,13,13,13,13
2002,350220,1,1,28,28,28,28,28,28,28,28,28,28
2002,350221,1,1,10,10,10,10,10,10,10,10,10,10
2002,350222,0,1,35,35,35,35,35,35,35,35,35,35
2002,350222,1,1,0,0,0,0,0,0,0,0,0,0
2002,350223,1,1,15,15,15,15,15,15,15,15,15,15
2002,350224,1,1,15,15,15,15,15,15,15,15,15,15
2002,350225,1,1,18,18,18,18,18,18,18,18,18,18
2002,350226,1,1,0,0,0,0,0,0,0,0,0,0
2002,350226,2,1,0,0,0,0,0,0,0,0,0,0
2002,350227,1,1,0,0,0,0,0,0,0,0,0,0
2002,350228,1,1,16,17,19,28,0,12,18,20,0,20
2002,350229,1,1,0,0,0,0,0,0,0,0,0,0
2002,350230,1,1,0,0,0,0,0,0,0,0,0,0
2002,350231,1,1,0,9,0,0,13,10,0,0,0,0
2002,350232,1,1,17,17,17,17,17,17,17,17,17,17
2002,350233,1,1,0,0,0,0,0,0,0,0,0,0
2002,350234,1,1,3,3,3,3,3,3,3,3,3,3
2002,350234,2,1,10,11,10,11,6,6,12,8,9,13
2002,350236,0,1,0,0,0,0,0,0,0,0,0,0
2002,350236,1,1,0,6,0,0,5,0,0,0,19,6
2002,350237,1,1,0,0,0,0,0,0,0,0,0,0
2002,350238,1,1,10,10,10,10,10,10,10,10,10,10
2002,350238,2,1,0,0,0,0,0,0,0,0,0,0
2002,350239,1,1,16,16,16,16,16,16,16,16,16,16
2002,350240,1,1,0,0,0,0,0,0,0,0,0,0
2002,350240,2,1,0,0,0,0,0,0,0,0,0,0
2002,350241,1,1,0,0,0,0,0,0,0,0,0,0
2002,350241,2,1,0,0,0,0,0,0,0,0,0,0
2002,350242,1,1,0,0,19,11,0,0,0,13,0,0
2002,350243,1,1,0,0,0,0,0,0,0,0,0,0
2002,350244,0,1,35,35,35,35,35,35,35,35,35,35
2002,350244,1,1,0,0,26,23,0,0,0,0,0,0
2002,350245,1,1,8,8,8,8,8,8,8,8,8,8
2002,350246,1,1,0,0,0,0,0,0,0,0,0,0
2002,350247,1,1,20,8,9,0,15,9,15,16,7,10
2002,350248,1,1,0,0,5,0,0,17,0,0,0,0
2002,350249,0,1,16,9,0,15,0,25,0,0,0,0
2002,350249,1,1,0,0,0,20,0,0,0,0,0,0
2002,350250,1,1,0,0,0,0,0,0,0,0,16,0
2002,350251,1,1,0,0,0,0,0,0,0,0,0,0
2002,350251,2,1,0,0,0,0,0,0,0,0,0,0
2002,350252,1,1,0,0,0,0,0,0,0,17,0,0
2002,350252,2,1,0,0,0,0,0,0,0,0,0,0
2002,350252,3,1,0,0,0,0,0,0,0,0,0,0
2002,350253,1,1,0,0,0,0,0,0,0,0,0,0
2002,350253,2,1,0,0,0,0,0,0,0,0,0,0
2002,350254,1,1,8,8,8,8,8,8,8,8,8,8
2002,350255,1,1,13,13,13,13,13,13,13,13,13,13
2002,350256,1,1,0,0,0,0,0,0,0,0,0,0
2002,350256,2,1,0,0,0,0,0,0,0,0,0,0
2002,350257,1,1,0,0,0,0,0,0,0,0,0,0
2002,350258,1,1,0,15,18,20,20,6,0,19,0,0
2002,350259,1,1,0,0,0,0,0,0,0,0,0,0
2002,350260,1,1,0,0,0,0,0,0,0,0,0,0
2002,350260,2,1,0,0,0,0,0,0,0,0,0,0
2002,350261,1,1,7,7,7,7,7,7,7,7,7,7
2002,350262,1,1,0,0,0,0,0,0,0,0,0,0
2002,350263,1,1,24,24,24,24,24,24,24,24,24,24
2002,350263,2,1,0,0,0,0,0,0,0,0,0,0
2002,350264,1,1,16,23,32,13,29,13,19,16,17,26
2002,350265,1,1,5,29,13,25,15,28,19,18,0,3
2002,350265,2,1,0,0,0,0,0,0,0,0,0,0
2002,350266,1,1,0,0,0,0,0,0,0,0,0,0
2002,350267,1,1,0,0,0,0,0,26,0,18,0,20
2002,350268,1,1,0,0,0,0,0,0,0,0,0,0
2002,350268,2,1,0,0,0,0,0,0,0,0,0,0
2002,350269,1,1,0,0,0,0,0,0,0,0,0,0
2002,350269,2,1,0,0,0,0,0,0,0,0,0,0
2002,350270,0,1,15,15,15,15,15,15,15,15,15,15
2002,350270,1,1,0,0,0,11,0,0,0,0,0,0
2002,350271,1,1,0,0,0,0,0,0,0,0,0,0
2002,350272,1,1,0,0,0,0,0,0,0,0,0,0
2002,350272,2,1,0,0,0,0,0,0,0,0,0,0
2002,350273,1,1,0,0,0,0,0,0,0,0,0,0
2002,350273,2,1,21,21,21,21,21,21,21,21,21,21
2002,350274,0,1,26,26,26,26,26,26,26,26,26,26