YEAR,ST_CASE,veh_no,per_no,P1,P2,P3,P4,P5,P6,P7,P8,P9,P10
2002,360419,1,1,0,0,0,0,0,0,0,0,0,0
2002,360419,2,1,0,0,0,0,0,0,0,0,0,0
2002,360420,0,1,23,0,0,0,0,16,0,11,0,0
2002,360420,1,1,0,0,0,0,15,0,0,0,0,0
2002,360421,1,1,0,0,0,0,0,0,0,0,0,0
2002,360422,1,1,23,23,23,23,23,23,23,23,23,23
2002,360423,1,1,0,0,0,0,0,0,0,0,0,0
2002,360424,0,1,0,0,0,0,0,0,16,20,0,0
2002,360424,1,1,19,0,0,0,0,0,0,0,0,30
2002,360425,0,1,0,22,0,12,0,26,0,0,0,19
2002,360425,1,1,0,5,10,0,6,32,19,10,11,9
2002,360426,1,1,0,0,0,0,0,28,0,0,30,13
2002,360427,1,1,0,0,0,0,0,0,0,0,0,0
2002,360427,2,1,0,0,0,0,0,0,0,0,0,0
2002,360428,1,1,0,0,0,0,0,0,5,0,0,0
2002,360429,1,1,0,0,0,0,0,0,0,0,0,0
2002,360430,1,1,17,19,0,26,14,30,24,16,15,9
2002,360430,2,1,1,1,1,1,1,1,1,1,1,1
2002,360431,1,1,0,0,0,0,0,0,0,0,0,0
2002,360432,1,1,0,0,0,0,0,0,0,0,0,0
2002,360432,2,1,0,0,0,0,0,0,0,6,0,0
2002,360433,1,1,17,4,0,0,0,0,12,15,0,0
2002,360433,2,1,0,0,0,0,0,0,0,0,0,0
2002,360434,1,1,0,0,0,0,0,0,0,0,0,0
2002,360434,2,1,0,0,0,0,0,0,0,0,0,0
2002,360434,3,1,0,0,8,0,0,11,0,0,0,0
2002,360435,1,1,0,0,0,0,0,0,0,0,4,0
2002,360436,0,1,31,8,22,51,15,25,18,0,21,13
2002,360436,1,1,8,14,19,8,14,29,13,13,14,8
2002,360437,1,1,13,13,13,13,13,13,13,13,13,13
2002,360438,1,1,19,19,19,19,19,19,19,19,19,19
2002,360439,1,1,11,19,0,5,5,4,5,20,0,22
2002,360440,1,1,18,24,18,26,14,18,24,24,21,23
2002,360441,0,1,0,0,0,0,0,0,0,0,0,0
2002,360441,1,1,0,0,0,0,0,0,0,0,0,0
2002,360442,1,1,0,13,0,0,0,0,0,0,0,0
2002,360443,1,1,8,8,8,8,8,8,8,8,8,8
2002,360444,1,1,14,14,14,14,14,14,14,14,14,14
2002,360445,1,1,0,0,0,0,0,0,0,0,0,0
2002,360445,2,1,0,0,0,0,0,0,0,0,0,0
2002,360446,0,1,0,0,0,0,0,0,0,0,0,0
2002,360446,1,1,0,0,0,0,0,0,0,0,0,0
2002,360447,1,1,0,0,0,0,0,0,0,0,0,0
2002,360447,2,1,0,0,0,13,0,0,0,0,0,0
2002,360448,1,1,0,15,0,0,0,0,0,0,0,15
2002,360448,2,1,0,0,0,0,0,0,0,0,0,0
2002,360449,0,1,0,0,0,0,0,0,0,0,0,31
2002,360449,1,1,9,9,9,9,9,9,9,9,9,9
2002,360450,1,1,0,0,0,0,0,0,0,0,0,0
2002,360450,2,1,0,0,0,0,0,0,13,0,0,15
2002,360451,1,1,18,36,21,13,20,10,14,17,15,0
2002,360452,1,1,0,0,0,0,0,0,0,0,0,0
2002,360452,2,1,0,0,0,0,0,0,10,0,0,0
2002,360453,0,1,0,0,0,0,0,0,0,0,0,0
2002,360453,1,1,0,0,0,0,0,0,0,0,0,0
2002,360454,1,1,0,24,17,25,5,4,9,0,11,0
2002,360454,2,1,0,0,0,0,0,0,0,0,0,0
2002,360455,1,1,0,0,0,0,0,0,0,0,0,0
2002,360456,1,1,0,0,0,0,0,0,0,0,0,0
2002,360457,1,1,0,0,0,0,0,9,0,0,0,9
2002,360458,0,1,0,0,0,0,0,0,0,0,0,0
2002,360458,1,1,0,0,0,0,0,0,0,0,0,0
2002,360459,1,1,0,0,0,0,0,0,0,0,12,0
2002,360460,1,1,0,0,0,0,0,0,0,0,0,0
2002,360461,1,1,0,0,0,0,0,0,0,0,0,0
2002,360461,2,1,0,0,0,0,0,0,0,0,0,0
2002,360462,1,1,0,0,0,0,0,0,0,0,0,0
2002,360462,2,1,1,0,0,0,0,0,0,0,0,0
2002,360463,1,1,0,0,0,0,0,0,0,0,0,0
2002,360463,2,1,0,0,0,0,0,0,0,0,0,0
2002,360464,0,1,0,0,0,0,0,0,0,0,0,0
2002,360465,1,1,12,12,12,12,12,12,12,12,12,12
2002,360466,1,1,0,0,0,0,0,0,0,0,0,14
2002,360466,2,1,0,0,0,0,0,0,0,0,0,0
2002,360467,1,1,0,0,0,0,0,0,0,0,0,0
2002,360467,2,1,0,0,0,0,22,0,0,0,0,0
2002,360468,1,1,3,0,10,0,0,0,0,0,0,0
2002,360469,1,1,12,0,0,0,0,0,0,0,0,0
2002,360470,1,1,0,0,0,0,0,0,0,0,0,0
2002,360470,2,1,0,0,0,0,0,0,0,0,0,0
2002,360470,3,1,0,0,0,0,0,0,0,0,0,0
2002,360470,4,1,0,0,0,0,0,0,0,0,0,0
2002,360470,5,1,0,0,0,0,0,0,0,0,0,0
2002,360471,0,1,0,0,23,0,0,0,0,0,0,0
2002,360471,1,1,0,0,0,0,0,0,0,0,0,0
2002,360472,1,1,13,10,15,27,12,20,26,0,0,17
2002,360473,1,1,18,18,18,18,18,18,18,18,18,18
2002,360474,1,1,0,0,0,0,0,0,0,0,0,0
2002,360475,1,1,0,0,0,0,0,0,0,0,0,0
2002,360475,2,1,0,0,0,0,0,0,0,0,0,0
2002,360475,3,1,0,0,12,16,0,0,0,0,0,0
2002,360476,1,1,0,0,0,0,0,0,0,0,0,0
2002,360476,2,1,0,0,0,0,0,0,0,0,0,0
2002,360477,1,1,0,0,0,0,0,0,0,0,0,0
2002,360478,1,1,0,0,0,0,0,0,0,11,0,0
2002,360479,1,1,0,19,0,10,0,0,0,0,0,0
2002,360480,1,1,0,0,0,18,0,0,7,0,7,0
2002,360481,1,1,0,0,0,0,0,0,0,0,0,0
2002,360481,2,1,0,0,0,0,0,0,0,0,0,0
2002,360482,0,1,0,0,0,0,0,0,0,0,0,0
2002,360482,1,1,0,0,0,0,0,0,0,0,0,0
2002,360483,1,1,21,21,21,21,21,21,21,21,21,21
2002,360484,1,1,0,0,0,0,0,16,0,0,0,8
2002,360485,1,1,0,0,0,0,0,0,0,0,0,0
2002,360485,2,1,0,0,0,0,0,0,0,0,0,0
2002,360486,1,1,0,0,0,0,0,0,0,0,0,0
2002,360486,2,1,0,0,0,0,0,0,0,0,0,0
2002,360487,1,1,0,0,0,0,0,0,0,0,0,0
2002,360487,2,1,0,0,0,0,0,0,0,0,0,0
2002,360488,1,1,0,0,0,0,0,0,0,0,0,0
2002,360488,2,1,0,0,0,0,0,0,0,0,0,0
2002,360488,3,1,0,16,0,0,0,0,0,0,0,0
2002,360488,4,1,0,0,0,0,0,0,0,0,0,0
2002,360489,1,1,0,0,0,0,0,0,0,0,0,0
2002,360489,2,1,0,0,0,0,0,0,0,0,0,0
2002,360490,1,1,0,0,0,0,0,0,0,0,0,0
2002,360490,2,1,0,0,0,0,0,0,0,0,0,0
2002,360491,1,1,21,17,9,12,11,17,13,24,13,18
2002,360491,2,1,0,0,0,0,0,0,0,0,0,0
2002,360491,3,1,0,0,0,0,0,0,0,0,0,0
2002,360492,1,1,0,0,0,0,0,0,0,0,0,0
2002,360493,1,1,0,0,0,0,0,0,0,0,0,0
2002,360494,1,1,0,0,0,0,0,0,0,0,0,0
2002,360495,1,1,0,0,0,0,0,0,0,0,0,0
2002,360495,2,1,0,0,0,0,0,0,0,0,0,0
2002,360496,1,1,12,17,42,26,14,5,13,14,9,6
2002,360497,1,1,0,0,0,0,0,0,0,0,0,0
2002,360498,1,1,0,0,0,0,0,0,0,0,0,0
2002,360499,1,1,0,0,0,0,13,0,0,0,0,0
2002,360499,2,1,0,0,0,0,0,0,0,0,0,0
2002,360499,3,1,0,0,0,0,0,0,0,0,0,0
2002,360500,0,1,0,0,0,0,0,0,0,0,0,0
2002,360500,1,1,0,0,0,0,0,0,0,0,0,0
2002,360501,1,1,14,14,14,14,14,14,14,14,14,14
2002,360502,1,1,20,0,0,0,0,0,0,0,0,6
2002,360502,2,1,0,0,0,0,0,0,0,0,0,0
2002,360503,0,1,2,2,2,2,2,2,2,2,2,2
2002,360503,1,1,0,0,0,0,0,4,0,0,0,0
2002,360504,0,1,13,31,17,23,25,21,13,22,24,18
2002,360504,1,1,12,11,0,18,17,12,10,15,26,17
2002,360505,0,1,0,0,0,0,0,0,0,0,16,0
2002,360505,1,1,0,0,0,0,0,0,0,0,0,0
2002,360506,0,1,0,0,0,0,0,0,0,0,0,0
2002,360506,1,1,0,0,0,0,0,0,0,0,0,0
2002,360507,1,1,0,0,0,0,0,0,0,0,0,0
2002,360507,2,1,0,0,0,0,0,0,0,0,0,0
2002,360508,1,1,0,0,0,0,0,0,0,0,0,0
2002,360509,0,1,0,0,0,0,0,0,0,0,0,0
2002,360509,1,1,18,0,0,0,0,0,0,0,0,0
2002,360510,1,1,0,0,17,0,10,0,0,0,22,0
2002,360511,1,1,0,0,0,0,0,0,0,0,0,0
2002,360511,2,1,0,0,0,0,0,0,0,0,0,0
2002,360511,3,1,0,0,0,0,0,0,0,0,0,0
2002,360512,1,1,0,0,0,0,0,0,0,0,0,0
2002,360513,1,1,0,0,0,0,0,0,0,0,0,0
2002,360513,2,1,0,0,0,0,0,15,0,0,0,0
2002,360513,3,1,4,4,4,4,4,4,4,4,4,4
2002,360514,1,1,5,5,5,5,5,5,5,5,5,5
2002,360515,1,1,11,11,11,11,11,11,11,11,11,11
2002,360515,2,1,0,0,0,0,8,0,0,0,0,0
2002,360516,1,1,0,0,0,0,0,0,0,0,0,0
2002,360516,2,1,0,0,0,0,0,0,0,0,0,0
2002,360517,1,1,0,0,0,10,0,0,0,0,0,0
2002,360517,2,1,0,0,0,0,0,0,0,0,0,0
2002,360518,0,1,0,0,0,0,0,0,0,0,0,0
2002,360518,1,1,0,18,0,0,0,0,0,0,0,0
2002,360519,1,1,0,0,0,0,0,0,0,0,0,0
2002,360519,2,1,0,0,0,0,0,0,0,0,0,0
2002,360520,1,1,0,0,0,0,0,0,0,0,0,0
2002,360521,0,1,33,33,33,33,33,33,33,33,33,33
2002,360521,1,1,0,0,0,0,0,0,0,0,2,0
2002,360522,1,1,0,0,0,0,0,0,0,0,0,0
2002,360523,1,1,14,11,18,17,10,22,11,10,6,14
2002,360523,2,1,0,0,0,0,0,0,0,0,0,0
2002,360524,1,1,0,0,0,0,0,0,0,0,0,0
2002,360524,2,1,0,0,0,0,0,0,0,0,0,12
2002,360525,1,1,0,0,0,0,0,0,0,0,0,0
2002,360526,1,1,0,0,0,0,0,0,0,0,0,0
2002,360526,2,1,0,0,0,0,0,0,0,0,0,0
2002,360527,1,1,0,0,0,0,0,0,0,0,0,0
2002,360527,2,1,0,0,0,0,0,0,0,0,0,17
2002,360527,3,1,0,0,0,0,0,0,0,0,0,0
2002,360528,1,1,17,16,2,19,2,21,11,27,8,0
2002,360528,2,1,6,6,6,6,6,6,6,6,6,6
2002,360529,1,1,9,0,0,0,0,0,0,0,0,0
2002,360529,2,1,8,13,19,28,5,25,16,29,15,12
2002,360530,1,1,0,0,0,0,0,0,0,0,0,0
2002,360530,2,1,0,0,0,15,0,0,0,0,0,0
2002,360530,3,1,0,0,0,0,0,0,0,0,0,0
2002,360530,4,1,0,0,0,0,0,0,0,0,0,18
2002,360530,5,1,0,0,0,0,0,0,0,0,0,0
2002,360531,1,1,0,0,0,0,0,0,0,0,0,0
2002,360532,1,1,0,15,0,0,0,7,0,0,0,0
2002,360533,0,1,14,14,14,14,14,14,14,14,14,14
2002,360533,1,1,20,0,0,0,0,0,13,0,0,0
2002,360534,1,1,25,25,25,25,25,25,25,25,25,25
2002,360535,0,1,0,18,0,0,0,0,0,0,25,0
2002,360535,1,1,0,0,0,0,0,0,0,0,0,0
2002,360536,1,1,0,0,0,0,0,0,0,0,0,0
2002,360536,2,1,0,0,0,0,0,0,0,0,0,0
2002,360537,1,1,0,0,0,0,0,0,0,0,17,0
2002,360538,1,1,0,0,0,0,0,0,0,0,0,0
2002,360538,2,1,0,0,0,0,0,0,0,0,0,0
2002,360539,1,1,0,0,0,0,0,0,0,0,0,0
2002,360539,2,1,0,0,0,17,0,0,7,0,0,0
2002,360540,0,1,0,0,35,0,9,0,0,0,0,0
2002,360540,1,1,0,0,0,0,0,0,0,9,0,0
2002,360541,0,1,0,0,0,0,0,15,0,20,18,30
2002,360541,1,1,0,0,0,0,0,0,0,0,0,0
2002,360542,1,1,0,0,0,0,0,13,0,0,0,0
2002,360542,2,1,0,0,0,0,0,0,7,0,0,0
2002,360543,0,1,0,0,0,0,0,0,0,0,0,0
2002,360543,1,1,0,0,0,0,0,0,0,0,0,0
2002,360544,1,1,10,10,10,10,10,10,10,10,10,10
2002,360545,0,1,0,0,0,0,0,0,0,0,0,0
2002,360545,1,1,0,0,7,0,0,0,0,0,0,0
2002,360546,1,1,0,0,0,0,0,0,0,0,0,0
2002,360547,1,1,0,0,0,0,0,0,0,0,0,0
2002,360547,2,1,1,1,1,1,1,1,1,1,1,1
2002,360548,0,1,0,0,0,0,0,0,0,0,0,0
2002,360548,1,1,0,0,0,0,0,0,0,0,0,0
2002,360549,0,1,3,3,3,3,3,3,3,3,3,3
2002,360549,1,1,0,0,0,0,0,0,0,0,0,0
2002,360550,1,1,0,0,0,0,0,0,0,0,0,0
2002,360550,2,1,0,0,7,0,0,0,0,0,25,13
2002,360550,3,1,0,0,0,0,0,0,0,0,0,0
2002,360551,1,1,0,0,0,0,0,0,0,0,0,10
2002,360551,2,1,0,0,0,0,0,0,0,0,0,0
2002,360552,1,1,0,0,0,0,0,0,0,0,0,0
2002,360553,1,1,0,0,0,0,0,0,0,0,0,0
2002,360553,2,1,8,8,8,8,8,8,8,8,8,8
2002,360554,1,1,0,0,0,0,0,0,0,0,0,0
2002,360554,2,1,0,0,0,0,0,0,0,0,0,0
2002,360555,1,1,13,13,13,13,13,13,13,13,13,13
2002,360555,2,1,0,0,0,0,13,0,0,0,0,0
2002,360555,3,1,0,0,0,0,0,7,0,0,0,0
2002,360556,1,1,0,0,0,0,0,0,0,0,0,0
2002,360557,1,1,0,0,0,0,0,0,0,0,0,0
2002,360557,2,1,0,0,0,0,0,0,0,0,0,0
2002,360558,1,1,5,3,0,0,0,0,0,0,34,29
2002,360559,1,1,0,0,0,0,0,0,0,0,0,0
2002,360559,2,1,0,3,0,0,0,0,0,0,0,6
2002,360560,0,1,0,0,0,0,0,0,0,0,0,0
2002,360560,0,2,0,0,0,0,0,0,0,0,0,0
2002,360560,0,3,0,0,0,0,0,0,0,0,0,0
2002,360560,1,1,0,0,0,0,0,0,0,0,19,0
2002,360561,1,1,0,0,0,0,0,0,0,0,0,0
2002,360561,2,1,10,26,0,27,6,0,0,16,0,0
2002,360562,1,1,12,12,12,12,12,12,12,12,12,12
2002,360563,1,1,0,0,0,0,0,0,0,0,0,0
2002,360563,2,1,0,0,0,0,0,0,0,0,0,0
2002,360564,1,1,0,0,0,0,0,0,0,0,0,0
2002,360564,2,1,0,0,0,0,0,0,0,0,0,0
2002,360565,0,1,14,14,14,14,14,14,14,14,14,14
2002,360565,1,1,19,0,0,0,0,0,16,0,0,0
2002,360566,1,1,0,0,0,0,0,0,0,0,0,0
2002,360567,1,1,0,0,0,0,0,0,0,0,0,0
2002,360567,2,1,0,0,0,0,0,0,0,0,0,0
2002,360568,1,1,13,19,3,23,21,25,4,14,19,10
2002,360569,1,1,0,0,0,0,0,0,0,14,0,0
2002,360570,1,1,19,14,15,20,2,4,7,0,17,0
2002,360571,0,1,0,0,0,18,0,0,0,0,0,0
2002,360571,1,1,0,0,0,11,0,0,0,0,0,0
2002,360572,1,1,7,7,7,7,7,7,7,7,7,7
2002,360572,2,1,0,0,0,0,0,0,0,0,0,0
2002,360572,3,1,0,0,0,0,0,0,0,0,0,0
2002,360573,1,1,0,0,0,0,0,0,0,0,0,0
2002,360573,2,1,0,0,0,0,0,0,0,0,0,0
2002,360574,1,1,16,16,16,16,16,16,16,16,16,16
2002,360574,2,1,0,0,0,0,0,0,0,0,0,0
2002,360575,1,1,0,0,0,0,0,0,0,0,0,0
2002,360576,1,1,6,22,14,20,9,16,14,0,0,12
2002,360577,0,1,22,0,14,0,13,0,23,27,0,0
2002,360577,1,1,0,0,0,0,0,0,0,0,0,0
2002,360578,0,1,0,0,0,0,0,0,0,0,0,0
2002,360578,1,1,0,0,0,0,0,0,0,0,0,0
2002,360578,2,1,0,0,0,0,0,0,0,0,0,0
2002,360579,1,1,14,0,0,0,0,0,0,0,0,0
2002,360580,1,1,0,14,0,28,0,0,0,0,0,0
2002,360580,2,1,0,0,0,0,0,0,0,0,0,0
2002,360581,1,1,0,12,0,7,23,0,0,0,0,0
2002,360582,1,1,0,0,0,0,0,0,0,0,0,0
2002,360583,1,1,0,0,0,0,0,0,0,0,0,0
2002,360583,2,1,0,0,0,0,0,0,0,0,0,0
2002,360584,1,1,0,0,0,0,0,0,0,0,0,0
2002,360584,2,1,9,0,0,0,0,0,0,0,0,0
2002,360584,3,1,0,0,0,0,0,0,0,0,0,0
2002,360585,0,1,0,0,0,16,0,0,0,0,0,0
2002,360585,1,1,0,0,0,0,0,0,0,12,0,0
2002,360586,1,1,0,0,0,0,0,0,0,0,0,0
2002,360586,2,1,0,0,0,0,0,0,0,0,0,0
2002,360587,1,1,22,22,22,22,22,22,22,22,22,22
2002,360588,1,1,0,0,0,0,0,0,0,0,0,0
2002,360589,0,1,18,10,30,0,7,0,0,0,0,0
2002,360589,1,1,0,0,0,0,0,0,0,0,0,0
2002,360590,1,1,0,0,0,0,0,0,0,0,0,0
2002,360590,2,1,0,0,0,0,0,0,0,0,0,0
2002,360591,1,1,0,0,0,0,0,0,0,0,0,0
2002,360592,0,1,0,0,0,0,0,0,0,0,0,0
2002,360592,1,1,0,0,0,0,0,0,0,0,0,0
2002,360593,1,1,0,0,0,0,27,0,0,0,0,0
2002,360594,1,1,0,0,0,0,0,0,0,0,0,0
2002,360594,2,1,0,0,0,0,0,0,0,0,0,0
2002,360595,1,1,0,0,0,0,0,0,0,0,0,0
2002,360595,2,1,0,0,0,0,0,0,0,0,0,0
2002,360596,0,1,0,0,0,0,0,0,0,0,0,0
2002,360596,1,1,0,10,0,0,0,0,0,0,0,0
2002,360597,1,1,0,0,0,0,0,0,0,0,0,0
2002,360598,1,1,0,0,0,0,0,0,0,0,0,0
2002,360599,1,1,0,0,0,0,0,0,0,0,0,0
2002,360600,1,1,0,0,0,0,0,0,0,0,0,0
2002,360600,2,1,0,0,0,0,0,0,0,0,0,0
2002,360601,0,1,0,0,0,0,0,21,19,0,0,0
2002,360601,1,1,0,0,0,0,0,0,0,0,0,0
2002,360601,2,1,0,0,0,0,0,0,0,0,0,0
2002,360602,1,1,0,0,0,0,0,0,0,0,0,0
2002,360602,2,1,0,0,0,0,0,0,0,0,0,0
2002,360603,1,1,19,0,0,0,0,0,0,0,0,25
2002,360604,1,1,0,0,0,0,0,0,0,0,0,0
2002,360604,2,1,0,0,0,0,0,0,0,0,0,0
2002,360605,1,1,0,0,0,0,0,0,0,0,0,0
2002,360605,2,1,0,0,0,0,0,0,0,0,14,0
2002,360606,1,1,17,18,16,16,5,8,17,0,18,20
2002,360607,1,1,0,0,0,0,0,0,0,0,0,0
2002,360607,2,1,0,0,0,0,0,0,0,0,0,0
2002,360608,1,1,0,0,0,0,0,0,0,0,0,0
2002,360609,0,1,0,0,0,0,0,0,0,0,0,0
2002,360609,1,1,0,0,0,0,0,0,0,0,0,0
2002,360610,0,1,0,0,0,0,0,0,0,0,0,0
2002,360610,1,1,0,0,0,0,0,0,0,0,0,0
2002,360611,0,1,0,0,0,0,21,0,0,0,0,0
2002,360611,1,1,0,0,0,0,0,0,0,0,0,23
2002,360612,1,1,0,0,0,0,0,0,0,0,0,0
2002,360613,1,1,17,30,22,25,31,20,20,16,13,10
2002,360614,1,1,0,0,0,0,0,0,0,0,0,0
2002,360614,2,1,0,0,0,0,0,0,0,0,0,0
2002,360615,1,1,0,0,0,0,0,0,0,0,0,0
2002,360615,2,1,0,0,0,0,0,0,0,0,0,0
2002,360616,0,1,0,0,0,0,0,0,0,0,0,0
2002,360616,1,1,0,0,0,0,0,0,0,0,0,0
2002,360617,1,1,0,0,0,9,18,14,0,6,0,0
2002,360618,0,1,28,3,2,26,16,17,27,6,13,23
2002,360618,1,1,0,0,0,0,0,0,0,0,0,0
2002,360619,1,1,0,0,0,0,0,0,0,0,0,0
2002,360619,2,1,0,0,0,0,0,0,0,0,0,0
2002,360619,3,1,0,0,0,0,0,0,0,0,0,0
2002,360620,0,1,6,6,6,6,6,6,6,6,6,6
2002,360620,1,1,0,0,0,0,0,0,0,10,0,0
2002,360621,1,1,0,0,0,0,0,0,0,0,0,0
2002,360621,2,1,0,0,0,0,0,0,0,0,0,0
2002,360622,1,1,0,0,0,0,0,0,0,0,0,0
2002,360623,1,1,0,0,0,0,0,0,0,0,0,0
2002,360624,1,1,6,11,8,10,18,7,9,20,3,10
2002,360625,1,1,0,0,0,0,0,0,0,0,0,0
2002,360625,2,1,0,0,6,0,0,0,0,0,0,0
2002,360626,1,1,0,0,0,0,0,0,0,0,0,0
2002,360626,2,1,0,0,0,0,0,0,0,0,0,0
2002,360627,1,1,0,0,0,0,0,0,0,0,0,0
2002,360627,2,1,0,0,0,0,0,0,0,0,0,0
2002,360628,0,1,0,0,0,0,0,0,0,0,14,0
2002,360628,1,1,0,0,0,0,0,0,0,0,0,0
2002,360629,1,1,0,0,0,0,2,0,0,13,0,0
2002,360630,1,1,0,0,0,0,0,0,0,0,0,0
2002,360631,0,1,8,22,21,52,0,0,12,14,0,2
2002,360631,1,1,0,0,0,0,0,0,0,0,0,0
2002,360632,1,1,0,0,0,0,0,0,0,0,0,0
2002,360632,2,1,0,0,0,0,0,0,0,0,0,9
2002,360633,1,1,0,0,0,0,19,35,0,0,17,22
2002,360634,1,1,0,0,0,0,0,0,0,0,0,0
2002,360635,0,1,0,0,0,0,0,0,0,0,0,15
2002,360635,1,1,0,0,0,0,0,0,0,0,0,0
2002,360636,1,1,0,0,0,0,0,0,15,31,17,19
2002,360637,1,1,17,17,17,17,17,17,17,17,17,17
2002,360638,1,1,0,0,0,0,0,0,0,0,0,0
2002,360638,2,1,0,0,0,0,0,0,0,0,0,0
2002,360639,1,1,0,0,0,0,0,0,0,0,0,0
2002,360639,2,1,0,0,0,0,0,0,0,0,0,0
2002,360640,1,1,22,4,0,0,30,0,31,25,0,0
2002,360641,1,1,5,19,10,15,21,13,5,15,3,10
2002,360642,1,1,14,14,14,14,14,14,14,14,14,14
2002,360643,1,1,20,12,23,11,16,8,23,10,5,17
2002,360644,1,1,0,0,0,0,16,0,0,0,0,0
2002,360645,1,1,0,0,0,0,0,0,0,0,0,0
2002,360646,1,1,0,0,0,0,0,0,0,0,0,0
2002,360646,2,1,0,0,0,0,0,0,0,0,0,0
2002,360647,1,1,0,0,11,0,0,0,0,3,0,11
2002,360647,2,1,7,7,7,7,7,7,7,7,7,7
2002,360648,1,1,0,0,0,0,0,0,0,0,0,0
2002,360648,2,1,6,0,0,0,0,0,0,0,0,0
2002,360649,0,1,0,0,0,0,0,0,0,0,0,0
2002,360649,1,1,0,0,0,0,0,0,0,0,0,0
2002,360650,1,1,0,28,0,0,0,12,0,0,0,0
2002,360651,1,1,21,0,11,2,18,16,8,9,10,18
2002,360651,2,1,0,0,0,18,0,0,0,0,0,0
2002,360652,1,1,0,0,0,0,0,0,0,0,0,0
2002,360652,2,1,0,0,16,0,0,0,0,0,0,0
2002,360653,0,1,0,5,0,0,0,0,0,0,0,0
2002,360653,1,1,0,0,0,0,0,0,0,0,0,0
2002,360654,1,1,0,0,0,0,25,0,0,0,0,0
2002,360655,1,1,0,0,0,0,0,0,0,0,0,0
2002,360655,2,1,0,0,0,0,0,0,0,0,0,0
2002,360655,3,1,0,0,0,25,0,0,0,0,0,4
2002,360656,1,1,0,0,0,0,0,0,0,0,0,0
2002,360657,0,1,0,5,0,21,0,0,29,0,0,0
2002,360657,1,1,0,0,0,0,0,0,0,0,0,0
2002,360658,1,1,0,0,0,0,0,0,0,0,0,0
2002,360658,2,1,0,0,0,0,0,0,0,0,0,0
2002,360659,1,1,17,17,17,17,17,17,17,17,17,17
2002,360660,1,1,16,16,16,16,16,16,16,16,16,16
2002,360661,1,1,0,0,0,0,0,0,0,0,0,0
2002,360662,1,1,11,27,15,14,31,17,24,28,13,22
2002,360663,1,1,0,0,0,0,0,0,0,0,0,0
2002,360663,2,1,0,0,0,0,0,0,0,0,0,0
2002,360664,1,1,0,0,0,0,0,0,0,0,3,0
2002,360665,1,1,0,0,0,0,12,24,0,0,0,0
2002,360665,2,1,0,0,0,0,0,0,0,0,0,0
2002,360666,1,1,20,16,19,19,24,4,15,24,15,31
2002,360667,1,1,14,14,14,14,14,14,14,14,14,14
2002,360667,2,1,0,0,0,0,0,0,0,0,0,12
2002,360668,1,1,19,19,19,19,19,19,19,19,19,19
2002,360669,1,1,0,0,0,0,0,0,0,0,6,0
2002,360669,2,1,0,0,0,0,0,0,0,0,0,0
2002,360670,1,1,0,23,14,20,0,0,0,0,0,0
2002,360671,0,1,25,25,25,25,25,25,25,25,25,25
2002,360671,1,1,0,16,0,0,0,0,0,0,0,0
2002,360672,1,1,0,0,0,0,0,0,0,0,0,0
2002,360672,2,1,0,0,0,0,0,0,0,0,0,0
2002,360673,1,1,0,0,0,0,0,0,0,0,0,0
2002,360674,1,1,0,0,0,0,0,0,0,0,0,0
2002,360674,2,1,0,0,0,38,0,0,0,0,0,0
2002,360674,3,1,0,0,0,0,0,0,0,0,0,0
2002,360675,1,1,0,0,0,0,0,0,0,0,0,0
2002,360675,2,1,0,0,0,0,0,0,0,0,0,0
2002,360675,3,1,0,0,0,0,0,0,0,0,0,0
2002,360676,1,1,0,13,0,0,22,11,0,17,0,17
2002,360677,1,1,0,0,0,0,0,0,0,0,0,0
2002,360678,1,1,0,0,0,0,0,0,0,0,0,0
2002,360679,0,1,24,0,25,0,0,25,16,0,22,0
2002,360679,1,1,0,0,0,0,0,0,0,0,0,0
2002,360679,2,1,0,0,0,0,0,0,0,0,0,0
2002,360680,1,1,0,0,0,0,0,0,0,0,0,0
2002,360680,2,1,0,0,0,0,0,0,0,0,0,0
2002,360681,1,1,0,0,0,0,0,0,0,0,0,0
2002,360682,1,1,17,11,21,10,16,9,16,0,13,26
2002,360683,1,1,0,0,0,0,0,0,0,0,0,0
2002,360683,2,1,0,0,0,0,0,0,0,0,0,0
2002,360684,1,1,8,0,0,0,0,0,0,0,11,0
2002,360684,2,1,0,0,0,0,0,0,0,0,0,0
2002,360685,1,1,0,0,0,0,0,0,0,0,0,0
2002,360685,2,1,0,0,0,0,0,0,0,0,0,0
2002,360686,1,1,0,0,0,0,0,0,0,0,0,0
2002,360686,2,1,0,0,0,0,0,0,0,0,0,0
2002,360687,1,1,0,0,0,0,0,0,0,0,0,0
2002,360688,0,1,14,14,14,14,14,14,14,14,14,14
2002,360688,1,1,0,0,0,0,0,0,0,0,0,0
2002,360689,1,1,4,0,0,33,0,0,5,0,0,0
2002,360689,2,1,0,0,0,0,0,0,0,0,0,0
2002,360690,1,1,0,0,0,0,0,0,0,0,0,0
2002,360690,2,1,0,0,0,0,0,0,0,0,0,0
2002,360691,1,1,17,0,25,0,21,0,0,0,0,26
2002,360691,2,1,28,28,28,28,28,28,28,28,28,28
2002,360692,0,1,0,0,0,0,0,0,0,0,0,0
2002,360692,1,1,0,0,0,0,0,0,0,0,6,0
2002,360693,1,1,0,0,0,0,0,0,0,0,0,0
2002,360694,1,1,0,0,0,0,0,0,0,0,0,0
2002,360695,1,1,0,0,19,0,0,0,0,0,19,19
2002,360696,1,1,0,0,0,0,15,0,0,0,0,0
2002,360696,2,1,0,0,0,0,0,0,0,0,0,0
2002,360697,1,1,0,0,0,0,0,0,0,0,0,0
2002,360697,2,1,0,0,0,0,0,0,0,0,0,0
2002,360698,1,1,0,0,0,0,0,0,0,0,0,0