YEAR,ST_CASE,veh_no,per_no,P1,P2,P3,P4,P5,P6,P7,P8,P9,P10
2002,370660,1,1,0,0,0,0,0,0,0,0,0,0
2002,370660,2,1,0,0,0,0,0,0,8,0,0,0
2002,370661,1,1,0,0,0,0,0,0,0,0,0,0
2002,370661,2,1,0,0,0,0,0,0,0,0,0,0
2002,370662,1,1,0,0,0,0,0,0,0,0,0,0
2002,370663,1,1,10,10,10,10,10,10,10,10,10,10
2002,370664,1,1,0,0,0,0,0,0,0,0,0,0
2002,370665,1,1,0,0,16,0,0,26,16,0,8,0
2002,370666,1,1,0,0,0,0,0,0,0,0,0,0
2002,370666,2,1,0,0,0,0,0,0,0,0,0,0
2002,370668,0,1,11,11,11,11,11,11,11,11,11,11
2002,370668,1,1,0,0,0,0,0,0,0,0,0,0
2002,370669,1,1,0,0,0,0,0,0,0,0,0,0
2002,370669,2,1,0,0,0,0,0,0,0,0,0,0
2002,370670,1,1,0,0,0,0,0,0,0,0,0,0
2002,370670,2,1,0,0,0,0,0,0,0,0,0,0
2002,370671,1,1,0,0,0,0,0,0,0,0,0,0
2002,370671,2,1,0,0,0,0,0,0,0,0,0,0
2002,370672,1,1,0,0,0,0,0,0,0,0,0,0
2002,370673,1,1,0,0,0,0,0,0,0,0,0,0
2002,370674,1,1,0,23,0,0,0,19,20,0,0,0
2002,370674,2,1,0,0,0,0,0,0,0,0,0,0
2002,370675,1,1,0,0,0,0,0,0,0,0,0,0
2002,370675,2,1,0,0,0,0,0,0,0,0,0,0
2002,370676,0,1,0,0,0,0,0,0,0,0,0,0
2002,370676,1,1,0,0,0,0,0,0,0,0,0,0
2002,370677,1,1,0,0,0,0,0,0,0,0,0,0
2002,370678,1,1,20,20,20,20,20,20,20,20,20,20
2002,370679,1,1,0,0,0,0,0,0,0,0,0,0
2002,370679,2,1,0,0,0,0,0,0,0,0,0,0
2002,370680,1,1,0,0,0,0,0,0,0,0,0,0
2002,370680,2,1,0,0,0,0,0,0,0,0,0,0
2002,370681,1,1,17,17,17,17,17,17,17,17,17,17
2002,370683,1,1,0,0,0,0,0,0,0,0,0,0
2002,370684,1,1,0,0,0,0,0,0,0,0,0,0
2002,370685,1,1,3,8,26,13,14,0,10,11,0,15
2002,370686,1,1,0,0,0,0,0,0,0,0,0,0
2002,370686,2,1,0,0,0,0,0,0,0,0,0,0
2002,370687,1,1,23,23,23,23,23,23,23,23,23,23
2002,370688,1,1,15,15,15,15,15,15,15,15,15,15
2002,370689,1,1,4,26,22,6,10,7,21,19,20,19
2002,370690,1,1,14,14,14,14,14,14,14,14,14,14
2002,370691,1,1,24,24,24,24,24,24,24,24,24,24
2002,370692,0,1,11,11,11,11,11,11,11,11,11,11
2002,370692,1,1,0,0,0,0,0,0,0,0,0,0
2002,370693,1,1,0,0,0,0,0,0,0,0,0,0
2002,370694,1,1,9,10,7,29,15,18,13,17,5,13
2002,370694,2,1,0,19,0,6,14,0,0,0,0,23
2002,370695,1,1,0,0,0,0,0,0,0,0,0,0
2002,370695,2,1,0,0,0,0,0,0,0,0,0,0
2002,370696,1,1,21,21,21,21,21,21,21,21,21,21
2002,370696,2,1,0,0,0,0,0,0,0,0,0,0
2002,370697,1,1,2,2,2,2,2,2,2,2,2,2
2002,370698,1,1,0,0,0,0,0,0,0,0,0,0
2002,370699,1,1,0,0,0,0,12,0,0,0,0,0
2002,370699,2,1,0,0,0,0,0,0,0,0,0,0
2002,370700,0,1,0,0,0,0,0,0,0,0,0,0
2002,370700,1,1,0,0,0,0,0,0,0,0,0,0
2002,370701,1,1,0,0,0,0,0,0,0,0,0,0
2002,370701,2,1,0,0,0,0,0,0,0,0,0,0
2002,370702,1,1,0,0,0,0,0,0,0,0,0,0
2002,370703,0,1,17,17,17,17,17,17,17,17,17,17
2002,370703,0,2,0,0,0,0,0,0,0,0,0,0
2002,370703,1,1,0,0,27,0,0,0,22,0,0,10
2002,370704,0,1,0,0,0,0,0,0,0,0,0,0
2002,370704,1,1,4,0,0,0,0,0,0,0,0,0
2002,370705,1,1,23,23,23,23,23,23,23,23,23,23
2002,370706,1,1,0,0,0,0,0,0,0,0,0,0
2002,370707,1,1,0,0,0,0,0,0,0,0,0,0
2002,370708,1,1,0,0,0,0,0,0,0,0,0,0
2002,370709,1,1,0,0,0,0,0,0,0,0,0,0
2002,370709,2,1,0,0,0,0,0,0,0,0,0,0
2002,370710,1,1,6,10,12,18,9,13,10,11,4,33
2002,370710,2,1,0,0,0,0,0,0,0,0,0,0
2002,370711,1,1,5,5,5,5,5,5,5,5,5,5
2002,370712,1,1,0,0,0,0,0,0,0,0,0,0
2002,370712,2,1,0,0,0,0,0,0,0,0,0,0
2002,370713,1,1,0,0,0,0,0,0,0,0,0,0
2002,370714,1,1,12,13,8,8,11,8,3,16,0,5
2002,370715,1,1,7,6,3,18,12,10,20,29,7,17
2002,370716,1,1,0,0,0,0,0,0,0,0,0,0
2002,370716,2,1,0,0,0,0,0,0,0,0,0,0
2002,370717,1,1,0,0,0,0,0,0,0,0,0,0
2002,370717,2,1,0,3,11,0,0,0,0,0,0,0
2002,370718,1,1,0,0,0,0,0,0,0,0,0,0
2002,370719,1,1,0,0,0,0,0,0,0,0,0,0
2002,370720,1,1,3,3,3,3,3,3,3,3,3,3
2002,370721,1,1,0,0,0,0,0,0,0,0,0,0
2002,370721,2,1,0,0,0,0,0,0,0,0,0,0
2002,370721,3,1,0,0,0,0,0,0,0,0,0,0
2002,370722,1,1,10,10,10,10,10,10,10,10,10,10
2002,370723,1,1,0,0,0,0,0,0,0,0,0,0
2002,370724,1,1,0,0,0,0,0,0,0,0,0,0
2002,370725,1,1,0,0,0,0,0,0,0,0,0,0
2002,370726,1,1,35,35,35,35,35,35,35,35,35,35
2002,370727,1,1,24,24,24,24,24,24,24,24,24,24
2002,370728,1,1,9,9,9,9,9,9,9,9,9,9
2002,370729,1,1,13,13,13,13,13,13,13,13,13,13
2002,370730,1,1,0,0,0,0,0,0,0,0,0,0
2002,370731,1,1,0,0,0,0,0,0,0,0,0,0
2002,370731,2,1,0,0,0,0,0,0,0,0,0,0
2002,370731,3,1,0,0,0,0,0,0,0,0,0,0
2002,370731,4,1,0,0,0,7,0,0,0,0,0,0
2002,370732,1,1,26,26,26,26,26,26,26,26,26,26
2002,370733,1,1,0,0,0,0,0,0,0,0,0,0
2002,370733,2,1,0,0,0,0,0,0,0,0,0,0
2002,370734,1,1,0,0,0,0,0,0,0,0,0,0
2002,370734,2,1,0,0,0,0,0,0,0,0,0,0
2002,370735,1,1,0,0,0,0,0,0,0,0,0,0
2002,370735,2,1,0,0,0,0,0,0,0,0,0,0
2002,370736,0,1,0,0,0,0,0,0,0,0,0,0
2002,370736,1,1,0,0,0,0,0,0,0,0,0,0
2002,370737,1,1,0,0,0,0,0,0,0,0,0,0
2002,370737,2,1,0,0,0,0,0,0,0,0,0,0
2002,370737,3,1,0,0,0,0,0,0,0,0,0,0
2002,370738,1,1,0,0,0,0,0,0,0,0,0,0
2002,370739,1,1,0,0,0,0,0,0,0,0,0,0
2002,370740,1,1,0,0,0,0,0,0,0,0,0,0
2002,370740,2,1,0,0,0,0,0,0,0,0,0,0
2002,370741,1,1,14,13,3,9,13,16,16,9,14,9
2002,370741,2,1,0,0,0,0,0,10,0,0,0,0
2002,370741,3,1,0,0,0,0,0,0,0,0,0,0
2002,370742,1,1,0,0,0,0,0,19,0,0,0,0
2002,370742,2,1,0,0,0,0,0,0,0,0,0,0
2002,370742,3,1,0,0,0,0,0,0,0,0,0,0
2002,370742,4,1,0,0,0,0,0,0,0,0,0,0
2002,370742,5,1,0,0,0,0,0,0,0,0,0,0
2002,370742,6,1,0,0,0,0,12,0,6,0,0,0
2002,370743,0,1,0,0,0,0,0,0,0,0,0,0
2002,370744,1,1,0,0,0,0,0,0,0,0,0,0
2002,370744,2,1,0,0,0,0,0,0,0,0,0,0
2002,370745,1,1,0,0,0,0,0,0,0,0,0,0
2002,370745,2,1,0,0,0,0,0,0,0,0,0,0
2002,370746,1,1,0,0,0,0,0,0,0,0,0,0
2002,370746,2,1,0,0,0,0,0,0,0,0,0,0
2002,370747,1,1,0,0,0,0,0,0,0,0,0,0
2002,370747,2,1,0,8,0,0,0,0,0,0,0,0
2002,370748,1,1,0,0,0,0,0,0,0,0,0,0
2002,370748,2,1,0,0,0,0,0,0,0,0,0,0
2002,370749,0,1,22,22,22,22,22,22,22,22,22,22
2002,370749,1,1,6,6,6,6,6,6,6,6,6,6
2002,370750,1,1,11,11,11,11,11,11,11,11,11,11
2002,370751,1,1,0,0,0,0,0,0,0,0,0,0
2002,370752,1,1,0,0,0,0,0,0,0,0,0,0
2002,370752,2,1,0,0,0,0,0,0,0,0,0,0
2002,370753,1,1,0,0,0,0,0,0,0,0,0,0
2002,370753,2,1,0,0,0,0,0,0,0,0,0,0
2002,370754,1,1,0,0,0,0,0,0,0,0,0,0
2002,370754,2,1,0,0,0,0,0,0,0,0,0,0
2002,370754,3,1,0,0,0,0,0,0,0,0,0,0
2002,370754,4,1,0,0,0,0,0,0,0,0,0,0
2002,370755,1,1,31,31,31,31,31,31,31,31,31,31
2002,370756,1,1,27,27,27,27,27,27,27,27,27,27
2002,370757,1,1,0,0,0,0,0,0,0,0,0,0
2002,370757,2,1,0,0,0,0,0,0,0,0,0,0
2002,370758,1,1,0,0,0,0,0,0,0,0,0,0
2002,370758,2,1,0,0,0,0,0,0,0,0,0,0
2002,370759,1,1,0,0,0,0,0,0,0,0,0,0
2002,370760,1,1,0,0,0,0,0,0,0,0,0,0
2002,370761,1,1,0,0,0,0,0,0,0,0,0,0
2002,370761,2,1,0,0,0,0,0,0,0,30,0,0
2002,370762,1,1,0,0,0,0,0,0,0,0,0,0
2002,370763,1,1,0,0,0,0,0,0,0,0,0,0
2002,370764,1,1,17,17,17,17,17,17,17,17,17,17
2002,370765,0,1,23,23,23,23,23,23,23,23,23,23
2002,370765,1,1,18,0,0,0,0,0,0,0,0,0
2002,370766,1,1,16,16,16,16,16,16,16,16,16,16
2002,370767,0,1,0,0,0,0,0,0,0,0,0,0
2002,370767,1,1,0,0,0,0,0,0,0,0,0,0
2002,370768,1,1,22,11,8,18,7,11,4,0,18,16
2002,370769,1,1,0,0,0,0,0,0,0,0,0,0
2002,370770,1,1,0,0,0,0,0,0,0,0,0,0
2002,370770,2,1,0,0,0,0,0,0,0,0,0,0
2002,370771,1,1,0,0,0,0,0,0,0,0,0,0
2002,370772,1,1,0,0,0,0,0,0,0,0,0,0
2002,370772,2,1,0,0,0,0,0,0,0,0,0,0
2002,370773,1,1,19,0,21,15,14,24,16,26,8,0
2002,370773,2,1,0,0,0,0,0,0,0,0,0,0
2002,370774,0,1,0,0,0,0,0,0,0,0,0,0
2002,370774,1,1,0,0,0,16,0,4,0,0,0,10
2002,370775,1,1,0,0,0,0,0,0,0,0,0,0
2002,370775,2,1,0,0,0,0,0,0,0,0,0,0
2002,370776,1,1,0,0,0,0,0,0,0,0,0,0
2002,370776,2,1,0,0,0,0,0,0,0,0,0,0
2002,370777,1,1,0,0,0,0,0,0,0,0,0,0
2002,370778,1,1,0,0,0,0,0,0,0,0,0,0
2002,370779,1,1,11,11,11,11,11,11,11,11,11,11
2002,370780,1,1,9,9,9,9,9,9,9,9,9,9
2002,370781,0,1,27,27,27,27,27,27,27,27,27,27
2002,370781,1,1,0,8,0,0,0,0,0,0,0,0
2002,370782,1,1,0,0,0,0,0,0,0,0,0,0
2002,370783,1,1,0,0,0,0,16,0,0,20,16,0
2002,370783,2,1,0,0,0,0,0,0,0,0,0,9
2002,370784,1,1,0,0,0,0,0,0,0,0,0,0
2002,370784,2,1,0,0,0,0,0,0,0,0,0,0
2002,370785,0,1,21,21,21,21,21,21,21,21,21,21
2002,370785,1,1,0,0,0,15,23,4,0,0,0,0
2002,370786,1,1,11,11,11,11,11,11,11,11,11,11
2002,370786,2,1,0,0,0,0,0,0,0,0,0,0
2002,370787,1,1,0,0,0,0,0,0,0,0,0,0
2002,370788,1,1,0,36,0,0,0,0,0,0,0,0
2002,370788,2,1,0,0,0,0,0,0,0,0,0,0
2002,370789,1,1,0,0,0,0,0,0,0,0,0,0
2002,370790,1,1,20,20,20,20,20,20,20,20,20,20
2002,370792,1,1,0,0,0,0,0,0,0,17,0,0
2002,370793,1,1,20,20,20,20,20,20,20,20,20,20
2002,370794,1,1,21,12,28,24,12,15,10,13,0,33
2002,370794,2,1,7,7,7,7,7,7,7,7,7,7
2002,370795,1,1,0,0,0,0,0,0,0,0,0,0
2002,370796,1,1,0,0,0,0,0,0,0,0,0,0
2002,370797,1,1,0,0,0,0,0,0,0,0,0,0
2002,370797,2,1,0,0,0,0,0,0,0,0,0,0
2002,370798,1,1,0,15,16,20,16,13,9,17,15,14
2002,370798,2,1,0,0,0,0,0,0,0,0,0,0
2002,370798,3,1,0,0,0,0,0,0,0,0,0,0
2002,370799,1,1,0,11,0,0,0,0,0,0,0,0
2002,370799,2,1,7,0,0,0,0,0,0,0,0,0
2002,370800,1,1,13,24,20,25,15,4,19,12,7,26
2002,370801,1,1,0,0,0,9,0,0,23,0,0,8
2002,370801,2,1,0,0,0,0,0,0,0,0,0,0
2002,370802,1,1,0,0,0,0,0,0,0,0,0,0
2002,370802,2,1,0,0,0,0,0,0,0,0,0,0
2002,370803,1,1,28,28,28,28,28,28,28,28,28,28
2002,370804,1,1,0,0,0,0,0,0,0,0,13,0
2002,370804,2,1,0,0,0,0,0,0,0,0,0,0
2002,370805,1,1,6,6,6,6,6,6,6,6,6,6
2002,370805,2,1,22,0,0,0,0,0,11,0,19,0
2002,370806,1,1,0,0,0,0,0,0,0,0,0,0
2002,370806,2,1,0,0,0,0,0,0,0,0,0,0
2002,370807,1,1,23,23,23,23,23,23,23,23,23,23
2002,370808,1,1,0,0,0,0,0,0,0,0,0,0
2002,370808,2,1,0,0,0,0,0,0,0,0,0,0
2002,370809,1,1,32,8,15,14,23,12,0,18,17,22
2002,370810,1,1,0,0,0,0,0,0,0,0,0,0
2002,370810,2,1,0,0,0,0,0,0,0,0,0,0
2002,370810,3,1,0,0,0,0,0,0,0,0,0,0
2002,370811,0,1,0,0,0,0,0,0,0,0,0,0
2002,370811,1,1,0,0,0,0,0,0,0,0,0,0
2002,370812,1,1,0,0,0,0,0,0,0,0,0,0
2002,370812,2,1,0,0,0,0,0,0,0,0,0,0
2002,370813,0,1,0,0,0,0,0,0,0,0,0,0
2002,370813,1,1,0,0,0,0,0,0,0,0,0,0
2002,370814,1,1,0,0,0,0,0,0,0,0,0,0
2002,370815,1,1,0,0,0,0,0,0,0,0,0,0
2002,370815,2,1,0,0,0,0,0,0,0,0,0,0
2002,370816,0,1,0,0,0,0,0,0,0,0,0,0
2002,370816,1,1,5,0,0,0,0,0,0,0,0,0
2002,370817,1,1,0,0,0,0,0,0,0,0,0,0
2002,370818,1,1,6,17,20,15,0,8,12,0,12,10
2002,370818,2,1,0,0,0,0,0,0,0,0,0,0
2002,370819,1,1,0,0,0,0,0,0,0,0,0,0
2002,370820,1,1,0,0,0,0,0,0,0,0,0,0
2002,370820,2,1,0,0,0,0,0,0,0,0,0,0
2002,370821,1,1,0,0,0,0,0,0,0,0,0,0
2002,370821,2,1,0,0,0,0,0,0,0,0,0,0
2002,370822,1,1,0,0,0,0,0,0,0,0,0,0
2002,370823,1,1,0,0,0,0,0,0,0,0,0,0
2002,370823,2,1,0,0,0,0,0,0,0,0,0,0
2002,370824,1,1,19,31,6,21,42,24,0,29,14,19
2002,370825,1,1,26,26,26,26,26,26,26,26,26,26
2002,370825,2,1,0,0,0,0,0,0,0,0,0,0
2002,370826,1,1,0,0,0,0,0,0,0,0,0,0
2002,370826,2,1,0,0,0,0,0,0,0,0,0,0
2002,370827,1,1,9,21,15,8,24,9,14,19,3,23
2002,370828,1,1,6,6,6,6,6,6,6,6,6,6
2002,370829,1,1,20,10,2,24,5,13,6,16,5,17
2002,370829,2,1,0,0,0,0,0,0,0,0,0,0
2002,370830,1,1,20,20,20,20,20,20,20,20,20,20
2002,370831,1,1,12,23,23,21,8,22,12,15,0,0
2002,370831,2,1,2,2,2,2,2,2,2,2,2,2
2002,370832,1,1,0,0,0,0,0,0,0,0,0,0
2002,370832,2,1,0,0,0,0,0,0,0,0,0,0
2002,370832,3,1,0,0,0,0,0,0,0,0,0,0
2002,370833,1,1,0,0,0,0,0,0,0,0,0,0
2002,370834,1,1,0,0,0,0,0,0,0,0,0,0
2002,370834,2,1,0,0,0,0,0,0,0,0,0,16
2002,370835,1,1,0,0,0,0,0,0,0,0,0,0
2002,370835,2,1,0,0,0,0,0,0,0,0,0,0
2002,370835,3,1,0,0,0,0,0,0,0,0,0,0
2002,370835,4,1,0,0,0,0,0,0,0,0,0,0
2002,370835,5,1,0,0,0,0,0,0,0,0,0,0
2002,370836,1,1,0,15,7,0,11,0,2,0,7,0
2002,370836,2,1,0,0,0,0,0,0,0,0,0,0
2002,370837,1,1,0,0,0,0,0,0,0,0,0,0
2002,370837,2,1,0,0,0,0,0,0,0,0,0,0
2002,370838,1,1,0,0,0,0,0,0,0,0,0,0
2002,370839,1,1,0,0,0,0,0,0,0,0,0,0
2002,370839,2,1,0,0,0,0,0,0,0,12,0,0
2002,370840,1,1,0,0,0,0,0,0,0,0,0,0
2002,370841,0,1,13,13,13,13,13,13,13,13,13,13
2002,370841,1,1,0,0,0,0,0,0,0,0,0,0
2002,370842,1,1,0,0,0,0,0,0,0,0,0,0
2002,370843,1,1,15,15,15,15,15,15,15,15,15,15
2002,370844,1,1,0,0,0,0,0,0,0,23,0,0
2002,370844,2,1,0,0,0,0,0,0,0,0,0,0
2002,370845,0,1,0,0,0,0,0,0,0,0,0,0
2002,370845,1,1,27,11,12,0,10,13,11,26,23,21
2002,370846,1,1,0,0,0,0,0,0,0,0,0,0
2002,370846,2,1,0,0,0,0,0,0,0,0,0,0
2002,370847,1,1,17,17,17,17,17,17,17,17,17,17
2002,370848,1,1,0,0,0,0,0,0,0,0,0,0
2002,370848,2,1,0,0,0,0,0,0,0,0,0,0
2002,370849,1,1,0,0,0,0,0,0,0,0,0,0
2002,370849,2,1,0,0,0,0,0,0,0,0,0,0
2002,370850,1,1,13,13,13,13,13,13,13,13,13,13
2002,370851,1,1,0,0,0,0,0,0,0,0,0,0
2002,370851,2,1,0,0,0,0,0,0,0,0,0,0
2002,370852,1,1,0,0,0,0,0,0,0,0,0,0
2002,370853,0,1,11,11,11,11,11,11,11,11,11,11
2002,370853,1,1,40,0,0,0,0,0,0,0,0,5
2002,370854,1,1,17,17,17,17,17,17,17,17,17,17
2002,370855,1,1,0,0,0,0,0,0,0,0,0,0
2002,370856,1,1,0,0,0,0,0,0,0,0,0,0
2002,370856,2,1,5,16,10,8,0,15,15,0,8,20
2002,370857,1,1,0,0,0,0,0,0,0,0,0,0
2002,370858,1,1,0,0,0,0,0,0,0,0,0,0
2002,370858,2,1,0,0,0,0,0,0,0,0,0,0
2002,370859,0,1,0,0,0,0,0,0,0,0,0,0
2002,370859,1,1,0,0,0,0,0,0,0,0,0,19
2002,370860,1,1,13,13,13,13,13,13,13,13,13,13
2002,370861,0,1,0,0,0,0,0,0,0,0,0,0
2002,370861,0,2,21,28,0,0,0,0,27,25,0,0
2002,370861,1,1,0,0,0,0,0,0,0,0,0,0
2002,370862,1,1,0,0,0,0,0,0,0,0,0,0
2002,370863,1,1,0,0,0,0,0,0,0,0,0,0
2002,370864,1,1,16,16,16,16,16,16,16,16,16,16
2002,370865,1,1,0,0,13,19,0,30,10,12,15,8
2002,370866,0,1,0,0,0,0,0,0,0,0,0,0
2002,370866,1,1,0,0,0,0,0,0,0,0,0,0
2002,370867,1,1,0,0,0,0,0,0,0,0,0,0
2002,370867,2,1,0,0,0,0,0,0,0,0,0,0
2002,370868,1,1,0,0,0,0,0,0,0,8,0,0
2002,370869,1,1,0,0,0,0,0,0,0,0,0,0
2002,370869,2,1,0,0,0,0,0,0,0,0,0,0
2002,370870,0,1,0,0,0,0,0,0,0,0,0,0
2002,370870,1,1,0,0,0,0,0,0,0,0,0,0
2002,370871,1,1,20,20,20,20,20,20,20,20,20,20
2002,370872,1,1,15,15,15,15,15,15,15,15,15,15
2002,370873,1,1,20,20,20,20,20,20,20,20,20,20
2002,370874,1,1,0,0,0,0,0,0,0,0,0,0
2002,370875,1,1,0,0,0,0,0,0,0,0,0,0
2002,370875,2,1,0,0,0,0,0,0,0,0,0,0
2002,370876,1,1,0,0,0,0,0,0,0,0,0,0
2002,370877,1,1,17,17,3,7,11,31,9,15,12,13
2002,370878,1,1,36,36,36,36,36,36,36,36,36,36
2002,370879,1,1,0,3,29,0,0,28,0,0,17,20
2002,370880,1,1,11,11,11,11,11,11,11,11,11,11
2002,370880,2,1,0,0,0,0,0,0,0,17,0,0
2002,370881,1,1,0,0,0,0,0,0,0,0,0,0
2002,370882,0,1,0,0,0,0,0,0,0,0,0,0
2002,370882,1,1,11,11,11,11,11,11,11,11,11,11
2002,370883,0,1,17,17,17,17,17,17,17,17,17,17
2002,370883,1,1,0,17,0,0,0,0,0,0,0,0
2002,370884,1,1,0,0,0,0,0,0,0,0,0,0
2002,370884,2,1,0,0,0,0,0,0,0,0,0,0
2002,370885,1,1,0,0,0,0,0,0,0,0,0,0
2002,370887,1,1,0,0,0,0,0,0,0,0,0,0
2002,370887,2,1,0,0,0,0,0,0,0,0,0,0
2002,370888,1,1,0,0,0,0,0,0,0,0,0,0
2002,370889,1,1,11,11,11,11,11,11,11,11,11,11
2002,370890,0,1,17,17,17,17,17,17,17,17,17,17
2002,370890,1,1,0,0,0,0,0,0,0,0,0,0
2002,370891,1,1,14,14,14,14,14,14,14,14,14,14
2002,370892,1,1,0,0,0,0,0,0,0,0,0,0
2002,370893,0,1,0,0,0,0,0,0,0,0,0,0
2002,370893,0,2,0,0,0,0,0,0,0,0,0,0
2002,370893,1,1,0,0,0,0,0,0,0,0,0,0
2002,370893,2,1,0,0,0,0,0,0,0,0,0,0
2002,370894,1,1,0,0,0,0,0,0,0,0,0,0
2002,370895,1,1,0,0,0,0,0,0,0,0,0,0
2002,370895,2,1,0,0,0,0,0,0,0,0,0,0
2002,370896,1,1,9,9,9,9,9,9,9,9,9,9
2002,370896,2,1,0,0,0,0,0,0,0,0,0,0
2002,370896,3,1,0,0,0,0,0,0,0,0,0,0
2002,370897,1,1,0,0,0,0,0,0,0,0,0,0
2002,370897,2,1,0,0,0,0,0,0,0,0,0,0
2002,370897,3,1,0,0,0,0,0,0,0,0,0,0
2002,370898,1,1,0,0,0,0,0,0,0,0,0,0
2002,370898,2,1,0,0,0,0,0,0,0,0,0,0
2002,370899,1,1,0,0,0,0,0,0,0,0,0,0
2002,370900,1,1,0,0,0,0,0,0,0,0,0,0
2002,370901,1,1,10,10,10,10,10,10,10,10,10,10
2002,370902,0,1,3,3,3,3,3,3,3,3,3,3
2002,370902,1,1,0,2,19,12,0,0,0,0,0,0
2002,370903,1,1,0,0,0,0,5,0,0,0,0,0
2002,370903,2,1,0,0,0,0,0,0,0,0,0,0
2002,370904,1,1,0,0,0,0,0,0,0,0,0,0
2002,370905,1,1,0,0,0,0,0,0,0,0,0,0
2002,370906,1,1,0,0,0,0,0,0,0,0,0,0
2002,370906,2,1,0,0,0,0,0,0,0,0,0,0
2002,370907,1,1,18,18,18,18,18,18,18,18,18,18
2002,370908,1,1,0,0,0,0,0,0,0,0,0,0
2002,370909,1,1,0,0,0,0,0,0,0,0,0,0
2002,370909,2,1,0,0,0,0,0,8,0,0,0,0
2002,370910,1,1,16,16,16,16,16,16,16,16,16,16
2002,370911,1,1,22,22,22,22,22,22,22,22,22,22
2002,370912,1,1,0,0,0,0,0,0,0,0,0,0
2002,370912,2,1,0,0,0,0,0,23,0,0,0,0
2002,370913,1,1,19,19,19,19,19,19,19,19,19,19
2002,370914,1,1,9,9,9,9,9,9,9,9,9,9
2002,370915,1,1,0,0,0,0,0,0,0,0,0,0
2002,370915,2,1,0,0,0,0,0,0,0,0,0,0
2002,370916,1,1,0,0,0,0,0,0,0,0,0,0
2002,370916,2,1,0,0,0,0,0,0,0,0,0,0
2002,370917,0,1,29,29,29,29,29,29,29,29,29,29
2002,370917,1,1,0,0,0,0,0,0,0,0,0,0
2002,370918,1,1,0,0,0,0,0,0,0,0,0,0
2002,370918,2,1,0,0,0,0,0,0,0,0,0,0
2002,370919,0,1,3,3,3,3,3,3,3,3,3,3
2002,370919,1,1,0,0,0,0,0,0,0,0,0,0
2002,370919,2,1,0,6,0,21,20,0,8,0,0,10
2002,370920,1,1,17,16,13,0,17,19,16,20,6,9
2002,370921,1,1,0,0,0,0,0,0,0,0,0,0
2002,370921,2,1,6,6,6,6,6,6,6,6,6,6
2002,370922,1,1,0,0,0,0,0,0,0,0,0,0
2002,370922,2,1,0,13,23,3,24,0,12,15,14,21
2002,370923,1,1,0,0,0,0,0,0,0,0,0,0
2002,370923,2,1,0,0,0,0,17,0,0,0,0,9
2002,370924,1,1,8,8,8,8,8,8,8,8,8,8
2002,370925,1,1,0,0,2,0,0,0,0,19,0,0
2002,370925,2,1,0,19,0,0,0,0,0,0,0,0
2002,370926,1,1,9,9,9,9,9,9,9,9,9,9
2002,370927,1,1,32,32,32,32,32,32,32,32,32,32
2002,370928,1,1,15,15,15,15,15,15,15,15,15,15
2002,370929,1,1,8,8,8,8,8,8,8,8,8,8
2002,370929,2,1,0,0,0,0,0,0,0,0,0,0
2002,370930,0,1,24,38,0,0,35,0,0,13,3,0
2002,370930,1,1,10,25,23,13,19,5,13,8,12,31
2002,370931,0,1,46,0,18,0,32,34,0,0,35,29
2002,370931,1,1,13,9,14,18,14,26,0,0,20,0
2002,370932,1,1,0,0,0,0,0,0,0,0,0,0
2002,370933,1,1,0,0,0,0,0,0,0,0,0,0
2002,370934,1,1,26,16,5,3,11,7,22,15,19,13
2002,370934,2,1,0,0,0,0,0,0,0,0,0,0
2002,370935,1,1,17,17,17,17,17,17,17,17,17,17
2002,370936,1,1,0,0,0,0,0,0,0,0,0,0
2002,370937,1,1,14,8,21,19,4,3,17,7,6,7
2002,370938,0,1,30,30,30,30,30,30,30,30,30,30
2002,370938,1,1,0,0,0,0,0,0,0,0,0,0
2002,370939,1,1,0,0,0,0,0,0,0,0,0,0
2002,370939,2,1,0,0,0,0,0,0,0,0,0,0
2002,370940,1,1,0,0,0,0,0,0,0,0,0,0
2002,370941,1,1,27,12,0,0,0,33,0,0,0,0
2002,370942,1,1,0,0,0,0,0,0,0,0,0,0
2002,370943,1,1,12,12,12,12,12,12,12,12,12,12
2002,370943,2,1,0,0,0,0,0,0,0,0,0,0
2002,370944,1,1,37,37,37,37,37,37,37,37,37,37
2002,370944,2,1,0,0,0,0,0,0,0,0,0,0
2002,370945,1,1,14,14,14,14,14,14,14,14,14,14
2002,370946,1,1,0,0,0,0,0,0,0,0,0,0
2002,370946,2,1,0,0,0,0,0,0,0,0,0,17
2002,370947,0,1,16,13,23,33,27,13,6,12,5,15
2002,370947,1,1,0,0,9,6,24,14,9,0,0,0
2002,370948,1,1,14,14,14,14,14,14,14,14,14,14
2002,370949,1,1,19,19,19,19,19,19,19,19,19,19
2002,370950,1,1,0,0,0,0,0,0,0,0,0,0
2002,370950,2,1,0,0,0,0,0,0,0,0,0,0
2002,370951,1,1,12,12,12,12,12,12,12,12,12,12
2002,370951,2,1,0,0,0,0,0,0,0,0,0,0
2002,370952,1,1,13,13,19,0,13,14,9,15,0,16
2002,370952,2,1,0,0,0,0,0,0,0,0,0,0
2002,370953,0,1,21,21,21,21,21,21,21,21,21,21