YEAR,ST_CASE,veh_no,per_no,P1,P2,P3,P4,P5,P6,P7,P8,P9,P10
2002,390834,1,1,2,2,2,2,2,2,2,2,2,2
2002,390836,1,1,0,9,0,0,0,0,0,0,0,0
2002,390836,2,1,0,0,0,0,0,0,0,0,0,0
2002,390837,1,1,0,0,0,0,0,0,0,0,0,0
2002,390837,2,1,0,0,0,0,0,0,0,0,0,0
2002,390838,0,1,0,0,0,0,0,0,0,0,0,0
2002,390838,1,1,0,0,0,0,0,0,0,0,0,0
2002,390839,1,1,27,10,7,9,16,5,11,0,17,15
2002,390839,2,1,0,0,0,0,0,0,0,0,0,0
2002,390840,1,1,17,17,17,17,17,17,17,17,17,17
2002,390841,1,1,0,22,27,17,24,10,25,5,47,9
2002,390842,1,1,19,19,19,19,19,19,19,19,19,19
2002,390842,2,1,0,0,0,10,0,0,0,0,0,0
2002,390842,3,1,0,0,0,0,0,0,0,0,0,0
2002,390843,0,1,41,41,41,41,41,41,41,41,41,41
2002,390843,1,1,0,0,0,0,0,0,0,0,0,0
2002,390844,1,1,0,0,0,0,0,0,0,0,0,7
2002,390844,2,1,0,0,0,0,0,0,0,0,0,0
2002,390845,1,1,12,12,12,12,12,12,12,12,12,12
2002,390846,1,1,0,0,0,0,0,0,0,0,0,0
2002,390847,1,1,0,0,0,0,0,0,0,0,0,0
2002,390847,2,1,0,0,0,0,0,0,0,0,0,0
2002,390848,1,1,0,0,0,0,0,0,0,0,0,0
2002,390848,2,1,29,29,29,29,29,29,29,29,29,29
2002,390849,1,1,0,0,0,0,0,0,0,0,0,0
2002,390849,2,1,0,0,0,0,0,0,0,0,15,0
2002,390850,0,1,0,0,0,0,0,0,0,0,0,0
2002,390850,1,1,0,0,0,0,10,0,0,0,0,0
2002,390851,1,1,0,0,0,0,0,0,0,0,0,0
2002,390851,2,1,0,0,0,0,0,0,0,0,0,0
2002,390852,1,1,23,23,23,23,23,23,23,23,23,23
2002,390852,2,1,0,0,0,0,0,0,0,0,0,0
2002,390853,1,1,0,0,0,0,0,0,0,0,0,0
2002,390853,2,1,7,4,28,18,14,14,31,6,10,20
2002,390854,1,1,0,0,0,0,0,0,0,0,0,0
2002,390855,0,1,6,6,6,6,6,6,6,6,6,6
2002,390855,1,1,0,0,0,0,0,0,0,0,0,0
2002,390856,1,1,0,0,0,0,0,0,0,0,0,0
2002,390857,1,1,29,29,29,29,29,29,29,29,29,29
2002,390858,1,1,4,0,0,0,0,0,0,0,0,0
2002,390859,1,1,0,0,0,0,0,0,0,0,0,0
2002,390859,2,1,0,0,0,0,0,0,0,0,0,0
2002,390860,1,1,36,36,36,36,36,36,36,36,36,36
2002,390861,1,1,7,7,7,7,7,7,7,7,7,7
2002,390862,1,1,0,0,0,0,0,0,0,0,0,0
2002,390863,0,1,30,30,30,30,30,30,30,30,30,30
2002,390863,1,1,11,11,11,11,11,11,11,11,11,11
2002,390864,1,1,25,25,25,25,25,25,25,25,25,25
2002,390865,1,1,0,0,0,0,0,0,0,0,0,0
2002,390865,2,1,0,0,0,0,0,0,0,0,0,0
2002,390866,1,1,0,0,0,0,0,0,0,0,0,0
2002,390866,2,1,0,0,0,0,0,0,0,0,0,7
2002,390866,3,1,0,0,0,0,0,0,19,16,0,12
2002,390867,1,1,0,0,0,2,0,0,0,0,0,0
2002,390867,2,1,0,0,0,0,0,0,0,0,0,0
2002,390868,1,1,18,18,18,18,18,18,18,18,18,18
2002,390869,1,1,10,10,10,10,10,10,10,10,10,10
2002,390870,1,1,20,20,20,20,20,20,20,20,20,20
2002,390870,2,1,0,0,0,9,10,20,0,0,0,0
2002,390871,1,1,0,0,0,0,0,0,0,0,0,0
2002,390871,2,1,0,0,0,0,0,0,0,0,0,0
2002,390872,1,1,0,0,0,0,0,0,0,0,9,12
2002,390872,2,1,0,0,0,0,14,0,0,0,0,0
2002,390873,1,1,0,0,0,0,0,0,0,0,0,0
2002,390873,2,1,0,0,0,0,0,0,0,0,0,0
2002,390873,3,1,0,0,0,0,0,0,0,0,0,0
2002,390874,1,1,12,12,12,12,12,12,12,12,12,12
2002,390875,1,1,0,0,0,0,0,0,0,0,0,0
2002,390875,2,1,13,13,13,13,13,13,13,13,13,13
2002,390876,1,1,19,19,19,19,19,19,19,19,19,19
2002,390877,1,1,12,12,12,12,12,12,12,12,12,12
2002,390878,1,1,0,0,0,0,0,0,0,0,0,4
2002,390879,1,1,0,0,0,0,0,0,0,0,0,0
2002,390880,1,1,14,0,0,13,0,8,0,0,18,9
2002,390881,0,1,0,0,0,0,0,0,0,0,0,0
2002,390881,1,1,0,0,0,0,0,0,0,0,0,0
2002,390882,1,1,0,0,0,0,0,0,0,0,0,0
2002,390882,2,1,18,18,18,18,18,18,18,18,18,18
2002,390883,1,1,28,28,28,28,28,28,28,28,28,28
2002,390883,2,1,0,0,0,0,0,0,0,0,0,0
2002,390884,1,1,6,6,6,6,6,6,6,6,6,6
2002,390885,1,1,0,0,0,0,0,0,0,0,0,0
2002,390885,2,1,0,0,0,0,0,0,0,0,0,0
2002,390886,1,1,0,0,0,0,0,0,0,0,0,0
2002,390887,1,1,0,0,0,0,0,0,0,0,0,0
2002,390887,2,1,0,0,0,0,0,0,0,0,0,0
2002,390888,1,1,0,0,0,0,0,0,0,0,0,0
2002,390888,2,1,0,0,0,0,0,0,0,0,0,0
2002,390889,1,1,23,23,23,23,23,23,23,23,23,23
2002,390890,1,1,0,0,0,0,0,0,0,0,0,0
2002,390890,2,1,0,0,0,0,0,0,0,0,0,0
2002,390891,1,1,27,27,27,27,27,27,27,27,27,27
2002,390892,1,1,21,21,21,21,21,21,21,21,21,21
2002,390893,1,1,39,39,39,39,39,39,39,39,39,39
2002,390894,1,1,0,0,0,0,0,0,0,0,0,0
2002,390895,1,1,0,0,0,0,0,0,0,0,0,0
2002,390895,2,1,0,0,0,0,0,0,0,0,0,0
2002,390896,1,1,0,0,0,0,0,0,0,0,0,0
2002,390896,2,1,0,0,0,0,0,0,0,0,0,0
2002,390896,3,1,0,0,0,0,0,0,0,0,0,0
2002,390897,1,1,27,27,27,27,27,27,27,27,27,27
2002,390897,2,1,0,0,0,0,0,0,0,0,0,0
2002,390898,1,1,0,0,0,0,12,0,0,0,0,0
2002,390898,2,1,0,0,0,0,0,0,0,0,0,0
2002,390898,3,1,0,0,0,0,0,0,0,0,0,0
2002,390899,1,1,0,0,0,0,0,0,0,0,0,0
2002,390899,2,1,0,0,0,0,0,0,0,0,0,0
2002,390899,3,1,0,0,0,0,0,0,0,0,0,0
2002,390899,4,1,13,0,0,0,12,0,0,0,13,25
2002,390900,1,1,0,0,0,0,0,0,0,0,0,0
2002,390901,1,1,0,0,0,0,0,0,0,0,0,0
2002,390901,2,1,20,20,20,20,20,20,20,20,20,20
2002,390902,1,1,10,10,10,10,10,10,10,10,10,10
2002,390903,1,1,0,0,0,0,0,0,0,0,0,0
2002,390904,1,1,0,0,0,0,0,0,0,0,0,0
2002,390904,2,1,0,0,0,0,0,22,0,0,0,0
2002,390905,1,1,0,0,0,0,12,0,0,24,0,0
2002,390906,1,1,0,0,0,0,0,0,0,0,0,0
2002,390906,2,1,0,0,0,0,0,0,0,0,0,0
2002,390907,1,1,18,18,18,18,18,18,18,18,18,18
2002,390908,1,1,7,7,7,7,7,7,7,7,7,7
2002,390909,1,1,19,19,19,19,19,19,19,19,19,19
2002,390910,1,1,0,0,11,0,12,0,0,0,0,10
2002,390910,2,1,0,0,0,0,19,0,0,24,0,15
2002,390910,3,1,8,0,0,8,10,0,23,0,0,0
2002,390911,1,1,0,0,0,0,15,0,0,0,4,0
2002,390911,2,1,21,0,0,0,0,0,0,0,0,0
2002,390912,1,1,0,0,0,0,0,0,0,0,0,0
2002,390912,2,1,0,0,0,0,0,0,0,7,0,0
2002,390913,1,1,0,0,0,0,0,0,0,0,0,0
2002,390913,2,1,0,0,0,0,0,0,0,0,0,0
2002,390914,1,1,16,16,16,16,16,16,16,16,16,16
2002,390915,1,1,14,14,14,14,14,14,14,14,14,14
2002,390916,1,1,10,10,10,10,10,10,10,10,10,10
2002,390917,1,1,26,26,26,26,26,26,26,26,26,26
2002,390918,1,1,0,0,0,0,0,0,0,0,0,0
2002,390918,2,1,0,29,0,0,0,0,0,0,0,13
2002,390919,1,1,26,26,26,26,26,26,26,26,26,26
2002,390920,1,1,0,0,0,0,0,0,0,0,0,0
2002,390920,2,1,0,0,0,0,0,0,0,0,0,2
2002,390921,1,1,0,0,0,0,0,0,0,0,0,0
2002,390922,1,1,0,0,0,0,0,0,0,0,0,0
2002,390923,1,1,0,0,0,0,0,0,0,0,0,0
2002,390923,2,1,0,0,0,0,0,0,0,0,0,0
2002,390924,0,1,0,0,0,0,0,0,0,0,0,0
2002,390924,1,1,17,17,17,17,17,17,17,17,17,17
2002,390925,1,1,0,0,0,0,0,0,0,0,0,0
2002,390925,2,1,0,0,0,0,0,0,0,0,0,0
2002,390926,1,1,21,21,21,21,21,21,21,21,21,21
2002,390927,1,1,11,11,11,11,11,11,11,11,11,11
2002,390928,1,1,9,0,0,0,0,0,0,0,0,0
2002,390928,2,1,0,0,0,0,0,0,0,0,0,0
2002,390928,3,1,0,0,0,0,0,0,0,0,0,0
2002,390928,4,1,0,0,0,0,0,0,0,0,0,0
2002,390929,1,1,0,0,0,0,0,0,0,0,0,0
2002,390929,2,1,0,0,0,0,0,0,0,0,0,0
2002,390930,1,1,0,0,0,0,0,0,0,0,0,0
2002,390930,2,1,0,0,0,0,0,0,0,0,0,0
2002,390931,0,1,30,30,30,30,30,30,30,30,30,30
2002,390931,1,1,30,30,30,30,30,30,30,30,30,30
2002,390932,1,1,0,14,0,0,0,0,0,0,0,0
2002,390932,2,1,0,0,0,0,0,0,0,0,0,0
2002,390933,1,1,0,0,0,0,0,0,0,0,0,0
2002,390933,2,1,0,0,0,0,0,0,0,0,0,0
2002,390934,1,1,0,0,0,0,0,0,0,0,0,0
2002,390934,2,1,0,0,0,0,0,0,0,0,0,0
2002,390935,1,1,0,0,0,0,0,0,0,0,0,0
2002,390935,2,1,39,39,39,39,39,39,39,39,39,39
2002,390936,1,1,0,0,0,0,0,0,0,0,0,0
2002,390937,1,1,9,9,9,9,9,9,9,9,9,9
2002,390937,2,1,0,0,0,0,0,0,0,0,0,0
2002,390938,1,1,0,0,0,0,0,0,0,0,0,0
2002,390938,2,1,0,26,0,0,0,0,8,0,0,0
2002,390940,1,1,0,0,0,0,0,0,0,0,0,0
2002,390941,1,1,0,0,0,0,0,0,0,0,0,0
2002,390941,2,1,0,0,0,0,0,0,9,0,0,0
2002,390942,1,1,0,0,0,0,0,0,0,0,0,0
2002,390943,1,1,0,0,0,0,0,0,0,0,0,0
2002,390943,2,1,0,0,0,0,0,0,0,0,0,0
2002,390944,1,1,30,30,30,30,30,30,30,30,30,30
2002,390945,1,1,0,0,0,0,0,0,0,0,0,0
2002,390946,1,1,19,0,0,0,0,0,0,0,0,0
2002,390947,1,1,0,0,0,0,0,0,0,0,0,0
2002,390947,2,1,0,0,0,0,0,0,0,0,0,0
2002,390948,1,1,22,22,22,22,22,22,22,22,22,22
2002,390949,1,1,0,0,0,0,0,0,0,0,0,0
2002,390950,1,1,0,0,0,0,0,0,0,0,0,0
2002,390950,2,1,0,0,0,0,0,0,0,0,0,0
2002,390951,1,1,8,8,8,8,8,8,8,8,8,8
2002,390952,1,1,0,0,0,0,0,0,0,0,0,0
2002,390952,2,1,0,0,0,0,0,0,0,14,0,0
2002,390953,1,1,0,0,0,0,0,0,0,0,0,0
2002,390954,1,1,0,14,0,0,0,20,0,28,0,20
2002,390954,2,1,0,0,0,0,0,0,0,0,0,0
2002,390955,1,1,0,15,0,0,0,8,0,0,0,0
2002,390955,2,1,20,0,21,22,3,18,11,21,17,14
2002,390956,1,1,0,0,0,0,0,0,0,0,0,0
2002,390956,2,1,0,0,0,0,0,0,0,0,0,4
2002,390957,1,1,24,24,24,24,24,24,24,24,24,24
2002,390957,2,1,0,0,18,0,0,0,0,0,0,0
2002,390958,1,1,23,23,23,23,23,23,23,23,23,23
2002,390959,1,1,19,19,19,19,19,19,19,19,19,19
2002,390959,2,1,0,0,0,0,0,0,0,0,0,0
2002,390960,1,1,0,0,0,0,0,0,0,0,0,0
2002,390960,2,1,0,0,0,0,0,0,0,0,0,0
2002,390961,1,1,0,0,0,0,0,0,0,0,0,0
2002,390961,2,1,0,0,0,0,0,0,0,0,0,0
2002,390962,1,1,0,0,0,0,0,0,0,0,0,0
2002,390962,2,1,0,0,0,0,0,0,0,0,0,0
2002,390963,1,1,0,0,0,0,0,0,0,0,0,0
2002,390964,1,1,0,0,0,0,0,0,0,0,0,0
2002,390964,2,1,0,0,0,0,0,0,0,0,0,0
2002,390965,1,1,0,0,0,0,0,0,0,0,0,0
2002,390966,1,1,6,6,6,6,6,6,6,6,6,6
2002,390966,2,1,0,0,0,0,0,0,0,0,0,0
2002,390966,3,1,0,0,0,0,0,0,17,0,0,0
2002,390967,1,1,14,14,14,14,14,14,14,14,14,14
2002,390967,2,1,0,0,0,0,0,0,0,0,0,7
2002,390967,3,1,0,0,0,0,0,0,0,0,0,0
2002,390968,1,1,0,33,10,0,0,0,0,0,0,0
2002,390968,2,1,0,0,0,0,0,0,0,0,0,0
2002,390969,1,1,35,35,35,35,35,35,35,35,35,35
2002,390970,1,1,0,0,0,0,0,0,0,0,0,0
2002,390971,1,1,19,19,19,19,19,19,19,19,19,19
2002,390971,2,1,0,0,0,0,0,0,0,0,0,0
2002,390972,1,1,0,0,0,0,0,0,0,0,0,0
2002,390972,2,1,0,0,0,0,0,0,0,0,0,0
2002,390973,1,1,0,0,0,0,0,0,0,0,0,0
2002,390973,2,1,0,0,0,0,0,0,0,0,0,0
2002,390974,1,1,0,0,0,0,0,0,0,0,0,0
2002,390974,2,1,0,0,0,0,0,0,0,0,0,0
2002,390975,1,1,24,24,24,24,24,24,24,24,24,24
2002,390976,1,1,0,0,0,0,8,0,0,0,0,0
2002,390976,2,1,0,0,0,0,0,0,0,0,0,0
2002,390977,1,1,0,0,0,12,0,0,0,0,0,0
2002,390978,0,1,0,0,0,0,0,0,15,0,0,0
2002,390978,1,1,0,0,0,0,0,0,0,0,0,0
2002,390979,1,1,0,0,0,0,0,0,0,0,0,0
2002,390980,1,1,14,14,14,14,14,14,14,14,14,14
2002,390981,1,1,0,0,0,0,0,0,0,0,0,0
2002,390982,1,1,18,18,18,18,18,18,18,18,18,18
2002,390983,1,1,0,0,0,0,0,0,0,0,0,0
2002,390983,2,1,0,0,0,0,0,0,0,0,0,0
2002,390984,1,1,0,0,0,0,0,0,0,0,0,0
2002,390985,1,1,0,0,0,0,0,0,0,0,0,0
2002,390985,2,1,0,0,0,0,0,0,0,13,0,0
2002,390985,3,1,0,0,0,0,0,0,0,0,0,0
2002,390985,4,1,0,0,0,0,0,0,0,0,0,0
2002,390985,5,1,0,0,0,0,0,0,0,0,0,0
2002,390987,1,1,0,0,0,0,0,0,0,0,0,0
2002,390987,2,1,0,0,0,0,0,12,0,0,0,0
2002,390988,1,1,0,0,0,0,0,0,0,0,0,0
2002,390989,1,1,19,19,19,19,19,19,19,19,19,19
2002,390990,1,1,16,16,16,16,16,16,16,16,16,16
2002,390991,1,1,0,0,0,0,0,0,0,0,0,0
2002,390992,1,1,0,3,0,8,0,15,0,2,0,20
2002,390993,1,1,32,32,32,32,32,32,32,32,32,32
2002,390994,1,1,0,0,0,0,0,0,0,0,0,0
2002,390995,1,1,0,0,0,0,0,0,0,0,0,0
2002,390995,2,1,0,0,0,0,0,0,0,0,0,0
2002,390995,3,1,0,0,0,0,0,0,0,0,0,0
2002,390996,1,1,0,0,0,0,0,0,0,0,0,0
2002,390996,2,1,0,0,0,0,0,0,0,0,0,0
2002,390997,1,1,0,0,0,0,0,0,0,0,0,0
2002,390998,1,1,19,22,10,0,12,10,16,15,15,16
2002,390999,1,1,9,9,9,9,9,9,9,9,9,9
2002,391000,1,1,0,0,0,4,0,0,0,0,0,9
2002,391001,1,1,0,0,0,0,0,0,0,0,0,0
2002,391001,2,1,0,0,0,0,0,0,0,0,0,0
2002,391002,1,1,13,13,13,13,13,13,13,13,13,13
2002,391003,1,1,0,0,0,0,0,0,0,0,0,0
2002,391003,2,1,0,0,0,0,0,0,0,0,0,0
2002,391004,1,1,0,0,0,0,0,0,0,0,0,0
2002,391004,2,1,0,0,0,0,0,0,0,0,0,0
2002,391005,1,1,0,0,0,0,0,0,0,0,0,0
2002,391005,2,1,0,0,0,0,0,0,0,0,0,0
2002,391006,1,1,22,22,22,22,22,22,22,22,22,22
2002,391007,1,1,14,14,14,14,14,14,14,14,14,14
2002,391007,2,1,0,0,0,0,0,0,0,0,0,0
2002,391007,3,1,0,0,0,0,8,16,0,0,10,17
2002,391008,1,1,0,0,0,0,0,0,0,0,0,0
2002,391009,1,1,0,0,0,0,0,0,0,0,0,0
2002,391009,2,1,0,0,0,0,0,0,0,0,0,0
2002,391010,1,1,16,0,0,0,0,0,0,0,0,0
2002,391011,1,1,0,0,0,0,0,0,0,0,0,0
2002,391011,2,1,0,0,0,0,0,0,0,0,0,0
2002,391011,3,1,0,0,0,0,0,0,0,0,0,0
2002,391012,1,1,0,0,0,0,0,0,0,0,0,0
2002,391012,2,1,0,0,0,0,0,0,0,0,0,0
2002,391012,3,1,0,0,0,0,0,0,0,0,0,0
2002,391013,1,1,0,0,0,0,0,0,0,0,0,0
2002,391015,1,1,7,7,7,7,7,7,7,7,7,7
2002,391016,1,1,0,0,0,0,7,0,0,0,0,0
2002,391017,0,1,0,0,0,0,0,0,0,0,0,0
2002,391017,1,1,0,0,0,11,0,0,0,0,0,0
2002,391018,1,1,0,0,0,0,0,0,0,0,0,0
2002,391018,2,1,0,0,0,0,0,0,0,0,0,26
2002,391019,1,1,0,0,0,0,0,0,0,0,0,0
2002,391019,2,1,0,0,0,0,0,0,0,0,0,0
2002,391020,1,1,0,0,0,0,0,0,0,0,0,0
2002,391020,2,1,0,0,0,0,0,0,0,0,0,0
2002,391021,1,1,0,0,0,0,0,0,0,0,0,0
2002,391021,2,1,0,0,0,0,0,0,0,0,0,0
2002,391022,1,1,0,0,0,0,0,0,0,0,0,0
2002,391023,1,1,11,0,0,0,0,0,0,0,0,0
2002,391023,2,1,0,0,0,0,0,0,0,0,0,0
2002,391024,1,1,0,0,0,0,0,0,0,0,0,0
2002,391024,2,1,0,0,0,0,0,0,0,0,0,0
2002,391025,1,1,0,0,0,0,0,0,0,0,0,0
2002,391025,2,1,0,0,0,0,0,0,0,0,0,0
2002,391026,0,1,0,0,0,0,0,0,0,0,0,0
2002,391026,1,1,0,0,0,0,0,0,0,0,0,0
2002,391027,1,1,22,22,22,22,22,22,22,22,22,22
2002,391028,0,1,0,0,0,0,0,0,0,0,0,18
2002,391028,1,1,16,18,0,0,0,0,0,0,6,0
2002,391029,1,1,24,24,24,24,24,24,24,24,24,24
2002,391029,2,1,0,0,0,0,0,0,0,0,0,0
2002,391029,3,1,0,0,0,0,0,0,0,0,0,0
2002,391030,0,1,8,8,8,8,8,8,8,8,8,8
2002,391030,1,1,0,13,0,0,0,0,0,0,0,0
2002,391031,1,1,9,9,9,9,9,9,9,9,9,9
2002,391032,1,1,0,0,0,0,0,0,0,0,0,0
2002,391033,1,1,0,0,0,0,0,0,0,0,0,0
2002,391033,2,1,0,0,15,0,0,0,0,0,0,0
2002,391034,1,1,0,0,0,0,0,0,0,0,0,0
2002,391034,2,1,21,21,21,21,21,21,21,21,21,21
2002,391035,1,1,0,13,0,0,0,0,0,0,0,0
2002,391036,0,1,0,0,0,0,0,0,0,0,0,0
2002,391036,1,1,0,0,0,0,0,0,0,0,0,0
2002,391037,1,1,0,0,0,0,0,0,0,0,0,0
2002,391037,2,1,0,0,0,0,0,0,0,0,0,0
2002,391038,1,1,0,0,0,0,0,0,0,0,0,0
2002,391038,2,1,0,0,0,0,0,0,0,0,0,0
2002,391038,3,1,0,0,0,0,0,0,0,0,0,0
2002,391039,1,1,17,17,17,17,17,17,17,17,17,17
2002,391040,1,1,0,0,0,0,0,0,0,0,0,0
2002,391040,2,1,0,0,0,0,0,0,0,0,0,0
2002,391041,1,1,0,0,0,0,0,0,0,0,0,0
2002,391041,2,1,0,0,0,0,0,0,0,0,0,0
2002,391042,1,1,26,26,26,26,26,26,26,26,26,26
2002,391042,2,1,0,0,0,0,0,0,0,0,0,0
2002,391043,1,1,0,0,0,0,0,19,0,0,0,0
2002,391043,2,1,0,0,0,0,0,0,0,0,0,0
2002,391044,1,1,1,1,1,1,1,1,1,1,1,1
2002,391045,0,1,0,0,0,0,0,0,0,0,0,0
2002,391045,1,1,0,0,0,0,0,0,0,0,0,0
2002,391046,1,1,0,0,0,17,0,0,0,0,0,0
2002,391046,2,1,0,0,0,0,0,0,0,0,0,0
2002,391047,1,1,0,0,0,0,0,0,0,0,0,0
2002,391047,2,1,0,0,0,0,0,0,0,0,0,0
2002,391047,3,1,0,0,0,0,0,0,0,0,0,0
2002,391048,1,1,0,0,0,0,0,0,0,0,0,0
2002,391049,1,1,10,10,10,10,10,10,10,10,10,10
2002,391050,1,1,0,0,0,0,0,0,0,0,0,0
2002,391050,2,1,0,0,0,0,0,0,0,0,0,0
2002,391051,1,1,22,22,22,22,22,22,22,22,22,22
2002,391052,1,1,36,36,36,36,36,36,36,36,36,36
2002,391053,1,1,0,0,0,0,0,0,0,0,0,0
2002,391054,1,1,9,9,9,9,9,9,9,9,9,9
2002,391055,1,1,0,0,0,0,0,0,0,0,0,0
2002,391056,1,1,0,0,0,0,0,0,0,0,0,0
2002,391057,1,1,0,0,0,0,0,0,0,0,0,0
2002,391057,2,1,0,0,0,0,0,0,0,0,0,0
2002,391058,1,1,0,0,0,0,0,0,0,0,0,0
2002,391058,2,1,0,0,0,0,12,0,0,0,0,0
2002,391059,1,1,0,0,0,0,0,0,0,0,0,0
2002,391060,0,1,0,0,0,0,0,0,0,0,0,0
2002,391060,1,1,0,0,0,0,0,0,0,0,0,0
2002,391060,2,1,0,0,0,0,0,0,0,0,0,0
2002,391061,1,1,0,0,0,0,0,0,0,0,0,0
2002,391062,1,1,20,20,20,20,20,20,20,20,20,20
2002,391063,1,1,0,0,0,0,0,0,0,0,0,0
2002,391063,2,1,27,15,15,11,24,14,14,8,25,34
2002,391064,1,1,11,11,11,11,11,11,11,11,11,11
2002,391065,1,1,0,0,0,0,0,0,0,0,0,0
2002,391065,2,1,0,0,0,0,0,0,0,0,0,0
2002,391065,3,1,0,0,0,0,0,0,0,0,0,0
2002,391066,1,1,0,0,0,0,0,0,0,0,0,0
2002,391067,1,1,0,0,0,0,0,0,0,0,0,0
2002,391068,1,1,0,0,0,0,0,0,0,0,0,0
2002,391068,2,1,0,0,0,19,0,0,0,0,0,0
2002,391069,1,1,0,0,0,0,0,0,0,0,0,0
2002,391069,2,1,27,27,27,27,27,27,27,27,27,27
2002,391070,1,1,37,37,37,37,37,37,37,37,37,37
2002,391070,2,1,0,0,0,0,0,0,0,11,4,0
2002,391071,1,1,0,0,0,0,0,0,0,0,0,0
2002,391071,2,1,0,0,0,0,0,0,0,0,0,0
2002,391072,1,1,9,9,9,9,9,9,9,9,9,9
2002,391072,2,1,0,0,0,0,0,0,0,0,0,0
2002,391073,1,1,0,0,0,0,0,0,0,0,0,0
2002,391074,1,1,0,0,0,0,0,0,0,0,0,0
2002,391074,2,1,0,0,0,0,18,0,0,0,0,0
2002,391075,1,1,0,0,0,0,0,0,0,0,0,0
2002,391076,1,1,20,20,20,20,20,20,20,20,20,20
2002,391077,1,1,17,17,17,17,17,17,17,17,17,17
2002,391078,1,1,0,0,0,0,0,0,0,0,0,0
2002,391078,2,1,0,0,0,0,0,0,0,0,0,0
2002,391079,1,1,0,0,0,0,0,0,0,0,0,0
2002,391079,2,1,0,0,0,0,0,0,0,0,0,0
2002,391080,1,1,15,15,15,15,15,15,15,15,15,15
2002,391081,1,1,9,9,9,9,9,9,9,9,9,9
2002,391082,1,1,20,20,20,20,20,20,20,20,20,20
2002,391083,1,1,15,15,15,15,15,15,15,15,15,15
2002,391083,2,1,0,0,0,0,0,0,0,0,0,0
2002,391084,1,1,0,0,0,0,0,0,0,0,0,0
2002,391084,2,1,0,0,0,0,0,0,0,0,0,0
2002,391085,1,1,0,0,0,0,0,0,0,0,0,0
2002,391085,2,1,0,0,0,0,0,0,0,0,0,0
2002,391086,1,1,0,0,0,0,0,0,0,0,0,0
2002,391086,2,1,0,0,0,0,0,0,0,0,0,0
2002,391087,1,1,0,0,0,0,0,0,0,0,0,0
2002,391087,2,1,0,0,0,0,0,0,0,0,0,0
2002,391088,1,1,0,0,0,0,0,0,0,0,0,0
2002,391089,1,1,0,0,0,0,0,0,0,0,0,0
2002,391089,2,1,0,0,0,0,0,0,0,0,0,0
2002,391090,1,1,0,0,0,0,0,0,0,0,0,0
2002,391090,2,1,0,0,0,0,0,0,0,0,0,0
2002,391091,1,1,0,0,0,0,0,0,0,0,0,0
2002,391091,2,1,0,0,0,0,0,0,0,0,0,0
2002,391092,1,1,0,0,0,0,0,0,0,0,0,0
2002,391092,2,1,0,0,0,0,0,0,0,0,0,0
2002,391093,1,1,0,0,0,0,0,0,0,0,0,0
2002,391093,2,1,0,0,0,0,0,0,0,0,0,0
2002,391094,1,1,0,0,0,0,0,0,0,0,0,0
2002,391094,2,1,13,13,13,13,13,13,13,13,13,13
2002,391095,1,1,31,31,31,31,31,31,31,31,31,31
2002,391096,1,1,15,15,15,15,15,15,15,15,15,15
2002,391096,2,1,0,0,8,0,0,0,0,0,0,0
2002,391097,1,1,18,18,18,18,18,18,18,18,18,18
2002,391098,1,1,0,0,0,0,13,0,0,0,0,12
2002,391098,2,1,0,0,0,0,0,0,0,0,0,0
2002,391099,1,1,30,30,30,30,30,30,30,30,30,30
2002,391100,1,1,0,0,0,0,0,0,0,0,0,0
2002,391100,2,1,0,0,11,0,0,0,0,0,0,0
2002,391100,3,1,0,0,0,0,0,0,0,0,0,0
2002,391101,1,1,0,0,0,0,0,0,0,0,0,0
2002,391102,1,1,0,0,0,0,0,0,0,0,0,0
2002,391102,2,1,0,0,0,0,0,0,0,0,0,0
2002,391103,1,1,0,0,0,0,0,0,0,0,0,0
2002,391103,2,1,0,0,0,0,0,0,0,0,0,0
2002,391104,1,1,0,0,0,0,0,0,0,0,0,0
2002,391105,1,1,0,0,0,0,0,0,0,0,0,0
2002,391105,2,1,0,0,0,0,0,0,0,0,0,0
2002,391106,1,1,13,13,13,13,13,13,13,13,13,13
2002,391107,1,1,0,0,0,0,0,0,0,0,0,0
2002,391108,1,1,0,0,0,0,0,0,0,0,0,0
2002,391109,1,1,0,0,0,0,0,0,0,0,0,0
2002,391110,1,1,0,0,0,0,0,0,0,0,0,0
2002,391110,2,1,0,0,0,0,0,0,0,0,0,0
2002,391111,1,1,0,0,0,0,0,0,0,0,0,0
2002,391111,2,1,0,0,0,0,0,0,0,0,0,0
2002,391112,1,1,0,0,0,0,0,0,0,0,0,0
2002,391113,1,1,0,0,0,0,0,0,0,0,0,0
2002,391114,1,1,0,0,0,0,0,0,0,0,0,0
2002,391114,2,1,0,0,0,0,0,0,0,0,0,0
2002,391115,0,1,0,0,0,0,0,0,0,0,0,0
2002,391115,1,1,0,0,0,0,0,0,0,0,0,0
2002,391116,1,1,0,0,0,0,0,0,0,0,0,0
2002,391117,1,1,0,0,0,0,0,0,0,0,0,0
2002,391117,2,1,0,0,0,0,0,0,0,0,0,0
2002,391118,1,1,22,22,22,22,22,22,22,22,22,22
2002,391119,1,1,22,22,22,22,22,22,22,22,22,22
2002,391120,1,1,0,0,0,0,0,0,0,0,0,0