YEAR,ST_CASE,veh_no,per_no,P1,P2,P3,P4,P5,P6,P7,P8,P9,P10
2002,400393,0,1,0,0,0,0,0,0,0,0,0,0
2002,400393,1,1,0,0,0,0,0,0,0,0,0,0
2002,400394,1,1,0,0,0,0,0,0,0,0,0,0
2002,400394,2,1,0,0,0,0,0,0,0,0,0,0
2002,400395,1,1,0,0,0,0,0,0,0,0,0,0
2002,400396,1,1,0,0,0,0,0,0,0,0,0,0
2002,400396,2,1,8,0,0,0,0,0,0,0,0,0
2002,400397,0,1,0,0,0,0,0,0,0,0,0,0
2002,400397,0,2,0,0,0,0,0,0,0,0,0,0
2002,400397,1,1,16,0,0,0,0,0,0,0,0,0
2002,400398,1,1,0,0,0,0,0,0,0,0,0,10
2002,400399,1,1,0,0,0,0,17,14,0,0,0,0
2002,400399,2,1,0,0,0,0,0,0,0,0,0,0
2002,400400,1,1,0,0,0,0,0,0,0,0,0,0
2002,400400,2,1,0,0,0,0,0,0,0,0,0,7
2002,400401,1,1,0,0,0,0,0,0,17,0,0,0
2002,400402,1,1,0,0,0,0,0,0,0,0,0,0
2002,400403,1,1,18,18,18,18,18,18,18,18,18,18
2002,400404,1,1,11,11,11,11,11,11,11,11,11,11
2002,400405,1,1,8,13,25,8,15,11,12,6,19,12
2002,400406,1,1,12,13,16,12,15,15,9,14,15,26
2002,400406,2,1,0,0,12,0,0,0,0,0,0,0
2002,400407,1,1,0,0,0,0,0,0,0,0,0,0
2002,400407,2,1,12,6,13,9,14,24,9,20,0,9
2002,400408,1,1,0,0,0,0,0,0,0,0,0,0
2002,400408,2,1,7,7,7,7,7,7,7,7,7,7
2002,400409,1,1,0,0,0,0,0,0,0,0,0,0
2002,400409,2,1,0,0,0,0,0,0,0,0,0,0
2002,400409,3,1,0,0,0,0,0,0,0,0,0,0
2002,400410,1,1,6,25,7,21,9,5,17,9,17,13
2002,400411,1,1,0,0,0,0,26,0,0,0,0,0
2002,400412,1,1,0,0,0,0,0,0,0,0,0,0
2002,400412,2,1,0,0,0,0,0,0,0,0,0,0
2002,400413,0,1,21,21,21,21,21,21,21,21,21,21
2002,400413,1,1,0,0,0,0,0,0,0,0,0,0
2002,400414,1,1,0,0,0,0,0,0,0,0,0,0
2002,400415,1,1,0,0,0,0,0,0,0,0,0,0
2002,400415,2,1,0,0,0,0,0,0,0,0,0,0
2002,400416,0,1,0,0,0,0,0,0,0,0,0,0
2002,400416,1,1,0,0,0,0,16,7,0,0,0,0
2002,400416,2,1,0,0,0,0,0,0,0,0,0,0
2002,400417,1,1,6,14,21,25,6,14,12,14,11,13
2002,400417,2,1,0,19,0,0,0,0,0,15,0,6
2002,400418,1,1,0,0,0,0,0,0,0,0,0,0
2002,400418,2,1,0,0,0,0,0,0,18,0,0,0
2002,400419,1,1,0,0,0,0,0,0,0,0,0,22
2002,400419,2,1,0,0,0,0,0,0,0,0,0,0
2002,400420,1,1,24,24,24,24,24,24,24,24,24,24
2002,400421,1,1,0,0,0,0,0,0,0,0,0,0
2002,400421,2,1,0,0,0,0,0,0,0,0,0,0
2002,400422,1,1,0,0,0,0,0,0,0,0,0,0
2002,400423,1,1,0,0,0,0,0,0,0,0,0,0
2002,400423,2,1,10,10,18,6,19,18,12,16,18,5
2002,400424,1,1,0,0,0,0,0,0,0,0,0,0
2002,400424,2,1,0,0,0,0,0,0,0,0,0,0
2002,400425,1,1,23,23,23,23,23,23,23,23,23,23
2002,400426,1,1,0,0,0,0,0,0,0,0,0,0
2002,400427,1,1,27,27,27,27,27,27,27,27,27,27
2002,400428,1,1,0,0,0,0,0,0,0,0,0,0
2002,400428,2,1,0,0,0,0,0,0,0,0,0,0
2002,400429,1,1,4,4,4,4,4,4,4,4,4,4
2002,400430,1,1,0,0,0,0,0,0,0,0,0,0
2002,400431,1,1,0,0,0,0,0,0,0,0,0,0
2002,400431,2,1,3,0,0,0,0,0,0,0,0,0
2002,400432,1,1,29,33,25,35,9,13,0,16,15,7
2002,400432,2,1,11,9,2,17,6,18,17,0,6,9
2002,400433,1,1,0,0,0,0,0,0,0,0,0,0
2002,400434,1,1,13,13,13,13,13,13,13,13,13,13
2002,400434,2,1,0,0,0,0,0,0,0,0,0,0
2002,400435,1,1,0,15,0,0,0,7,0,0,0,0
2002,400435,2,1,0,0,0,0,0,0,0,0,0,0
2002,400436,1,1,0,0,0,0,0,0,0,0,0,0
2002,400436,2,1,0,0,0,0,0,0,0,0,0,0
2002,400437,1,2,27,27,27,27,27,27,27,27,27,27
2002,400438,1,1,26,26,26,26,26,26,26,26,26,26
2002,400439,1,1,0,0,0,0,0,0,0,0,0,0
2002,400440,1,1,0,0,0,0,0,0,0,0,0,0
2002,400441,0,1,0,0,0,0,0,0,22,0,0,0
2002,400441,1,1,9,19,13,9,16,20,17,12,19,16
2002,400442,1,1,0,0,0,0,0,0,0,0,0,0
2002,400442,2,1,0,0,0,0,0,0,0,0,0,0
2002,400443,0,1,0,0,0,0,0,0,0,0,0,0
2002,400443,1,1,0,0,0,0,0,0,0,0,0,0
2002,400444,0,1,8,8,8,8,8,8,8,8,8,8
2002,400444,1,1,13,13,13,13,13,13,13,13,13,13
2002,400445,1,1,0,0,0,0,0,0,0,0,0,0
2002,400445,2,1,0,0,0,0,0,0,0,0,0,0
2002,400446,1,1,0,0,0,0,0,0,0,0,0,0
2002,400446,2,1,0,0,0,0,0,0,0,0,0,0
2002,400447,1,1,0,0,0,0,0,0,0,0,0,0
2002,400447,2,1,0,0,0,0,0,10,0,0,0,0
2002,400448,1,1,0,20,12,0,0,0,0,0,0,14
2002,400448,2,1,0,0,0,0,0,0,0,0,0,0
2002,400449,1,1,0,18,11,0,0,0,13,0,0,0
2002,400450,1,1,20,20,20,20,20,20,20,20,20,20
2002,400451,1,1,0,0,0,0,0,0,0,0,0,0
2002,400452,1,1,0,0,0,0,0,0,0,0,0,0
2002,400452,2,1,0,0,0,0,0,0,0,0,0,0
2002,400453,1,1,0,0,12,0,0,0,0,24,0,0
2002,400453,2,1,0,0,0,0,0,0,0,0,0,0
2002,400454,1,1,0,0,0,0,0,0,0,0,0,0
2002,400455,1,1,0,0,0,0,0,0,0,0,0,0
2002,400456,1,1,0,0,0,0,0,0,0,0,0,0
2002,400456,2,1,0,0,0,0,0,0,0,0,0,0
2002,400457,1,1,0,26,21,10,0,14,24,37,0,0
2002,400458,1,1,25,25,25,25,25,25,25,25,25,25
2002,400458,2,1,0,0,0,0,0,0,0,0,0,0
2002,400459,1,1,0,0,0,0,0,0,0,0,0,0
2002,400459,2,1,0,0,0,0,0,0,0,0,0,0
2002,400460,1,1,0,0,0,0,0,0,0,0,0,0
2002,400461,1,1,0,14,0,0,19,0,0,0,14,0
2002,400462,1,1,0,0,0,0,0,0,0,0,0,0
2002,400463,1,1,6,6,6,6,6,6,6,6,6,6
2002,400464,1,1,0,0,0,0,0,0,0,0,0,0
2002,400464,2,1,0,0,0,0,0,0,0,0,0,0
2002,400464,3,1,0,0,0,0,0,0,0,0,0,0
2002,400465,1,1,0,0,0,0,0,0,0,0,0,0
2002,400466,1,1,0,0,0,0,0,0,0,0,0,0
2002,400466,2,1,0,0,0,0,0,0,0,0,0,0
2002,400466,3,1,0,0,0,0,0,0,0,0,0,0
2002,400467,1,1,0,0,0,0,0,0,0,0,0,0
2002,400467,2,1,0,0,0,0,0,0,0,0,0,0
2002,400467,3,1,0,0,0,0,0,0,0,0,0,0
2002,400468,1,1,0,0,0,0,0,0,0,0,0,0
2002,400469,1,1,0,0,0,0,0,0,0,0,0,0
2002,400469,2,1,0,0,0,0,0,0,0,0,0,0
2002,400470,1,1,17,0,20,23,18,15,16,18,0,27
2002,400471,1,1,0,0,0,0,0,0,17,6,3,0
2002,400471,2,1,0,0,0,0,0,0,0,0,0,0
2002,400472,1,1,0,0,0,0,0,0,0,0,0,0
2002,400472,2,1,0,0,0,0,0,0,0,0,0,0
2002,400473,0,1,2,2,2,2,2,2,2,2,2,2
2002,400473,1,1,0,0,0,8,0,0,0,0,0,0
2002,400474,0,1,25,25,25,25,25,25,25,25,25,25
2002,400474,1,1,0,0,0,0,0,0,0,0,0,0
2002,400475,1,1,25,25,25,25,25,25,25,25,25,25
2002,400476,1,1,24,0,27,13,18,10,20,21,0,0
2002,400476,2,1,0,0,0,0,0,0,0,0,0,0
2002,400477,1,1,13,26,15,23,15,29,19,13,16,6
2002,400477,2,1,0,0,0,0,0,0,0,0,0,0
2002,400478,0,1,0,0,0,0,0,0,0,0,0,0
2002,400478,0,2,0,0,0,0,0,0,0,0,0,0
2002,400478,0,3,0,0,0,0,0,0,0,0,0,0
2002,400478,1,1,0,0,0,0,0,0,0,0,15,0
2002,400479,1,1,0,0,0,0,0,0,0,0,0,0
2002,400480,1,1,10,10,10,10,10,10,10,10,10,10
2002,400481,1,1,0,0,0,15,25,0,0,0,0,33
2002,400482,1,1,0,0,0,0,0,0,0,0,0,0
2002,400482,2,1,0,0,0,0,0,0,0,0,0,0
2002,400483,1,1,11,0,0,0,0,0,0,0,0,0
2002,400484,1,1,0,0,0,0,0,0,0,0,0,0
2002,400484,2,1,8,8,8,8,8,8,8,8,8,8
2002,400486,1,1,0,0,0,0,0,0,0,0,0,0
2002,400486,2,1,0,0,0,0,0,0,0,0,0,0
2002,400487,1,1,0,0,0,0,0,0,0,0,0,0
2002,400488,1,1,0,0,0,0,0,0,0,0,0,0
2002,400488,2,1,0,0,0,0,0,0,0,0,0,0
2002,400489,1,1,31,29,29,25,20,9,0,17,5,17
2002,400490,1,1,15,15,15,15,15,15,15,15,15,15
2002,400490,2,1,0,0,0,0,0,0,0,0,0,0
2002,400491,1,1,0,0,0,0,0,0,0,0,0,0
2002,400491,2,1,0,0,0,0,0,0,0,0,9,0
2002,400492,1,1,0,0,0,0,0,0,0,16,0,0
2002,400492,2,1,0,0,0,0,0,0,0,0,0,0
2002,400493,1,1,0,0,0,0,0,0,0,0,0,0
2002,400494,1,1,0,0,0,0,0,0,0,0,0,0
2002,400494,2,1,0,0,0,0,0,0,0,0,0,0
2002,400495,1,1,2,2,2,2,2,2,2,2,2,2
2002,400495,2,1,0,0,0,0,0,0,0,0,0,0
2002,400496,1,1,14,14,14,14,14,14,14,14,14,14
2002,400496,2,1,0,2,0,0,0,0,0,0,0,0
2002,400496,3,1,0,20,0,0,0,0,0,0,0,11
2002,400497,1,1,0,0,0,0,0,0,0,0,0,0
2002,400497,2,1,4,0,0,0,0,0,0,0,0,0
2002,400498,1,1,0,0,0,0,0,0,4,0,0,0
2002,400498,2,1,0,0,0,0,0,0,0,0,0,0
2002,400499,1,1,0,0,0,0,0,0,0,0,0,0
2002,400499,2,1,0,0,0,0,0,0,0,0,0,0
2002,400499,3,1,0,0,0,0,0,0,0,0,7,0
2002,400500,1,1,0,0,0,0,0,0,0,0,0,0
2002,400500,2,1,0,0,0,0,0,29,9,0,0,0
2002,400501,1,1,0,0,0,0,0,0,0,0,0,0
2002,400501,2,1,0,0,0,0,0,0,0,0,0,0
2002,400502,1,1,0,0,0,0,0,0,0,0,0,0
2002,400502,2,1,0,0,0,0,0,0,0,0,0,0
2002,400503,1,1,0,0,0,0,0,0,0,0,0,0
2002,400503,2,1,0,0,0,0,0,0,0,0,0,0
2002,400504,1,1,0,0,0,0,0,0,0,0,0,0
2002,400504,2,1,0,0,0,0,0,0,0,0,18,0
2002,400505,1,1,0,0,0,0,0,0,0,0,0,0
2002,400506,1,1,0,0,0,0,0,0,0,0,0,0
2002,400507,1,1,0,0,0,0,0,0,0,0,0,0
2002,400507,2,1,0,0,0,0,0,0,0,0,0,11
2002,400508,1,1,0,0,0,0,0,0,0,0,0,0
2002,400508,2,1,0,0,0,0,0,0,0,0,0,0
2002,400509,1,1,0,0,0,0,0,0,0,0,0,0
2002,400510,1,1,14,14,14,14,14,14,14,14,14,14
2002,400511,1,1,22,22,22,22,22,22,22,22,22,22
2002,400512,1,1,10,23,22,26,27,27,20,23,30,25
2002,400512,2,1,0,0,0,0,0,0,0,0,0,0
2002,400513,1,1,0,0,0,0,0,0,0,0,0,0
2002,400513,2,1,6,13,45,7,8,10,12,9,9,7
2002,400514,1,1,0,0,0,0,0,0,0,0,0,0
2002,400514,2,1,0,0,0,0,0,0,0,0,0,0
2002,400515,1,1,0,15,9,26,22,22,0,22,8,17
2002,400516,1,1,15,0,0,0,0,0,0,0,0,0
2002,400516,2,1,0,0,0,0,0,0,0,0,0,0
2002,400516,3,1,0,0,12,0,0,0,0,0,0,0
2002,400517,0,1,0,0,0,0,0,0,0,0,11,0
2002,400517,0,2,0,0,3,0,0,0,0,13,0,22
2002,400517,1,1,0,0,0,0,0,0,0,0,0,0
2002,400518,1,1,0,0,0,0,0,0,0,0,0,0
2002,400518,2,1,0,0,0,0,0,0,0,0,0,0
2002,400518,3,1,0,0,0,0,0,0,0,0,0,0
2002,400519,1,1,0,0,0,0,0,0,0,0,0,0
2002,400520,1,1,0,0,0,0,0,0,0,0,0,0
2002,400521,1,1,0,0,0,0,0,12,0,3,0,0
2002,400521,2,1,0,0,0,0,0,0,0,0,0,0
2002,400522,1,1,0,15,0,0,0,0,0,0,0,0
2002,400522,2,1,0,0,0,0,0,0,0,0,0,0
2002,400523,1,1,22,22,22,22,22,22,22,22,22,22
2002,400524,1,1,0,0,0,0,0,0,0,0,0,0
2002,400525,1,1,8,0,21,26,10,23,14,19,25,35
2002,400526,1,1,0,0,0,0,0,0,0,0,0,0
2002,400527,1,1,0,0,0,0,0,0,0,0,0,0
2002,400527,2,1,0,0,0,0,0,0,0,0,0,0
2002,400527,3,1,0,0,0,0,0,0,0,0,0,0
2002,400528,1,1,0,0,0,0,0,0,0,0,0,0
2002,400529,1,1,0,0,0,0,0,0,0,0,0,0
2002,400529,2,1,0,0,0,0,0,0,0,0,0,0
2002,400530,1,1,0,0,0,0,0,0,0,0,0,0
2002,400530,2,1,0,0,7,35,0,0,0,0,0,0
2002,400531,1,1,0,0,0,0,0,0,0,0,0,0
2002,400531,2,1,0,0,0,0,0,0,0,0,0,0
2002,400532,0,1,33,33,33,33,33,33,33,33,33,33
2002,400532,1,1,0,0,0,0,0,0,0,0,0,0
2002,400533,1,1,0,0,0,7,0,0,0,0,0,31
2002,400533,2,1,0,0,0,0,0,0,0,0,0,0
2002,400533,3,1,0,0,0,0,0,13,0,0,0,0
2002,400534,0,1,29,29,29,29,29,29,29,29,29,29
2002,400534,1,1,0,0,0,0,0,23,0,0,9,0
2002,400535,1,1,0,0,0,0,0,0,0,0,0,0
2002,400536,1,1,15,28,22,15,24,24,24,19,41,9
2002,400537,1,1,17,17,17,17,17,17,17,17,17,17
2002,400538,1,1,0,0,0,0,0,0,0,0,0,0
2002,400539,1,1,10,10,10,10,10,10,10,10,10,10
2002,400540,1,1,0,0,0,0,0,0,0,0,0,0
2002,400541,0,1,0,0,0,0,0,0,0,0,0,0
2002,400541,1,1,0,0,0,0,0,0,0,0,0,0
2002,400542,1,1,0,0,0,0,0,0,0,0,0,0
2002,400542,2,1,0,0,0,0,0,0,0,0,0,0
2002,400542,3,1,0,0,0,0,0,0,0,0,0,0
2002,400543,1,1,29,29,29,29,29,29,29,29,29,29
2002,400543,2,1,0,0,0,0,0,0,0,0,0,0
2002,400544,1,1,0,0,0,0,0,0,0,0,0,0
2002,400544,2,1,0,0,0,0,0,0,0,0,0,0
2002,400545,1,1,0,0,0,0,0,0,0,0,0,0
2002,400546,1,1,18,18,18,18,18,18,18,18,18,18
2002,400546,2,1,0,0,0,0,0,0,0,0,0,0
2002,400547,1,1,0,0,0,0,0,0,0,0,0,0
2002,400548,1,1,0,0,0,0,0,0,0,0,0,0
2002,400548,2,1,0,0,0,0,0,0,0,0,0,0
2002,400549,1,1,0,0,0,0,0,0,0,0,0,0
2002,400549,2,1,0,0,0,0,0,28,0,0,0,0
2002,400550,1,1,19,19,19,19,19,19,19,19,19,19
2002,400551,1,1,0,0,0,0,0,0,0,0,0,0
2002,400551,2,1,12,21,18,24,18,22,6,0,4,14
2002,400551,3,1,0,0,0,0,0,0,0,0,0,0
2002,400552,1,1,0,0,0,0,0,0,0,0,0,0
2002,400552,2,1,0,0,0,0,0,0,0,0,0,0
2002,400553,1,1,0,0,0,0,0,0,0,0,0,0
2002,400554,1,1,0,0,0,0,0,0,0,25,0,0
2002,400554,2,1,0,0,0,0,0,0,0,9,0,0
2002,400555,1,1,18,7,12,19,8,18,11,4,19,10
2002,400556,1,1,0,0,0,0,0,0,0,0,0,0
2002,400556,2,1,5,0,0,0,0,0,0,0,0,0
2002,400557,1,1,0,0,0,0,0,0,0,0,0,0
2002,400557,2,1,0,0,0,0,0,0,0,0,0,0
2002,400558,1,1,11,11,11,11,11,11,11,11,11,11
2002,400559,1,1,0,0,0,0,0,0,0,0,0,0
2002,400559,2,1,0,0,0,0,0,0,0,0,0,0
2002,400560,1,1,6,16,9,6,13,0,14,0,7,20
2002,400560,2,1,0,0,0,0,0,0,0,0,0,0
2002,400561,1,1,0,0,0,0,0,0,0,0,0,0
2002,400561,2,1,0,0,0,0,0,0,0,0,0,0
2002,400562,0,1,0,0,0,0,0,0,0,0,0,0
2002,400562,2,1,0,0,0,0,0,0,0,0,0,0
2002,400563,0,1,0,22,0,0,0,0,0,0,35,0
2002,400563,1,1,0,0,0,0,0,0,0,0,0,0
2002,400564,0,1,0,0,0,0,0,0,0,0,0,0
2002,400564,1,1,0,0,0,0,0,0,0,0,0,0
2002,400565,1,1,0,0,0,0,0,0,0,0,0,0
2002,400565,2,1,0,0,0,0,0,0,0,0,0,0
2002,400566,1,1,25,25,25,25,25,25,25,25,25,25
2002,400567,1,1,0,0,0,0,0,0,0,0,0,0
2002,400568,1,1,0,0,0,0,0,0,0,0,0,0
2002,400569,1,1,0,0,0,0,0,0,0,0,0,0
2002,400569,2,1,0,0,0,0,0,0,0,0,0,0
2002,400570,1,1,0,0,0,0,0,0,0,0,0,0
2002,400571,1,1,0,0,0,8,0,0,0,0,0,8
2002,400572,1,1,0,0,0,0,0,0,0,0,0,0
2002,400572,2,1,0,0,0,0,0,0,0,6,0,0
2002,400573,1,1,0,0,0,0,0,0,0,0,0,0
2002,400574,1,1,6,6,6,6,6,6,6,6,6,6
2002,400575,1,1,0,0,0,0,0,0,0,0,0,0
2002,400575,2,1,0,0,0,0,0,0,0,0,0,0
2002,400575,3,1,0,0,0,0,0,0,0,0,0,0
2002,400576,1,1,0,0,0,0,0,0,0,0,0,0
2002,400577,1,1,20,0,6,0,18,0,11,15,6,13
2002,400578,1,1,14,0,9,8,13,5,14,15,9,12
2002,400578,2,1,0,0,0,0,0,0,0,0,0,0
2002,400579,1,1,0,0,0,0,0,0,17,12,10,0
2002,400580,1,1,0,0,0,0,0,0,0,0,0,0
2002,400581,1,1,0,0,0,0,0,0,0,0,0,0
2002,400582,1,1,0,0,0,0,0,0,0,0,0,9
2002,400582,2,1,0,0,0,0,0,0,0,0,0,0
2002,400583,1,1,0,0,0,0,0,0,0,0,0,0
2002,400584,1,1,0,0,0,0,0,0,0,0,0,0
2002,400584,2,1,10,27,24,13,23,15,20,8,22,7
2002,400585,1,1,15,15,15,15,15,15,15,15,15,15
2002,400585,2,1,4,12,7,0,9,11,17,0,12,23
2002,400586,1,1,0,0,0,0,0,0,0,0,0,0
2002,400586,2,1,0,0,0,0,21,0,0,0,0,0
2002,400587,1,1,0,0,0,0,0,0,0,0,10,0
2002,400587,2,1,0,0,0,0,0,0,0,0,0,0
2002,400588,1,1,0,0,0,0,0,0,0,0,0,0
2002,400589,1,1,0,0,0,0,0,0,0,0,0,0
2002,400590,1,1,0,0,0,13,0,0,0,0,1,0
2002,400591,1,1,0,0,0,0,0,0,0,0,0,0
2002,400592,1,1,0,0,0,0,0,0,0,0,0,0
2002,400593,1,1,21,21,21,21,21,21,21,21,21,21
2002,400594,1,1,0,0,0,0,0,0,0,0,0,0
2002,400594,2,1,28,0,0,0,0,0,0,0,0,0
2002,400594,3,1,0,0,0,0,0,0,0,0,0,0
2002,400595,1,1,0,0,0,0,0,0,0,0,0,0
2002,400596,1,1,17,17,17,17,17,17,17,17,17,17
2002,400596,2,1,18,18,18,18,18,18,18,18,18,18
2002,400597,1,1,0,0,0,0,0,0,0,0,0,0
2002,400597,2,1,0,0,0,0,0,0,0,0,0,0
2002,400598,1,1,16,13,18,13,20,25,21,31,11,23
2002,400598,2,1,0,0,0,0,0,0,0,0,0,0
2002,400599,0,1,0,0,0,0,0,0,0,0,0,0
2002,400599,1,1,0,0,0,0,0,0,0,0,0,0
2002,400600,1,1,0,0,0,0,0,0,0,0,0,0
2002,400600,2,1,0,0,0,0,0,0,0,0,0,0
2002,400601,1,1,0,0,0,0,0,0,0,0,0,0
2002,400601,2,1,0,0,0,0,0,0,0,0,0,0
2002,400602,1,1,0,22,13,12,8,22,12,16,36,0
2002,400603,1,1,0,0,0,0,0,0,0,0,0,0
2002,400603,2,1,0,0,0,0,0,0,0,0,0,0
2002,400604,1,1,26,26,26,26,26,26,26,26,26,26
2002,400605,1,1,0,0,0,0,0,0,0,0,0,0
2002,400605,2,1,0,0,0,0,0,0,0,0,0,0
2002,400605,3,1,0,0,0,0,0,0,0,0,0,0
2002,400606,0,1,0,0,0,0,0,0,0,0,0,0
2002,400606,1,1,0,0,0,0,0,0,0,0,0,0
2002,400607,1,1,0,0,0,0,0,0,0,0,0,0
2002,400607,2,1,0,36,0,0,33,0,0,0,0,0
2002,400607,3,1,0,0,0,0,0,0,0,0,0,0
2002,400608,1,1,0,0,0,0,0,0,0,0,0,0
2002,400608,2,1,0,0,0,0,0,0,0,0,0,0
2002,400609,1,1,0,0,12,15,7,15,10,16,12,11
2002,400610,1,1,0,0,0,0,0,0,0,0,0,0
2002,400611,0,1,0,0,0,0,0,0,0,0,0,0
2002,400611,1,1,0,0,0,0,0,0,0,0,0,0
2002,400612,1,1,25,16,36,17,15,17,15,35,26,28
2002,400613,1,1,0,18,0,0,0,0,0,0,26,0
2002,400614,1,1,0,0,0,0,0,0,0,0,0,0
2002,400614,2,1,0,0,0,0,0,0,0,0,0,0
2002,400615,1,1,0,0,0,0,0,0,0,0,0,0
2002,400615,2,1,0,0,0,0,0,0,0,17,0,0
2002,400616,1,1,0,0,0,0,0,0,14,0,0,0
2002,400616,2,1,0,0,0,0,0,0,0,0,0,0
2002,400617,1,1,0,0,0,5,0,0,26,0,17,0
2002,400618,1,1,15,17,6,8,14,5,5,4,7,15
2002,400619,1,1,0,0,0,0,0,0,0,0,0,0
2002,400620,1,1,5,5,5,5,5,5,5,5,5,5
2002,400621,1,1,0,0,0,0,0,0,0,0,0,0
2002,400621,2,1,0,0,10,0,0,0,0,0,0,0
2002,400622,1,1,0,0,0,0,0,0,0,0,0,0
2002,400622,2,1,0,0,0,0,0,0,0,0,0,0
2002,400623,1,1,11,19,17,19,23,20,34,12,8,18
2002,400623,2,1,0,0,0,0,0,0,0,0,0,0
2002,400624,1,1,0,0,0,0,0,0,0,0,0,0
2002,400625,1,1,44,21,20,18,27,0,31,25,10,11
2002,400626,1,1,0,0,0,0,0,0,0,0,0,0
2002,400626,2,1,0,0,0,0,0,0,0,0,0,0
2002,400627,1,1,0,0,0,0,0,0,0,0,0,0
2002,400627,2,1,0,0,0,0,0,0,0,0,0,0
2002,400628,0,1,0,0,0,0,0,0,0,0,0,0
2002,400628,1,1,0,0,0,0,0,0,0,0,0,0
2002,400629,0,1,0,0,0,0,0,0,0,0,0,0
2002,400629,1,1,0,0,0,0,0,0,0,0,0,0
2002,400630,0,1,20,20,20,20,20,20,20,20,20,20
2002,400630,1,1,0,0,0,0,0,0,0,0,0,0
2002,400631,1,1,0,0,0,15,0,0,0,0,0,0
2002,400632,1,1,0,0,0,0,0,0,0,0,0,0
2002,400632,2,1,0,0,0,0,0,0,0,0,0,0
2002,400632,3,1,0,0,0,0,2,0,0,0,0,0
2002,400633,1,1,11,0,0,0,0,0,13,0,0,0
2002,400634,1,1,0,0,0,0,0,0,0,0,0,0
2002,400634,2,1,0,0,0,0,0,0,13,11,18,6
2002,400635,0,1,0,0,0,0,0,0,0,0,0,0
2002,400635,1,1,0,0,0,0,0,0,0,0,0,0
2002,400636,1,1,0,0,0,0,0,0,0,0,0,0
2002,400636,2,1,0,0,0,0,0,0,0,0,0,14
2002,400637,1,1,0,0,0,0,0,0,0,0,0,0
2002,400637,2,1,0,0,0,0,0,0,0,0,0,0
2002,400637,3,1,0,0,0,0,0,0,0,0,0,0
2002,400638,1,1,0,0,0,0,0,0,0,0,0,0
2002,400640,1,1,2,5,0,0,0,0,0,0,0,0
2002,400640,2,1,0,0,0,9,0,0,0,0,0,0
2002,400641,1,1,0,0,0,0,0,0,0,0,0,0
2002,400641,2,1,0,0,0,0,0,0,0,0,0,0
2002,400642,1,1,0,0,0,0,0,0,0,0,0,0
2002,400642,2,1,0,0,0,0,0,0,0,0,0,0
2002,400643,1,1,0,40,0,0,0,0,0,0,0,28
2002,400643,2,1,0,0,0,0,0,0,28,0,0,0
2002,400644,1,1,0,0,0,0,0,0,0,0,0,0
2002,400644,2,1,0,0,0,0,0,0,0,0,0,0
2002,400644,3,1,0,0,0,0,0,0,0,0,12,0
2002,400645,0,1,18,15,0,0,0,0,15,0,0,22
2002,400645,1,1,11,0,0,0,0,0,27,0,0,0
2002,410001,0,1,0,32,0,0,0,0,0,0,0,0
2002,410001,1,1,0,0,0,0,0,0,0,0,0,0
2002,410002,1,1,0,0,0,0,0,0,0,0,0,0
2002,410002,2,1,0,0,0,0,0,0,0,0,0,0
2002,410002,3,1,0,0,0,15,0,0,0,0,0,0
2002,410003,1,1,0,0,0,0,0,0,0,0,0,0
2002,410003,2,1,10,0,0,0,0,0,0,0,0,0
2002,410004,0,1,0,0,0,0,0,0,0,0,0,0
2002,410004,1,1,0,0,0,0,0,0,0,0,0,0
2002,410005,1,1,22,22,22,22,22,22,22,22,22,22
2002,410006,1,1,12,12,12,12,12,12,12,12,12,12
2002,410006,2,1,0,0,0,0,0,0,0,0,0,0
2002,410007,0,1,0,0,0,0,0,0,0,0,0,0
2002,410007,1,1,0,0,0,0,0,0,0,0,0,0
2002,410008,0,1,0,0,0,0,0,0,0,0,0,0
2002,410008,1,1,15,19,0,18,21,18,7,8,0,26
2002,410009,1,1,0,0,0,0,0,0,0,0,0,0
2002,410010,1,1,0,0,0,0,0,0,0,0,0,0
2002,410010,2,1,0,0,0,0,0,0,0,0,0,0
2002,410011,1,1,0,0,0,0,0,0,0,0,0,0
2002,410011,2,1,12,12,12,12,12,12,12,12,12,12
2002,410012,1,1,0,0,0,0,0,0,0,0,0,0
2002,410012,2,1,0,0,0,0,0,0,0,0,0,0
2002,410013,0,1,1,1,1,1,1,1,1,1,1,1
2002,410013,1,1,0,0,0,0,0,0,0,0,0,0
2002,410014,1,1,0,0,0,0,0,0,0,0,0,0
2002,410014,2,1,0,0,0,0,0,0,0,0,0,0
2002,410015,1,1,32,32,32,32,32,32,32,32,32,32
2002,410016,1,1,0,0,0,0,0,0,0,0,0,0
2002,410016,2,1,0,8,0,0,0,10,0,0,0,0
2002,410017,1,1,0,0,0,0,0,0,0,0,0,0
2002,410017,2,1,0,0,0,0,0,0,0,0,0,0
2002,410018,0,1,9,9,9,9,9,9,9,9,9,9
2002,410018,1,1,0,0,0,0,0,0,0,0,0,0
2002,410019,0,1,13,13,13,13,13,13,13,13,13,13
2002,410019,1,1,0,0,0,0,0,0,0,0,0,0
2002,410020,1,1,0,0,0,0,0,0,0,0,0,0
2002,410021,1,1,20,20,20,20,20,20,20,20,20,20
2002,410022,1,1,0,0,0,0,0,0,0,0,0,0
2002,410022,2,1,0,0,0,0,0,0,0,0,17,0
2002,410023,1,1,0,0,0,0,0,0,0,0,0,0
2002,410023,2,1,0,0,0,0,0,0,0,0,0,0
2002,410024,1,1,0,12,0,0,0,0,0,0,0,0
2002,410025,0,1,9,9,9,9,9,9,9,9,9,9
2002,410025,1,1,0,0,0,0,0,0,0,0,0,0