YEAR,ST_CASE,veh_no,per_no,P1,P2,P3,P4,P5,P6,P7,P8,P9,P10
2002,410327,1,1,0,0,0,0,0,0,0,0,0,0
2002,410328,1,1,0,0,0,0,0,0,0,0,0,0
2002,410328,2,1,0,0,0,0,0,0,0,0,0,0
2002,410329,1,1,23,23,23,23,23,23,23,23,23,23
2002,410330,0,1,22,22,22,22,22,22,22,22,22,22
2002,410330,1,1,0,0,0,12,0,0,0,0,0,0
2002,410331,1,1,0,6,12,30,18,23,20,16,5,0
2002,410332,1,1,22,22,22,22,22,22,22,22,22,22
2002,410333,1,1,7,7,7,7,7,7,7,7,7,7
2002,410334,1,1,0,0,0,0,0,0,0,0,0,0
2002,410334,2,1,0,0,0,0,0,0,0,0,0,0
2002,410335,1,1,0,0,0,0,0,0,0,0,0,0
2002,410335,2,1,0,0,0,0,0,0,0,0,0,0
2002,410336,1,1,26,26,26,26,26,26,26,26,26,26
2002,410337,0,1,0,0,0,0,0,0,0,0,0,0
2002,410337,1,1,0,11,0,0,0,0,0,0,0,0
2002,410338,1,1,12,12,12,12,12,12,12,12,12,12
2002,410339,1,1,18,18,18,18,18,18,18,18,18,18
2002,410340,1,1,11,11,11,11,11,11,11,11,11,11
2002,410341,1,1,0,0,0,0,0,0,0,0,0,0
2002,410341,2,1,0,0,0,0,0,0,0,0,0,0
2002,410342,1,1,0,0,0,0,0,0,0,0,0,0
2002,410343,1,1,0,0,0,0,0,0,0,0,0,0
2002,410343,2,1,0,0,0,0,0,0,0,0,0,0
2002,410344,1,1,29,29,29,29,29,29,29,29,29,29
2002,410344,2,1,0,0,0,0,0,0,0,0,0,0
2002,410345,1,1,0,0,0,0,0,0,0,0,0,0
2002,410345,2,1,0,0,0,0,0,0,0,0,0,0
2002,410346,1,1,0,0,0,0,0,0,0,0,0,0
2002,410347,1,1,0,0,0,0,0,0,0,0,0,20
2002,410347,2,1,0,0,0,0,0,0,0,0,0,0
2002,410347,3,1,0,0,0,0,0,0,0,0,0,0
2002,410348,1,1,0,0,0,0,0,0,0,0,0,0
2002,410349,1,1,8,8,8,8,8,8,8,8,8,8
2002,410350,1,1,0,0,0,0,0,0,0,0,0,0
2002,410351,1,1,0,0,19,0,23,0,0,0,3,0
2002,410352,1,1,0,0,0,0,0,0,0,0,0,0
2002,410352,2,1,0,0,0,0,0,0,0,0,0,0
2002,410352,3,1,0,0,3,0,0,0,0,0,0,0
2002,410353,1,1,0,0,0,0,0,0,0,0,0,0
2002,410353,2,1,0,0,0,0,0,0,0,0,0,0
2002,410354,0,1,0,0,0,0,0,0,0,0,0,0
2002,410354,1,1,0,0,0,0,17,0,0,0,0,0
2002,410355,1,1,14,0,11,0,0,0,0,0,0,0
2002,410356,1,1,0,0,0,0,0,0,0,0,0,0
2002,410356,2,1,0,0,0,0,0,0,0,0,0,0
2002,410357,1,1,0,0,0,0,0,0,0,0,0,0
2002,410358,1,1,11,11,11,11,11,11,11,11,11,11
2002,410358,2,1,0,0,0,0,0,0,0,0,0,0
2002,410359,1,1,0,0,0,0,0,0,0,0,0,0
2002,410359,2,1,18,20,0,0,0,0,0,0,0,0
2002,410360,0,1,10,10,10,10,10,10,10,10,10,10
2002,410360,1,1,0,0,0,0,0,0,0,0,0,0
2002,410360,2,1,0,0,0,0,0,0,0,0,17,0
2002,410360,3,1,0,0,0,0,0,0,0,0,0,0
2002,410361,1,1,18,18,18,18,18,18,18,18,18,18
2002,410362,1,1,0,0,0,0,0,0,0,0,0,0
2002,410362,2,1,0,0,0,0,0,0,0,0,0,0
2002,410363,1,1,20,0,22,0,0,30,34,21,10,21
2002,410364,1,1,25,25,25,25,25,25,25,25,25,25
2002,410365,1,1,0,0,0,0,0,0,0,0,0,0
2002,410365,2,1,0,0,0,0,0,0,0,0,0,0
2002,410366,1,1,0,0,0,0,0,0,0,0,0,0
2002,410367,1,1,0,0,0,0,0,0,0,0,0,0
2002,410368,0,1,0,0,0,0,0,0,0,0,0,0
2002,410368,1,1,0,0,0,0,0,0,0,0,0,0
2002,410369,0,1,31,24,8,31,13,32,19,22,21,20
2002,410369,1,1,9,12,18,0,0,14,11,0,36,13
2002,410370,1,1,0,0,0,0,0,0,0,0,0,12
2002,410371,1,1,7,7,7,7,7,7,7,7,7,7
2002,410372,1,1,0,0,0,0,0,0,0,0,0,0
2002,410372,2,1,0,0,0,0,0,0,0,0,0,0
2002,410373,0,1,0,0,0,0,0,0,0,0,0,0
2002,410373,1,1,0,0,0,0,0,0,0,0,0,0
2002,410374,0,1,13,13,13,13,13,13,13,13,13,13
2002,410374,1,1,0,0,0,0,0,0,0,0,0,0
2002,410375,0,1,0,0,0,0,0,0,0,0,0,0
2002,410375,1,1,0,28,0,8,0,0,0,7,0,0
2002,410376,0,1,0,0,0,0,0,0,0,0,0,0
2002,410376,1,1,0,0,0,0,0,0,0,0,0,0
2002,410377,1,1,0,0,0,0,0,0,0,0,0,0
2002,410377,2,1,0,0,0,0,0,0,0,15,0,0
2002,410378,1,1,0,0,0,0,0,0,0,0,0,0
2002,410379,1,1,13,13,13,13,13,13,13,13,13,13
2002,410380,1,1,0,0,0,0,0,0,0,0,0,0
2002,410380,2,1,0,0,0,0,0,0,0,0,0,0
2002,410381,1,1,17,17,17,17,17,17,17,17,17,17
2002,410382,1,1,0,0,0,0,0,0,0,0,0,0
2002,410382,2,1,0,0,0,0,0,0,0,0,0,0
2002,410383,1,1,0,0,0,0,0,0,0,0,0,0
2002,410383,2,1,0,0,0,0,0,0,0,0,0,0
2002,410384,1,1,0,0,19,0,0,0,0,0,0,0
2002,410384,2,1,0,0,0,0,0,0,0,0,0,0
2002,410385,1,1,0,0,0,0,0,0,0,0,0,0
2002,410385,2,1,14,14,14,14,14,14,14,14,14,14
2002,410386,0,1,0,0,0,0,0,0,0,0,0,0
2002,410386,1,1,0,0,0,0,0,0,0,0,0,0
2002,410387,1,1,12,12,12,12,12,12,12,12,12,12
2002,410388,0,1,0,0,0,0,0,0,0,0,0,0
2002,410388,1,1,8,0,5,0,0,0,0,19,0,0
2002,410389,1,1,0,0,0,0,0,0,0,0,0,0
2002,410390,1,1,13,14,0,0,0,0,0,23,0,0
2002,410391,1,1,0,0,0,0,21,0,0,0,0,0
2002,410392,1,1,0,0,0,0,0,0,0,0,0,0
2002,410392,2,1,0,0,0,0,0,0,0,0,0,0
2002,410393,1,1,0,0,0,0,0,6,0,0,0,7
2002,410394,1,1,0,0,0,0,0,0,0,0,0,0
2002,410394,2,1,0,0,0,0,0,0,0,0,0,0
2002,420001,1,1,0,0,0,0,0,0,0,0,0,0
2002,420001,2,1,0,0,0,0,0,0,0,0,11,0
2002,420002,0,1,0,0,0,0,0,0,0,0,0,0
2002,420002,1,1,0,0,0,0,0,0,0,0,0,0
2002,420003,0,1,13,13,13,13,13,13,13,13,13,13
2002,420003,1,1,14,14,14,14,14,14,14,14,14,14
2002,420004,1,1,0,0,0,0,0,0,0,0,0,0
2002,420004,2,1,0,0,0,0,0,0,0,0,0,0
2002,420005,1,1,35,0,0,49,12,20,7,18,0,23
2002,420006,1,1,0,20,0,0,0,0,0,0,0,0
2002,420007,1,1,0,0,0,0,0,0,0,0,0,0
2002,420007,2,1,0,0,0,0,0,0,0,0,0,0
2002,420008,1,1,0,0,0,0,0,0,0,0,0,0
2002,420008,2,1,0,10,0,12,0,0,13,0,26,0
2002,420008,3,1,0,0,0,0,0,0,0,0,0,0
2002,420008,4,1,0,0,0,0,0,0,0,0,0,0
2002,420009,1,1,12,12,12,12,12,12,12,12,12,12
2002,420009,2,1,0,0,0,0,0,0,0,0,0,0
2002,420010,0,1,0,0,0,0,0,0,0,0,0,0
2002,420010,1,1,1,1,1,1,1,1,1,1,1,1
2002,420011,1,1,4,4,4,4,4,4,4,4,4,4
2002,420011,2,1,0,0,0,0,0,0,0,0,0,0
2002,420012,1,1,26,26,26,26,26,26,26,26,26,26
2002,420012,2,1,0,0,0,0,0,0,0,0,0,0
2002,420013,1,1,0,0,0,0,0,0,0,0,0,0
2002,420013,2,1,0,0,0,0,0,0,0,0,0,0
2002,420014,1,1,0,0,0,0,0,0,0,0,0,0
2002,420014,2,1,0,0,0,0,0,0,0,0,0,0
2002,420014,3,1,0,0,0,0,0,0,0,0,0,0
2002,420015,1,1,0,0,0,0,0,0,0,0,0,0
2002,420016,1,1,0,0,0,0,0,0,0,0,0,0
2002,420017,1,1,3,3,3,3,3,3,3,3,3,3
2002,420018,1,1,0,0,0,0,0,0,0,0,0,0
2002,420018,2,1,2,0,14,0,0,0,0,0,0,0
2002,420019,1,1,0,0,0,0,0,0,0,0,0,0
2002,420020,1,1,0,0,0,0,0,0,0,0,0,0
2002,420021,0,1,0,0,19,18,0,0,3,28,0,0
2002,420021,1,1,21,21,21,21,21,21,21,21,21,21
2002,420022,1,1,0,0,0,0,0,0,0,0,0,0
2002,420023,0,1,0,0,0,22,0,41,0,22,0,21
2002,420023,1,1,0,0,0,0,0,0,0,0,11,0
2002,420024,1,1,0,0,0,0,0,0,0,0,0,0
2002,420024,2,1,19,19,19,19,19,19,19,19,19,19
2002,420025,1,1,0,0,0,0,0,0,0,0,0,0
2002,420026,1,1,0,0,0,0,0,0,0,0,0,0
2002,420027,1,1,0,0,0,0,0,0,0,0,0,0
2002,420028,1,1,3,3,3,3,3,3,3,3,3,3
2002,420029,1,1,0,0,0,0,0,20,12,0,0,0
2002,420029,2,1,0,0,0,0,0,0,0,0,0,0
2002,420030,1,1,0,0,0,0,0,0,0,0,0,0
2002,420031,1,1,21,21,21,21,21,21,21,21,21,21
2002,420031,2,1,19,19,19,19,19,19,19,19,19,19
2002,420032,1,1,0,0,0,0,0,0,0,0,0,0
2002,420032,2,1,1,1,1,1,1,1,1,1,1,1
2002,420033,1,1,31,12,7,26,15,10,17,9,12,21
2002,420034,1,1,0,0,0,0,0,0,0,0,0,0
2002,420034,2,1,0,0,0,0,0,0,0,0,0,0
2002,420035,1,1,16,16,16,16,16,16,16,16,16,16
2002,420036,1,1,0,0,0,0,0,0,0,0,0,0
2002,420037,0,1,0,0,0,0,0,0,0,0,0,0
2002,420037,1,1,0,0,0,0,0,0,0,0,0,0
2002,420038,1,1,0,0,0,0,0,0,0,0,0,0
2002,420039,1,1,21,21,21,21,21,21,21,21,21,21
2002,420040,0,1,16,16,16,16,16,16,16,16,16,16
2002,420040,1,1,0,0,0,0,0,0,0,0,0,0
2002,420041,1,1,0,0,0,0,0,0,0,0,0,0
2002,420041,2,1,0,0,0,0,0,0,0,0,0,0
2002,420042,1,1,0,0,0,0,0,0,0,0,0,0
2002,420043,1,1,27,27,27,27,27,27,27,27,27,27
2002,420043,2,1,0,0,0,0,0,0,0,0,0,0
2002,420043,3,1,22,0,20,0,0,0,0,0,0,0
2002,420044,0,1,0,0,0,0,0,0,0,0,0,0
2002,420044,1,1,0,0,0,0,0,0,0,0,0,0
2002,420045,1,1,0,0,0,0,0,0,0,0,0,0
2002,420046,0,1,0,0,0,0,0,0,0,0,0,0
2002,420046,1,1,0,0,0,6,0,0,0,0,0,0
2002,420047,1,1,0,0,0,0,0,0,0,0,0,0
2002,420047,2,1,0,0,0,0,0,0,0,0,0,0
2002,420048,1,1,0,0,0,0,0,0,0,0,0,0
2002,420048,2,1,0,0,0,0,0,0,0,0,0,0
2002,420049,1,1,0,0,0,0,0,0,0,0,0,0
2002,420049,2,1,0,0,0,0,0,0,0,0,0,0
2002,420050,1,1,0,0,0,0,0,0,0,0,0,0
2002,420050,2,1,0,0,0,0,0,0,0,0,0,0
2002,420051,1,1,0,0,0,0,0,0,0,0,0,0
2002,420052,0,1,0,0,0,0,0,0,0,0,0,0
2002,420052,1,1,0,0,0,0,0,0,0,0,0,0
2002,420053,1,1,14,14,14,14,14,14,14,14,14,14
2002,420054,1,1,0,0,0,0,0,0,0,0,0,0
2002,420054,2,1,0,0,0,0,0,0,0,0,0,0
2002,420055,1,1,14,14,14,14,14,14,14,14,14,14
2002,420056,0,1,0,0,0,0,0,0,0,0,0,0
2002,420056,1,1,0,0,0,0,0,0,0,0,0,0
2002,420057,1,1,15,15,15,15,15,15,15,15,15,15
2002,420058,1,1,31,31,31,31,31,31,31,31,31,31
2002,420058,2,1,7,7,7,7,7,7,7,7,7,7
2002,420059,0,1,0,0,0,0,0,0,0,0,0,0
2002,420059,1,1,0,0,0,0,0,0,0,0,0,0
2002,420060,1,1,0,0,0,0,0,0,0,0,0,0
2002,420060,2,1,0,0,0,0,0,0,0,0,0,0
2002,420061,1,1,0,0,0,0,13,0,0,0,0,16
2002,420061,2,1,0,0,19,0,0,0,5,0,0,0
2002,420062,1,1,0,0,0,0,0,0,0,0,0,0
2002,420062,2,1,0,0,0,0,0,0,0,0,0,0
2002,420063,1,1,0,0,0,0,0,0,0,0,0,0
2002,420064,1,1,0,0,0,0,0,0,0,0,0,0
2002,420065,1,1,0,0,0,0,0,0,0,0,0,0
2002,420066,0,1,0,0,0,0,0,0,0,0,0,0
2002,420066,1,1,0,19,0,0,0,0,0,0,0,0
2002,420067,1,1,14,14,14,14,14,14,14,14,14,14
2002,420067,2,1,0,0,0,0,0,0,0,0,0,0
2002,420068,1,1,0,0,0,0,0,0,0,0,0,0
2002,420069,1,1,0,0,0,0,0,0,0,0,0,0
2002,420069,2,1,0,0,0,0,0,0,0,0,0,0
2002,420070,0,1,27,13,29,30,24,40,11,35,31,23
2002,420070,1,1,0,0,0,0,0,0,0,0,0,0
2002,420071,1,1,0,0,0,0,0,0,0,0,0,0
2002,420072,1,1,28,28,28,28,28,28,28,28,28,28
2002,420073,1,1,26,26,26,26,26,26,26,26,26,26
2002,420074,1,1,36,36,36,36,36,36,36,36,36,36
2002,420074,2,1,0,0,0,0,0,0,0,0,0,0
2002,420075,1,1,0,0,0,0,0,0,0,0,0,0
2002,420075,2,1,0,0,0,0,0,0,0,0,0,0
2002,420076,1,1,0,0,0,0,0,0,0,0,0,0
2002,420076,2,1,0,0,0,0,0,0,0,0,0,0
2002,420077,0,1,0,0,0,0,0,0,0,0,0,0
2002,420077,1,1,0,0,0,0,0,0,0,0,0,0
2002,420078,1,1,0,0,0,0,0,0,0,0,0,0
2002,420079,1,1,0,0,0,0,0,0,0,0,0,0
2002,420080,1,1,17,23,10,16,5,7,27,21,0,0
2002,420080,2,1,0,0,0,0,0,0,0,0,0,0
2002,420081,1,1,0,0,0,0,0,0,0,0,0,0
2002,420081,2,1,0,0,19,0,0,0,0,0,0,0
2002,420082,1,1,16,16,16,16,16,16,16,16,16,16
2002,420083,0,1,0,0,0,0,0,0,0,0,0,0
2002,420083,1,1,0,0,0,0,0,0,0,0,0,0
2002,420083,2,1,0,0,0,0,0,0,0,0,0,0
2002,420084,1,1,6,38,11,10,17,19,11,24,20,23
2002,420085,0,1,0,0,0,0,0,0,0,0,0,0
2002,420085,1,1,0,0,0,0,0,0,0,0,0,0
2002,420086,1,1,0,0,0,0,0,0,0,0,0,0
2002,420086,2,1,0,0,0,0,0,0,0,0,0,0
2002,420087,1,1,0,0,0,0,0,0,0,0,0,0
2002,420088,1,1,0,0,0,0,0,0,0,0,0,0
2002,420089,1,1,0,0,0,0,0,0,0,0,0,0
2002,420090,0,1,0,0,0,0,0,0,0,0,0,0
2002,420090,1,1,0,0,0,0,0,0,0,0,0,0
2002,420091,1,1,0,0,0,0,0,0,0,0,0,0
2002,420091,2,1,0,0,0,0,0,0,13,0,0,0
2002,420091,3,1,0,0,0,0,0,0,0,0,0,0
2002,420092,1,1,0,0,0,0,0,0,0,0,0,0
2002,420092,2,1,0,0,0,0,0,0,0,0,0,0
2002,420093,1,1,17,17,17,17,17,17,17,17,17,17
2002,420094,1,1,22,22,22,22,22,22,22,22,22,22
2002,420095,1,1,0,0,0,0,0,0,0,0,0,0
2002,420095,2,1,0,6,0,0,0,0,0,0,0,0
2002,420095,3,1,0,0,0,0,0,0,0,0,0,0
2002,420096,1,1,0,0,0,0,0,0,0,0,0,0
2002,420096,2,1,0,0,0,0,0,0,0,0,0,0
2002,420097,1,1,0,0,0,0,0,0,0,0,0,0
2002,420098,0,1,21,9,0,0,0,24,19,0,10,16
2002,420098,1,1,19,0,0,10,0,11,0,13,0,17
2002,420099,1,1,0,0,0,20,0,0,19,0,10,0
2002,420100,0,1,0,0,0,0,0,0,0,0,0,0
2002,420100,1,1,0,0,0,0,0,0,0,0,0,0
2002,420101,1,1,1,1,1,1,1,1,1,1,1,1
2002,420102,1,1,0,0,0,0,0,0,0,0,0,0
2002,420102,2,1,0,0,0,0,0,0,0,0,0,0
2002,420103,1,1,0,0,0,0,0,0,0,0,0,0
2002,420103,2,1,0,0,0,0,0,0,0,0,0,22
2002,420104,1,1,13,13,13,13,13,13,13,13,13,13
2002,420105,1,1,0,0,0,0,0,0,0,0,0,0
2002,420105,2,1,0,0,0,0,0,0,0,7,0,0
2002,420106,1,1,26,26,26,26,26,26,26,26,26,26
2002,420107,1,1,0,0,0,0,0,0,0,0,0,0
2002,420107,2,1,0,0,0,0,0,0,0,0,0,0
2002,420108,0,1,27,27,27,27,27,27,27,27,27,27
2002,420108,1,1,0,0,0,0,0,0,0,0,0,0
2002,420109,1,1,11,11,11,11,11,11,11,11,11,11
2002,420110,1,1,0,0,0,0,0,0,0,0,0,0
2002,420110,2,1,0,0,0,0,0,0,0,0,0,0
2002,420111,1,1,21,21,21,21,21,21,21,21,21,21
2002,420112,1,1,12,27,0,0,36,0,29,0,0,0
2002,420113,1,1,19,19,19,19,19,19,19,19,19,19
2002,420114,1,1,0,0,0,0,0,0,0,0,0,0
2002,420116,1,1,0,0,0,0,0,0,0,0,0,0
2002,420116,2,1,0,0,0,0,0,0,0,0,0,0
2002,420117,1,1,0,0,0,0,0,0,0,0,0,0
2002,420117,2,1,0,0,0,0,0,0,0,0,0,0
2002,420119,1,1,0,0,0,0,0,0,0,0,0,0
2002,420119,2,1,0,0,0,0,0,0,0,0,0,0
2002,420120,1,1,0,0,0,0,0,0,0,0,0,0
2002,420120,2,1,7,7,7,7,7,7,7,7,7,7
2002,420121,1,1,0,0,0,0,0,0,0,0,0,0
2002,420121,2,1,0,0,0,0,0,0,0,0,0,0
2002,420122,1,1,0,0,0,0,0,0,0,0,0,0
2002,420122,2,1,0,0,0,0,0,0,0,0,0,0
2002,420122,3,1,0,0,0,0,15,6,0,0,0,0
2002,420123,1,1,0,0,0,0,0,0,0,0,0,0
2002,420124,1,1,0,0,0,0,0,0,0,0,0,0
2002,420124,2,1,11,11,11,11,11,11,11,11,11,11
2002,420125,1,1,4,4,4,4,4,4,4,4,4,4
2002,420126,1,1,0,0,0,0,0,0,0,0,0,0
2002,420126,2,1,0,0,0,0,0,0,0,0,0,0
2002,420127,1,1,19,19,19,19,19,19,19,19,19,19
2002,420128,0,1,0,0,0,0,0,0,0,0,0,0
2002,420128,1,1,0,0,0,0,0,0,0,0,0,0
2002,420129,1,1,0,0,0,0,0,0,0,0,0,0
2002,420129,2,1,0,0,0,0,0,0,0,0,0,0
2002,420130,1,1,28,28,28,28,28,28,28,28,28,28
2002,420131,1,1,0,0,0,0,0,0,0,0,0,0
2002,420132,1,1,0,0,0,0,0,0,0,0,0,0
2002,420132,2,1,0,0,0,0,0,0,0,0,0,0
2002,420133,1,1,7,7,7,7,7,7,7,7,7,7
2002,420134,1,1,0,0,0,0,0,0,0,0,0,0
2002,420135,1,1,0,0,0,0,0,0,0,0,0,0
2002,420135,2,1,0,0,0,0,0,0,0,0,0,0
2002,420135,3,1,0,0,0,0,0,0,0,10,0,0
2002,420136,1,1,0,0,0,0,0,0,0,0,0,0
2002,420136,2,1,0,0,0,0,0,0,0,0,0,0
2002,420137,1,1,0,0,0,0,0,0,0,0,0,0
2002,420138,1,1,38,38,38,38,38,38,38,38,38,38
2002,420139,1,1,27,8,35,10,26,29,21,13,17,12
2002,420139,2,1,0,0,0,0,0,0,0,0,0,0
2002,420140,1,1,16,16,16,16,16,16,16,16,16,16
2002,420141,1,1,22,0,17,0,21,0,0,0,0,8
2002,420142,1,1,0,0,0,0,0,0,0,0,0,0
2002,420143,1,1,0,0,0,0,0,0,0,0,0,0
2002,420144,1,1,0,0,0,0,0,0,0,0,0,0
2002,420145,1,1,14,14,14,14,14,14,14,14,14,14
2002,420146,1,1,0,0,0,0,0,0,0,0,0,0
2002,420146,2,1,0,0,0,0,0,0,0,0,0,0
2002,420147,1,1,12,12,12,12,12,12,12,12,12,12
2002,420148,1,1,0,0,0,0,0,0,0,0,0,0
2002,420148,2,1,0,0,0,0,0,0,0,0,0,0
2002,420149,1,1,13,13,13,13,13,13,13,13,13,13
2002,420150,1,1,16,16,16,16,16,16,16,16,16,16
2002,420150,2,1,0,0,0,0,0,0,0,0,0,0
2002,420150,3,1,0,0,0,0,0,0,0,0,0,0
2002,420151,1,1,0,0,0,0,0,0,0,0,0,0
2002,420151,2,1,0,0,0,0,0,0,0,0,0,0
2002,420152,1,1,0,0,0,0,0,0,0,0,0,0
2002,420153,1,1,0,0,0,0,0,0,0,0,0,0
2002,420153,2,1,0,0,0,0,0,0,0,0,0,0
2002,420154,1,1,13,13,13,13,13,13,13,13,13,13
2002,420155,1,1,27,27,27,27,27,27,27,27,27,27
2002,420156,1,1,0,0,0,0,0,0,0,0,0,0
2002,420156,2,1,0,0,0,0,0,0,0,0,0,0
2002,420156,3,1,0,0,0,0,0,0,0,0,0,0
2002,420157,1,1,0,0,0,0,0,0,0,0,0,0
2002,420158,1,1,0,0,0,0,0,0,0,0,0,0
2002,420158,2,1,0,0,0,0,0,0,0,0,0,0
2002,420159,1,1,0,0,0,0,0,0,0,0,0,0
2002,420159,2,1,0,0,0,0,0,0,0,0,0,0
2002,420160,1,1,0,0,0,0,0,0,0,0,0,0
2002,420161,1,1,0,0,0,0,0,0,0,0,0,0
2002,420161,2,1,0,0,0,0,0,0,0,0,0,0
2002,420161,3,1,0,0,0,0,0,0,0,0,0,0
2002,420162,1,1,0,8,0,0,0,0,0,0,8,0
2002,420163,1,1,0,0,0,0,0,0,0,0,0,0
2002,420163,2,1,0,0,0,0,0,0,0,0,0,0
2002,420164,1,1,10,10,10,10,10,10,10,10,10,10
2002,420165,0,1,0,0,0,0,0,0,0,0,0,0
2002,420165,1,1,0,0,0,0,0,0,0,0,0,0
2002,420165,2,1,0,0,0,0,0,0,0,0,13,0
2002,420166,0,1,0,0,0,0,0,0,0,0,0,0
2002,420166,1,1,0,0,0,0,0,0,0,0,0,0
2002,420167,1,1,0,0,0,0,0,0,0,0,0,0
2002,420167,2,1,0,0,0,0,0,0,0,0,0,0
2002,420168,1,1,16,16,16,16,16,16,16,16,16,16
2002,420169,1,1,0,0,0,0,0,0,0,0,0,0
2002,420170,1,1,8,8,8,8,8,8,8,8,8,8
2002,420171,0,1,15,15,15,15,15,15,15,15,15,15
2002,420171,0,2,0,31,14,18,24,0,0,20,0,24
2002,420171,1,1,0,8,0,0,0,0,0,0,0,0
2002,420172,1,1,8,8,8,8,8,8,8,8,8,8
2002,420173,1,1,0,0,0,0,0,0,0,0,0,0
2002,420173,2,1,0,0,0,0,0,0,0,0,0,0
2002,420174,1,1,30,30,30,30,30,30,30,30,30,30
2002,420175,1,1,0,0,0,0,0,0,0,0,0,0
2002,420176,1,1,0,0,0,0,0,0,0,0,0,0
2002,420177,1,1,0,0,0,0,0,0,0,0,0,0
2002,420178,1,1,26,26,26,26,26,26,26,26,26,26
2002,420179,1,1,9,9,9,9,9,9,9,9,9,9
2002,420180,1,1,17,17,17,17,17,17,17,17,17,17
2002,420181,1,1,0,0,0,0,0,0,0,0,0,0
2002,420181,2,1,0,0,0,0,0,0,0,0,0,0
2002,420182,1,1,7,7,7,7,7,7,7,7,7,7
2002,420182,2,1,0,0,0,0,16,0,0,0,10,0
2002,420183,1,1,0,9,0,9,11,0,15,0,14,26
2002,420184,1,1,44,44,44,44,44,44,44,44,44,44
2002,420185,1,1,14,14,14,14,14,14,14,14,14,14
2002,420186,1,1,0,0,0,0,0,0,0,0,0,0
2002,420186,2,1,0,0,0,0,0,0,0,0,0,0
2002,420187,0,1,0,0,0,0,0,0,0,0,0,0
2002,420187,1,1,0,0,0,0,0,0,0,0,0,0
2002,420188,1,1,0,0,0,0,0,0,0,0,0,0
2002,420188,2,1,0,0,0,0,0,0,0,0,0,0
2002,420189,1,1,3,3,3,3,3,3,3,3,3,3
2002,420190,1,1,10,10,10,10,10,10,10,10,10,10
2002,420191,1,1,0,0,0,0,0,0,0,0,0,0
2002,420192,1,1,11,11,11,11,11,11,11,11,11,11
2002,420192,2,1,0,0,0,0,0,0,0,0,0,0
2002,420193,1,1,17,17,17,17,17,17,17,17,17,17
2002,420194,1,1,22,22,22,22,22,22,22,22,22,22
2002,420195,1,1,0,0,0,0,0,0,0,0,0,0
2002,420195,2,1,0,0,0,0,0,0,0,0,0,0
2002,420196,1,1,0,0,0,0,0,0,0,0,0,0
2002,420196,2,1,0,0,0,0,0,0,0,0,0,0
2002,420197,1,1,0,0,0,7,0,0,0,0,0,0
2002,420197,2,1,0,0,0,0,0,0,0,0,0,0
2002,420198,1,1,0,0,0,0,0,0,0,0,7,0
2002,420198,2,1,0,13,0,0,0,0,15,0,0,0
2002,420199,1,1,16,16,16,16,16,16,16,16,16,16
2002,420200,1,1,0,0,0,0,0,0,0,0,0,0
2002,420201,1,1,20,20,20,20,20,20,20,20,20,20
2002,420202,1,1,19,19,19,19,19,19,19,19,19,19
2002,420202,2,1,0,0,0,0,0,0,0,0,0,0
2002,420203,1,1,5,0,0,0,0,0,0,0,0,9
2002,420203,2,1,0,0,0,0,0,0,0,0,0,0
2002,420203,3,1,0,0,0,0,0,0,0,0,0,0
2002,420204,0,1,0,0,0,0,0,0,0,0,0,0
2002,420204,1,1,0,0,0,0,0,0,0,0,0,0
2002,420205,1,1,17,17,18,10,5,27,26,15,19,24
2002,420206,1,1,0,0,0,0,0,0,0,0,0,0
2002,420207,1,1,0,0,0,0,0,0,0,0,0,0
2002,420207,2,1,0,0,0,0,0,0,0,0,0,0
2002,420207,3,1,0,0,0,0,0,0,0,0,0,0
2002,420207,4,1,0,0,0,0,0,0,0,0,0,0
2002,420207,5,1,0,0,0,0,0,0,0,0,0,0
2002,420207,6,1,0,0,0,0,0,0,0,0,0,0
2002,420207,7,1,0,0,0,0,0,0,0,0,0,0
2002,420207,8,1,0,0,0,0,0,0,0,0,0,0
2002,420207,9,1,0,0,0,0,0,0,0,0,0,0
2002,420208,1,1,15,15,15,15,15,15,15,15,15,15
2002,420209,0,1,0,0,7,11,0,0,21,0,0,0
2002,420209,1,1,0,0,0,0,0,0,0,0,0,0
2002,420210,1,1,24,24,24,24,24,24,24,24,24,24
2002,420210,2,1,0,0,0,0,0,0,0,0,0,0
2002,420211,1,1,0,0,0,0,0,0,0,0,0,0
2002,420212,1,1,44,44,44,44,44,44,44,44,44,44
2002,420213,1,1,0,0,0,0,0,0,0,0,0,0
2002,420213,2,1,0,0,0,0,0,0,0,0,0,0
2002,420214,1,1,20,20,20,20,20,20,20,20,20,20
2002,420215,1,1,0,0,0,0,0,0,0,0,0,0
2002,420215,2,1,0,0,0,0,0,0,0,0,0,0
2002,420216,1,1,0,0,0,0,0,0,0,0,0,0
2002,420216,2,1,0,0,0,0,0,0,0,0,0,0
2002,420217,1,1,0,0,0,0,0,0,0,0,0,0
2002,420217,2,1,0,0,0,0,0,0,0,0,0,0
2002,420218,1,1,0,0,0,0,0,0,0,0,0,0
2002,420218,2,1,0,0,0,0,0,0,0,0,0,0
2002,420219,1,1,23,23,23,23,23,23,23,23,23,23
2002,420220,0,1,0,0,0,0,0,0,0,0,0,0