YEAR,ST_CASE,veh_no,per_no,P1,P2,P3,P4,P5,P6,P7,P8,P9,P10
2002,420220,1,1,0,0,0,0,0,0,0,0,0,0
2002,420221,1,1,9,9,9,9,9,9,9,9,9,9
2002,420222,1,1,0,0,0,0,0,0,0,0,0,0
2002,420222,2,1,0,0,0,0,0,0,0,0,0,0
2002,420223,1,1,0,0,0,0,0,0,0,0,0,0
2002,420223,2,1,0,0,0,0,0,0,0,0,0,0
2002,420224,1,1,11,11,11,11,11,11,11,11,11,11
2002,420225,1,1,15,15,15,15,15,15,15,15,15,15
2002,420225,2,1,14,14,14,14,14,14,14,14,14,14
2002,420226,1,1,0,0,0,0,0,0,0,0,0,0
2002,420226,2,1,0,0,0,0,0,0,0,0,0,0
2002,420227,1,1,19,19,19,19,19,19,19,19,19,19
2002,420228,1,1,0,0,0,0,0,0,0,0,0,0
2002,420228,2,1,0,0,0,0,0,0,0,0,0,0
2002,420229,1,1,0,0,7,0,0,0,0,0,0,0
2002,420229,2,1,0,0,0,0,0,0,0,0,0,0
2002,420230,1,1,21,21,21,21,21,21,21,21,21,21
2002,420231,1,1,3,3,3,3,3,3,3,3,3,3
2002,420232,1,1,31,31,31,31,31,31,31,31,31,31
2002,420233,1,1,0,0,0,0,0,0,0,0,0,0
2002,420233,2,1,0,0,0,0,0,0,0,0,0,0
2002,420235,0,1,22,22,22,22,22,22,22,22,22,22
2002,420235,1,1,0,3,0,0,0,0,0,0,0,0
2002,420236,1,1,0,0,0,0,0,0,0,0,0,0
2002,420237,0,1,0,0,0,0,0,0,0,0,0,0
2002,420237,1,1,0,0,0,0,0,0,0,0,0,0
2002,420238,1,1,29,29,29,29,29,29,29,29,29,29
2002,420238,2,1,0,0,0,0,0,0,0,0,0,0
2002,420239,1,1,0,0,0,0,0,0,0,0,0,0
2002,420240,1,1,27,27,27,27,27,27,27,27,27,27
2002,420240,2,1,0,0,0,0,0,0,0,0,0,0
2002,420241,1,1,0,0,0,0,0,0,0,0,0,0
2002,420241,2,1,0,0,8,0,0,0,0,0,0,0
2002,420242,1,1,0,0,0,0,0,0,0,0,0,0
2002,420242,2,1,0,0,0,0,0,0,0,0,0,0
2002,420242,3,1,0,0,0,0,0,0,0,0,0,0
2002,420243,1,1,0,0,0,0,0,0,0,0,0,0
2002,420244,1,1,31,31,31,31,31,31,31,31,31,31
2002,420245,1,1,20,20,20,20,20,20,20,20,20,20
2002,420246,1,1,30,30,30,30,30,30,30,30,30,30
2002,420246,2,1,0,0,0,0,0,0,0,0,0,0
2002,420247,1,1,0,0,0,0,0,0,0,0,0,0
2002,420247,2,1,0,0,0,0,0,0,0,0,0,0
2002,420248,0,1,0,0,0,0,0,0,0,0,0,0
2002,420248,1,1,0,0,0,0,0,0,0,0,0,0
2002,420249,1,1,0,0,0,0,0,0,0,0,0,0
2002,420249,2,1,0,0,0,0,0,0,0,0,0,0
2002,420250,1,1,0,0,20,0,0,0,0,0,0,0
2002,420250,2,1,0,0,0,0,0,0,0,0,0,0
2002,420251,1,1,19,19,19,19,19,19,19,19,19,19
2002,420252,1,1,0,0,0,0,0,0,0,0,0,0
2002,420253,1,1,12,12,12,12,12,12,12,12,12,12
2002,420254,1,1,0,0,0,0,0,0,0,0,0,0
2002,420254,2,1,0,0,0,0,0,0,0,0,0,0
2002,420255,1,1,0,0,0,0,0,0,0,0,0,0
2002,420256,1,1,0,0,0,0,0,0,0,0,0,0
2002,420256,2,1,0,0,0,0,0,0,0,0,0,0
2002,420257,1,1,0,0,0,0,0,0,0,0,0,0
2002,420257,2,1,0,0,0,0,0,0,0,0,0,0
2002,420258,1,1,0,0,0,0,0,0,0,0,0,0
2002,420258,2,1,0,0,0,0,0,0,0,0,0,0
2002,420259,1,1,0,0,0,0,0,0,0,0,0,0
2002,420259,2,1,0,0,0,0,0,0,0,0,0,0
2002,420260,1,1,0,0,0,0,0,0,0,0,0,0
2002,420260,2,1,16,0,0,12,0,0,0,0,0,0
2002,420260,3,1,0,0,0,0,0,0,0,12,0,0
2002,420261,1,1,15,15,15,15,15,15,15,15,15,15
2002,420262,1,1,0,0,0,0,0,0,0,0,0,0
2002,420262,2,1,0,0,0,0,0,0,0,0,0,0
2002,420263,1,1,0,0,0,0,0,0,0,0,0,0
2002,420264,0,1,0,0,0,0,0,0,0,0,0,0
2002,420264,0,2,0,0,0,0,0,0,0,0,0,0
2002,420264,1,1,0,0,0,0,0,0,0,0,0,0
2002,420265,1,1,3,0,16,10,0,9,18,10,11,23
2002,420266,1,1,0,0,0,0,0,0,0,0,0,0
2002,420267,1,1,0,0,0,0,0,0,0,0,0,0
2002,420267,2,1,0,0,0,0,0,0,0,0,0,0
2002,420268,1,1,18,17,24,20,25,25,19,19,17,27
2002,420269,1,1,0,0,0,0,0,0,0,0,0,0
2002,420269,2,1,0,0,0,0,0,0,0,0,0,0
2002,420270,1,1,0,0,0,0,0,0,0,0,0,0
2002,420271,1,1,23,23,23,23,23,23,23,23,23,23
2002,420272,1,1,26,26,26,26,26,26,26,26,26,26
2002,420273,0,1,0,0,0,0,0,0,0,0,0,0
2002,420273,1,1,0,0,0,0,0,13,21,0,0,0
2002,420274,1,1,0,0,0,0,0,0,0,0,0,0
2002,420275,1,1,20,20,20,20,20,20,20,20,20,20
2002,420276,1,1,19,19,19,19,19,19,19,19,19,19
2002,420277,1,1,0,0,0,0,0,0,0,0,0,0
2002,420277,2,1,0,0,9,0,0,0,0,0,0,0
2002,420277,3,1,0,0,0,0,0,0,0,0,0,0
2002,420277,4,1,11,0,0,0,0,0,0,0,0,0
2002,420278,1,1,0,0,0,0,0,0,0,0,0,0
2002,420278,2,1,0,0,0,0,0,0,0,0,0,0
2002,420278,3,1,0,0,0,0,0,0,0,0,0,0
2002,420279,1,1,0,8,0,0,0,0,0,0,0,0
2002,420279,2,1,0,0,0,0,0,0,0,0,0,0
2002,420279,3,1,0,0,0,0,0,0,0,0,0,0
2002,420280,1,1,0,0,0,0,0,0,0,0,0,0
2002,420281,1,1,3,3,3,3,3,3,3,3,3,3
2002,420282,0,1,0,12,0,0,25,41,0,9,0,0
2002,420282,1,1,0,0,0,0,0,0,0,0,7,0
2002,420283,1,1,0,0,0,0,0,0,0,0,0,0
2002,420284,1,1,0,0,0,0,0,0,0,0,0,0
2002,420284,2,1,0,0,0,0,0,0,0,0,0,0
2002,420285,1,1,19,19,19,19,19,19,19,19,19,19
2002,420286,1,1,0,0,0,0,0,0,0,0,0,0
2002,420287,1,1,22,22,22,22,22,22,22,22,22,22
2002,420288,1,1,0,0,0,0,0,0,0,0,0,0
2002,420289,1,1,0,0,0,0,0,0,0,0,0,0
2002,420289,2,1,0,0,0,0,0,0,0,0,0,0
2002,420290,1,1,0,0,0,0,0,0,0,0,0,0
2002,420291,1,1,22,22,22,22,22,22,22,22,22,22
2002,420292,1,1,20,20,20,20,20,20,20,20,20,20
2002,420293,1,1,0,0,0,0,0,0,3,0,0,0
2002,420293,2,1,0,0,0,24,0,0,0,0,0,0
2002,420294,1,1,23,23,23,23,23,23,23,23,23,23
2002,420295,1,1,20,20,20,20,20,20,20,20,20,20
2002,420296,1,1,20,20,20,20,20,20,20,20,20,20
2002,420297,1,1,0,0,0,0,0,0,0,0,0,0
2002,420297,2,1,0,0,0,0,0,0,0,0,0,0
2002,420298,1,1,0,0,0,0,0,0,0,0,0,0
2002,420298,2,1,0,0,0,0,0,0,0,0,0,0
2002,420299,1,1,33,33,33,33,33,33,33,33,33,33
2002,420299,2,1,0,0,0,0,0,0,0,0,0,0
2002,420300,1,1,25,25,25,25,25,25,25,25,25,25
2002,420301,1,1,0,0,0,0,0,0,0,0,0,0
2002,420301,2,1,0,0,0,0,0,0,0,0,0,0
2002,420302,1,1,0,0,0,0,0,0,0,0,0,0
2002,420303,0,1,0,0,0,0,0,0,0,0,0,0
2002,420303,1,1,0,0,0,0,0,0,0,0,0,0
2002,420304,0,1,0,0,0,0,0,0,0,0,0,0
2002,420304,1,1,0,0,0,0,0,0,0,0,0,0
2002,420305,1,1,0,0,0,0,0,0,0,0,0,0
2002,420306,1,1,0,0,0,0,0,0,0,0,0,0
2002,420306,2,1,0,0,0,0,0,0,0,0,0,0
2002,420307,1,1,0,22,15,11,20,3,0,44,22,13
2002,420309,1,1,27,27,27,27,27,27,27,27,27,27
2002,420310,0,1,0,0,0,0,0,0,0,0,0,0
2002,420310,1,1,0,0,0,0,0,0,0,0,0,0
2002,420311,1,1,0,0,0,0,0,0,0,0,0,0
2002,420312,1,1,0,0,0,0,0,0,0,0,0,0
2002,420312,2,1,12,12,12,12,12,12,12,12,12,12
2002,420313,1,1,0,0,0,0,0,0,0,0,0,0
2002,420313,2,1,0,0,0,0,0,0,0,0,0,0
2002,420314,1,1,0,0,0,0,0,0,0,0,0,0
2002,420314,2,1,0,0,0,0,0,0,0,0,0,0
2002,420315,1,1,41,41,41,41,41,41,41,41,41,41
2002,420315,2,1,0,0,0,0,0,0,0,0,0,0
2002,420316,1,1,23,23,23,23,23,23,23,23,23,23
2002,420317,1,1,0,0,0,0,0,0,0,0,0,0
2002,420319,1,1,12,12,12,12,12,12,12,12,12,12
2002,420319,2,1,0,0,0,0,0,0,0,0,0,0
2002,420320,1,1,0,0,0,0,0,0,0,0,0,0
2002,420320,2,1,0,0,0,18,0,0,0,0,0,0
2002,420321,1,1,0,0,0,0,0,0,0,0,0,0
2002,420322,1,1,11,11,11,11,11,11,11,11,11,11
2002,420323,1,1,21,21,21,21,21,21,21,21,21,21
2002,420324,1,1,0,0,0,0,0,0,0,0,0,0
2002,420324,2,1,0,0,0,0,0,0,0,0,0,0
2002,420324,3,1,0,0,0,0,0,0,0,0,0,0
2002,420325,1,1,1,0,0,0,0,0,0,0,0,0
2002,420325,2,1,0,0,0,0,0,0,0,0,0,0
2002,420325,3,1,0,0,0,0,0,0,0,0,0,0
2002,420326,1,1,0,0,0,0,0,0,3,0,0,0
2002,420326,2,1,0,0,0,0,0,0,0,0,0,0
2002,420326,3,1,0,0,0,0,0,0,15,0,0,0
2002,420327,1,1,20,20,20,20,20,20,20,20,20,20
2002,420328,1,1,13,13,13,13,13,13,13,13,13,13
2002,420329,1,1,0,0,0,0,0,0,0,0,0,0
2002,420329,2,1,0,0,0,0,0,0,0,12,11,0
2002,420330,1,1,28,28,28,28,28,28,28,28,28,28
2002,420330,2,1,0,0,0,0,0,0,0,19,0,0
2002,420330,3,1,0,0,0,0,0,0,0,0,0,0
2002,420331,1,1,5,5,5,5,5,5,5,5,5,5
2002,420332,1,1,22,22,22,22,22,22,22,22,22,22
2002,420333,1,1,0,0,0,0,0,0,0,0,0,0
2002,420333,2,1,0,0,0,0,0,0,0,0,0,0
2002,420334,1,1,0,0,0,0,0,0,0,0,0,0
2002,420335,1,1,18,18,18,18,18,18,18,18,18,18
2002,420336,1,1,0,0,0,0,0,0,0,0,0,0
2002,420337,1,1,21,21,21,21,21,21,21,21,21,21
2002,420337,2,1,0,0,0,0,0,0,0,0,0,0
2002,420338,1,1,0,0,0,0,0,0,0,0,0,0
2002,420338,2,1,0,0,0,0,0,0,0,0,0,0
2002,420338,3,1,0,0,0,0,0,0,0,0,0,0
2002,420339,1,1,0,0,0,0,0,0,0,0,0,0
2002,420339,2,1,0,0,0,0,0,0,0,0,0,0
2002,420340,1,1,7,7,7,7,7,7,7,7,7,7
2002,420340,2,1,0,0,0,0,0,0,0,0,0,0
2002,420341,0,1,0,0,13,0,0,0,7,0,8,0
2002,420341,1,1,0,0,0,0,0,0,0,0,0,0
2002,420342,0,1,0,7,0,12,0,0,0,0,0,0
2002,420342,1,1,0,0,0,0,0,0,0,0,0,0
2002,420343,0,1,0,18,0,0,0,0,0,0,5,0
2002,420343,1,1,0,0,0,0,0,0,0,0,0,0
2002,420344,1,1,0,0,0,0,0,0,0,0,0,0
2002,420345,1,1,0,0,0,0,0,0,0,0,0,0
2002,420345,2,1,0,0,0,0,0,0,0,0,0,0
2002,420346,1,1,28,28,28,28,28,28,28,28,28,28
2002,420347,1,1,0,0,0,0,0,0,0,0,0,0
2002,420347,2,1,0,0,0,0,0,0,0,0,0,0
2002,420348,1,1,0,0,0,0,0,0,0,0,0,0
2002,420349,1,1,0,0,0,0,0,0,0,0,0,0
2002,420349,2,1,0,12,30,0,0,0,27,0,21,16
2002,420350,1,1,0,0,0,0,0,0,0,0,0,0
2002,420350,2,1,0,0,0,0,0,0,0,0,0,0
2002,420351,1,1,0,0,0,0,0,0,0,0,0,0
2002,420351,2,1,6,6,6,6,6,6,6,6,6,6
2002,420352,1,1,0,0,0,0,0,0,0,0,0,0
2002,420353,1,1,3,3,3,3,3,3,3,3,3,3
2002,420354,1,1,0,0,0,0,0,0,0,0,0,0
2002,420354,2,1,0,0,0,0,0,0,0,0,0,0
2002,420354,3,1,0,0,0,0,0,0,0,0,0,0
2002,420354,4,1,0,0,0,0,0,0,0,0,0,0
2002,420354,5,1,0,0,0,0,0,0,26,0,0,0
2002,420355,1,1,21,21,21,21,21,21,21,21,21,21
2002,420355,2,1,0,0,0,0,0,0,0,0,0,0
2002,420356,1,1,0,0,0,0,0,0,0,0,0,0
2002,420356,2,1,0,0,0,0,0,0,0,0,0,0
2002,420357,1,1,20,20,20,20,20,20,20,20,20,20
2002,420358,1,1,0,0,0,0,0,0,0,0,0,0
2002,420358,2,1,0,0,0,0,0,0,0,0,0,0
2002,420359,1,1,0,0,0,0,0,0,0,0,0,0
2002,420359,2,1,0,0,0,0,0,0,0,0,0,0
2002,420360,1,1,0,0,0,0,0,0,0,0,0,0
2002,420360,2,1,0,0,0,0,0,0,0,0,0,0
2002,420361,1,1,28,28,28,28,28,28,28,28,28,28
2002,420362,1,1,0,0,0,0,0,0,0,0,0,0
2002,420363,0,1,0,0,0,0,0,0,0,0,0,0
2002,420363,1,1,0,0,0,0,0,0,0,0,0,0
2002,420364,1,1,36,36,36,36,36,36,36,36,36,36
2002,420365,1,1,13,13,13,13,13,13,13,13,13,13
2002,420366,0,1,21,21,21,21,21,21,21,21,21,21
2002,420366,1,1,0,0,0,0,0,0,0,0,0,0
2002,420367,1,1,0,0,0,0,0,0,0,0,0,0
2002,420367,2,1,0,0,0,0,0,0,0,0,0,0
2002,420368,1,1,11,11,11,11,11,11,11,11,11,11
2002,420369,1,1,1,1,1,1,1,1,1,1,1,1
2002,420369,2,1,1,1,1,1,1,1,1,1,1,1
2002,420370,0,1,0,0,0,0,0,0,0,0,0,0
2002,420370,1,1,0,0,0,0,0,0,0,0,0,0
2002,420370,2,1,0,0,0,0,16,0,0,0,0,0
2002,420371,1,1,0,0,0,0,0,0,0,0,0,0
2002,420371,2,1,0,0,0,0,0,0,0,0,0,0
2002,420372,1,1,0,0,0,0,0,0,0,0,0,0
2002,420373,1,1,20,20,20,20,20,20,20,20,20,20
2002,420374,0,1,0,0,0,0,17,0,13,0,0,0
2002,420374,1,1,0,0,0,15,0,0,0,0,6,0
2002,420375,1,1,0,0,0,0,0,0,0,0,0,0
2002,420375,2,1,0,0,0,0,0,0,0,0,0,0
2002,420376,1,1,17,14,13,11,15,11,20,21,8,14
2002,420377,1,1,25,25,25,25,25,25,25,25,25,25
2002,420378,1,1,0,0,0,0,0,0,0,0,0,0
2002,420379,1,1,19,19,19,19,19,19,19,19,19,19
2002,420380,1,1,7,7,7,7,7,7,7,7,7,7
2002,420381,1,1,0,0,0,0,0,0,0,0,0,0
2002,420381,2,1,0,0,0,0,0,0,0,0,0,0
2002,420382,1,1,25,25,25,25,25,25,25,25,25,25
2002,420383,1,1,25,25,25,25,25,25,25,25,25,25
2002,420384,1,1,0,0,0,0,0,0,0,0,0,0
2002,420384,2,1,0,0,0,0,0,0,0,0,0,0
2002,420385,1,1,17,17,17,17,17,17,17,17,17,17
2002,420386,1,1,0,0,0,0,0,0,0,0,0,0
2002,420386,2,1,0,0,0,0,0,0,0,0,0,0
2002,420387,1,1,24,24,24,24,24,24,24,24,24,24
2002,420387,2,1,0,0,0,0,0,0,0,0,17,0
2002,420388,1,1,22,22,22,22,22,22,22,22,22,22
2002,420389,1,1,0,0,0,0,0,0,0,0,0,0
2002,420389,2,1,0,0,0,0,0,0,0,0,0,0
2002,420389,3,1,0,0,0,0,0,0,0,0,0,0
2002,420390,1,1,26,26,26,26,26,26,26,26,26,26
2002,420391,1,1,7,7,7,7,7,7,7,7,7,7
2002,420392,1,1,0,0,0,0,0,0,0,0,0,0
2002,420393,1,1,12,12,12,12,12,12,12,12,12,12
2002,420394,1,1,0,0,0,0,0,0,0,0,0,0
2002,420394,2,1,0,0,0,0,0,0,0,0,0,0
2002,420394,3,1,18,0,0,0,0,0,0,0,0,0
2002,420395,0,1,4,4,4,4,4,4,4,4,4,4
2002,420395,2,1,0,0,0,0,0,0,0,0,0,0
2002,420396,1,1,0,0,0,0,0,0,0,0,0,0
2002,420396,2,1,0,0,0,0,0,0,0,0,0,0
2002,420397,1,1,0,0,0,0,0,0,0,0,0,0
2002,420397,2,1,0,0,0,0,0,0,0,0,0,0
2002,420398,1,1,18,18,18,18,18,18,18,18,18,18
2002,420399,1,1,0,0,0,0,0,0,0,0,0,0
2002,420399,2,1,0,0,22,0,0,0,0,0,0,0
2002,420400,1,1,0,0,0,0,0,0,0,0,0,0
2002,420401,1,1,24,24,24,24,24,24,24,24,24,24
2002,420402,1,1,0,0,0,0,0,0,0,0,0,0
2002,420402,2,1,0,0,0,0,0,0,0,0,0,0
2002,420403,1,1,0,0,0,0,0,0,0,0,0,0
2002,420403,2,1,29,0,0,0,0,0,12,0,0,0
2002,420404,1,1,18,18,18,18,18,18,18,18,18,18
2002,420405,1,1,29,29,29,29,29,29,29,29,29,29
2002,420406,1,1,9,0,8,15,8,0,12,14,27,10
2002,420406,2,1,0,0,0,0,0,22,0,0,10,0
2002,420407,1,1,0,15,28,20,18,9,10,10,14,12
2002,420407,2,1,0,0,0,0,0,0,0,0,0,0
2002,420408,1,1,14,14,14,14,14,14,14,14,14,14
2002,420409,1,1,0,0,0,0,0,0,0,0,0,0
2002,420410,1,1,0,0,0,0,0,0,0,0,0,0
2002,420411,1,1,0,0,0,0,0,0,0,0,0,0
2002,420411,2,1,0,0,0,0,0,0,0,0,0,0
2002,420412,1,1,0,0,0,0,0,0,0,0,0,0
2002,420412,2,1,0,0,0,0,0,0,0,0,0,0
2002,420413,1,1,0,0,0,0,0,0,0,0,0,0
2002,420414,1,1,0,0,0,0,12,0,0,0,0,0
2002,420415,1,1,0,0,0,0,0,0,0,0,0,0
2002,420416,1,1,0,0,0,0,0,0,0,0,0,0
2002,420417,1,1,0,0,0,0,0,0,0,0,0,0
2002,420418,1,1,20,20,20,20,20,20,20,20,20,20
2002,420419,1,1,0,0,0,0,0,0,0,0,0,0
2002,420419,2,1,0,0,0,0,0,0,0,0,0,0
2002,420420,1,1,0,0,0,0,0,0,0,0,0,0
2002,420421,1,1,4,4,4,4,4,4,4,4,4,4
2002,420422,1,1,1,1,1,1,1,1,1,1,1,1
2002,420422,2,1,0,0,0,0,0,0,0,0,0,0
2002,420423,1,1,0,0,0,0,0,0,0,0,0,0
2002,420423,2,1,0,0,0,0,0,0,0,0,0,0
2002,420424,1,1,0,0,0,0,0,0,0,0,0,0
2002,420425,1,1,16,16,16,16,16,16,16,16,16,16
2002,420426,0,1,0,0,0,0,0,0,0,0,0,0
2002,420426,1,1,0,0,0,0,0,0,0,7,0,0
2002,420427,1,1,19,19,19,19,19,19,19,19,19,19
2002,420428,1,1,0,0,0,0,0,0,0,0,0,0
2002,420429,1,1,0,0,0,0,0,0,0,0,0,0
2002,420430,1,1,0,0,0,0,0,0,0,0,0,0
2002,420431,0,1,0,0,0,0,12,0,0,0,0,0
2002,420431,1,1,0,0,0,0,0,0,24,10,0,0
2002,420432,1,1,8,8,8,8,8,8,8,8,8,8
2002,420433,1,1,0,0,0,17,0,0,0,0,0,0
2002,420433,2,1,0,0,0,0,0,0,0,0,0,0
2002,420434,1,1,0,0,0,0,0,0,0,0,0,0
2002,420435,1,1,0,0,0,0,0,0,0,0,0,0
2002,420435,2,1,0,0,0,0,0,0,0,0,0,0
2002,420435,3,1,0,0,0,0,16,0,0,0,0,0
2002,420436,1,1,19,19,19,19,19,19,19,19,19,19
2002,420436,2,1,0,0,0,0,0,0,0,0,0,0
2002,420437,1,1,3,3,3,3,3,3,3,3,3,3
2002,420438,1,1,0,0,0,0,0,0,0,0,0,0
2002,420439,1,1,0,0,0,0,0,0,0,0,0,0
2002,420440,1,1,0,0,0,0,0,0,0,0,0,0
2002,420440,2,1,1,1,1,1,1,1,1,1,1,1
2002,420441,1,1,0,0,0,0,0,0,0,0,0,0
2002,420441,2,1,0,0,0,0,0,0,0,0,0,0
2002,420442,1,1,0,0,0,0,0,0,0,0,0,0
2002,420443,1,1,10,10,10,10,10,10,10,10,10,10
2002,420443,2,1,0,0,0,0,0,7,0,0,0,0
2002,420444,1,1,0,0,0,0,0,0,0,0,0,0
2002,420444,2,1,0,0,0,0,0,0,0,0,0,0
2002,420444,3,1,0,0,0,0,0,0,0,0,0,0
2002,420445,1,1,0,0,0,0,0,0,0,0,0,0
2002,420445,2,1,0,0,0,0,0,0,0,0,0,0
2002,420446,1,1,0,0,0,0,0,0,0,0,0,0
2002,420446,2,1,0,0,0,0,0,0,0,0,0,0
2002,420447,1,1,0,0,0,0,0,0,0,0,0,0
2002,420447,2,1,0,0,0,0,0,0,0,0,0,0
2002,420448,0,1,0,0,0,0,0,0,0,0,0,0
2002,420448,1,1,0,0,0,0,0,0,0,0,0,0
2002,420449,1,1,0,0,0,0,0,0,0,0,0,0
2002,420450,0,1,22,15,18,29,24,12,28,16,32,32
2002,420450,1,1,0,0,0,0,0,0,0,0,0,0
2002,420451,0,1,0,54,25,19,17,0,18,0,0,38
2002,420451,1,1,0,0,0,0,0,0,0,0,0,0
2002,420452,1,1,0,0,0,0,0,0,0,0,0,0
2002,420453,1,1,0,0,0,0,0,0,0,0,0,0
2002,420453,2,1,0,0,23,0,0,0,0,0,0,0
2002,420454,1,1,21,21,21,21,21,21,21,21,21,21
2002,420455,1,1,0,0,0,0,0,0,0,0,0,0
2002,420455,2,1,0,0,0,0,0,0,0,0,0,0
2002,420456,1,1,27,27,27,27,27,27,27,27,27,27
2002,420457,1,1,28,28,28,28,28,28,28,28,28,28
2002,420458,1,1,0,0,0,0,0,0,0,0,0,0
2002,420458,2,1,0,0,0,0,0,0,0,0,0,0
2002,420458,3,1,0,0,0,0,0,0,0,0,0,0
2002,420459,1,1,0,0,0,0,0,0,0,0,0,0
2002,420459,2,1,0,0,0,0,0,0,0,0,0,0
2002,420460,1,1,0,0,0,0,0,0,0,0,0,0
2002,420460,2,1,0,0,0,0,0,0,0,0,0,0
2002,420461,1,1,1,1,1,1,1,1,1,1,1,1
2002,420461,2,1,0,0,0,0,0,0,0,0,0,0
2002,420462,1,1,20,20,20,20,20,20,20,20,20,20
2002,420463,1,1,26,26,26,26,26,26,26,26,26,26
2002,420464,0,1,0,0,0,0,0,0,0,0,0,0
2002,420464,1,1,3,3,3,3,3,3,3,3,3,3
2002,420465,1,1,0,0,0,0,0,0,0,0,0,0
2002,420465,2,1,0,0,0,0,0,0,0,0,0,0
2002,420465,3,1,0,0,0,0,0,0,0,0,0,0
2002,420466,1,1,0,0,0,0,0,0,0,0,0,0
2002,420466,2,1,0,0,0,0,0,0,0,0,0,0
2002,420467,1,1,22,22,22,22,22,22,22,22,22,22
2002,420468,0,1,25,25,25,25,25,25,25,25,25,25
2002,420468,1,1,0,0,0,0,0,0,0,0,0,0
2002,420469,1,1,0,0,0,0,0,0,0,0,0,0
2002,420469,2,1,0,0,0,0,0,0,0,0,0,0
2002,420469,3,1,0,0,0,0,0,0,0,0,0,0
2002,420470,1,1,0,0,0,0,0,0,0,0,0,0
2002,420470,2,1,0,0,0,0,0,0,0,0,0,0
2002,420470,3,1,0,0,0,0,0,0,0,0,0,0
2002,420470,4,1,0,0,0,0,0,0,0,0,0,0
2002,420471,1,1,0,0,0,0,0,0,0,0,0,0
2002,420471,2,1,0,0,0,0,0,0,0,0,0,0
2002,420472,1,1,0,0,0,0,0,0,0,0,0,0
2002,420473,1,1,0,0,0,0,0,0,0,0,0,0
2002,420473,2,1,0,0,0,0,0,0,0,0,0,0
2002,420474,0,1,0,0,0,0,0,0,0,0,0,0
2002,420474,0,2,0,0,0,0,0,0,0,0,0,0
2002,420474,0,3,2,0,0,0,0,0,0,0,0,0
2002,420474,0,4,0,0,0,0,0,0,0,8,0,0
2002,420474,1,1,0,0,0,0,0,0,0,0,0,0
2002,420475,1,1,0,0,18,0,0,0,0,0,0,0
2002,420475,2,1,0,0,0,0,0,0,0,0,0,0
2002,420476,1,1,6,6,6,6,6,6,6,6,6,6
2002,420476,2,1,6,6,6,6,6,6,6,6,6,6
2002,420477,1,1,0,0,7,23,19,12,0,0,0,0
2002,420478,1,1,9,9,9,9,9,9,9,9,9,9
2002,420479,1,1,16,7,7,13,15,14,13,11,7,19
2002,420480,1,1,0,0,0,0,0,0,0,0,0,0
2002,420480,2,1,0,0,0,0,0,0,0,0,0,0
2002,420480,3,1,0,0,0,0,0,0,0,0,0,0
2002,420481,0,1,0,0,11,0,0,0,0,0,0,0
2002,420481,0,2,0,0,0,0,0,0,0,0,0,0
2002,420481,1,1,0,0,0,0,0,0,0,0,0,0
2002,420482,1,1,0,0,0,0,0,0,0,0,0,0
2002,420483,1,1,0,0,0,0,0,0,0,0,0,0
2002,420483,2,1,0,0,0,0,0,0,0,0,0,0
2002,420484,1,1,0,0,0,0,0,0,0,0,0,0
2002,420485,1,1,22,22,22,22,22,22,22,22,22,22
2002,420486,1,1,31,31,31,31,31,31,31,31,31,31
2002,420487,1,1,0,0,0,0,0,0,0,0,0,0
2002,420488,1,1,0,0,0,0,0,0,0,0,0,0
2002,420488,2,1,0,0,0,0,0,0,0,0,0,0
2002,420489,1,1,0,0,0,0,0,0,0,0,0,0
2002,420489,2,1,0,0,0,0,0,0,0,0,0,0
2002,420489,3,1,0,0,0,0,0,0,0,0,0,0
2002,420489,4,1,0,0,0,0,0,0,0,0,0,0
2002,420490,1,1,18,18,18,18,18,18,18,18,18,18
2002,420491,1,1,0,0,0,0,0,0,0,0,0,0
2002,420491,2,1,0,0,0,0,0,0,0,0,0,0
2002,420491,3,1,0,0,0,0,0,0,0,0,0,0
2002,420492,1,1,4,4,4,4,4,4,4,4,4,4
2002,420493,1,1,21,21,21,21,21,21,21,21,21,21
2002,420494,1,1,0,0,0,0,0,0,0,0,0,0
2002,420495,1,1,6,6,6,6,6,6,6,6,6,6
2002,420496,0,1,0,0,0,0,35,0,21,0,8,0
2002,420496,1,1,0,0,0,0,0,0,0,0,0,0
2002,420497,1,1,0,0,0,0,0,0,0,0,0,0
2002,420498,1,1,0,0,0,0,0,0,0,0,0,0
2002,420499,1,1,25,26,14,24,11,19,9,8,12,26
2002,420500,1,1,19,19,19,19,19,19,19,19,19,19
2002,420500,2,1,11,3,0,0,7,7,18,11,0,9
2002,420501,1,1,14,14,14,14,14,14,14,14,14,14
2002,420502,1,1,0,0,0,0,0,0,0,0,0,0
2002,420502,2,1,0,0,0,0,0,0,0,0,0,0
2002,420503,0,1,0,0,0,0,0,0,0,0,0,0
2002,420503,1,1,0,0,18,0,0,0,0,0,0,0
2002,420504,1,1,11,11,11,11,11,11,11,11,11,11
2002,420504,2,1,0,0,0,0,0,0,0,0,0,0
2002,420504,3,1,0,0,0,0,0,0,0,0,0,0
2002,420505,1,1,15,15,15,15,15,15,15,15,15,15
2002,420505,2,1,0,0,0,0,0,0,0,0,0,0