YEAR,ST_CASE,veh_no,per_no,P1,P2,P3,P4,P5,P6,P7,P8,P9,P10
2002,420506,1,1,0,0,0,0,0,0,0,0,0,0
2002,420506,2,1,0,0,0,0,0,0,0,0,0,22
2002,420506,3,1,0,0,14,0,0,0,0,0,0,0
2002,420507,1,1,0,0,0,0,0,0,0,0,0,0
2002,420507,2,1,0,0,0,0,0,0,0,0,0,0
2002,420508,1,1,0,0,13,0,0,0,0,0,0,0
2002,420508,2,1,0,0,0,0,0,0,0,0,0,0
2002,420509,0,1,24,24,24,24,24,24,24,24,24,24
2002,420509,1,1,0,26,0,23,0,0,3,0,0,0
2002,420510,0,1,0,0,0,0,0,0,0,0,0,0
2002,420510,1,1,0,0,0,0,0,0,0,0,0,0
2002,420511,0,1,0,0,0,0,0,0,0,0,0,0
2002,420511,1,1,0,0,0,0,0,0,0,0,0,0
2002,420512,0,1,0,0,0,0,0,0,0,0,0,0
2002,420512,1,1,0,0,0,0,0,0,0,0,0,0
2002,420513,1,1,12,12,12,12,12,12,12,12,12,12
2002,420513,2,1,0,0,0,0,0,0,0,0,0,0
2002,420513,3,1,0,0,0,0,0,0,0,0,0,0
2002,420514,0,1,33,33,33,33,33,33,33,33,33,33
2002,420514,1,1,19,0,13,16,0,9,16,14,0,13
2002,420515,1,1,0,0,0,0,0,0,0,0,0,0
2002,420516,1,1,0,0,0,0,0,0,0,0,0,0
2002,420516,2,1,0,0,0,0,0,0,0,0,0,0
2002,420517,1,1,0,0,0,0,0,0,0,0,0,0
2002,420518,1,1,6,6,6,6,6,6,6,6,6,6
2002,420519,1,1,0,0,0,0,0,0,0,0,0,0
2002,420519,2,1,0,0,0,0,0,0,0,0,0,0
2002,420520,0,1,0,0,0,0,12,0,0,0,0,0
2002,420520,1,1,0,0,0,0,0,0,0,0,0,0
2002,420520,2,1,0,0,0,0,0,0,0,0,0,0
2002,420521,1,1,0,0,0,0,0,0,0,0,0,0
2002,420521,2,1,0,0,0,0,0,0,0,0,0,0
2002,420522,1,1,0,0,0,0,0,0,0,0,0,0
2002,420523,1,1,0,0,0,0,0,0,0,0,0,0
2002,420523,2,1,0,0,0,0,0,0,0,0,0,0
2002,420524,1,1,30,30,30,30,30,30,30,30,30,30
2002,420525,1,1,0,0,0,0,0,0,0,0,0,0
2002,420526,1,1,0,0,0,0,0,0,0,0,0,0
2002,420526,2,1,0,0,0,0,0,0,0,0,0,0
2002,420526,3,1,0,0,0,0,0,0,0,0,0,0
2002,420527,0,1,0,0,0,0,0,0,0,0,0,0
2002,420527,1,1,0,0,0,0,0,0,0,0,0,0
2002,420528,1,1,0,0,0,0,0,0,0,0,0,0
2002,420529,1,1,0,0,0,0,0,0,0,0,0,0
2002,420529,2,1,0,0,0,0,0,0,0,0,0,0
2002,420530,0,1,0,0,0,0,0,0,0,0,0,0
2002,420530,1,1,0,0,0,0,0,0,0,0,0,0
2002,420531,1,1,0,0,0,0,0,0,0,0,0,0
2002,420532,1,1,0,0,0,0,0,0,0,0,0,0
2002,420532,2,1,0,0,0,0,0,0,0,0,0,0
2002,420533,1,1,10,10,10,10,10,10,10,10,10,10
2002,420533,2,1,0,0,0,0,0,0,0,0,0,0
2002,420534,1,1,0,0,0,0,0,0,0,0,16,0
2002,420534,2,1,0,0,0,0,0,0,0,0,0,0
2002,420535,1,1,0,0,0,0,0,0,0,13,0,0
2002,420535,2,1,0,0,0,0,0,0,0,0,0,0
2002,420535,3,1,0,0,0,0,0,0,0,0,0,0
2002,420536,1,1,0,0,0,0,0,0,0,0,0,0
2002,420537,1,1,26,26,26,26,26,26,26,26,26,26
2002,420538,1,1,0,0,0,0,0,0,0,0,0,0
2002,420539,1,1,0,0,0,0,0,0,0,0,0,0
2002,420540,1,1,31,31,31,31,31,31,31,31,31,31
2002,420540,2,1,18,18,18,18,18,18,18,18,18,18
2002,420541,0,1,0,0,0,0,0,0,0,0,0,0
2002,420541,1,1,0,0,0,0,0,0,0,0,0,0
2002,420542,1,1,0,0,0,0,0,0,0,0,0,0
2002,420542,2,1,0,0,0,0,0,0,0,0,0,0
2002,420542,3,1,0,0,0,0,0,0,0,0,0,0
2002,420543,1,1,0,0,0,0,0,0,0,0,0,0
2002,420544,1,1,0,0,0,0,0,0,0,0,0,0
2002,420544,2,1,0,0,0,0,0,0,0,0,0,0
2002,420545,1,1,0,0,0,0,0,0,0,0,0,0
2002,420546,1,1,0,0,0,0,0,0,0,0,0,0
2002,420546,2,1,0,0,0,0,0,0,0,0,0,0
2002,420547,1,1,0,0,0,0,0,0,0,0,0,0
2002,420547,2,1,0,0,0,0,0,0,0,0,0,0
2002,420548,1,1,0,0,0,0,0,0,0,0,0,0
2002,420549,1,1,21,21,21,21,21,21,21,21,21,21
2002,420550,1,1,0,0,7,0,0,6,0,0,0,0
2002,420551,1,1,12,12,12,12,12,12,12,12,12,12
2002,420552,1,1,16,16,16,16,16,16,16,16,16,16
2002,420553,1,1,15,15,15,15,15,15,15,15,15,15
2002,420554,1,1,5,5,5,5,5,5,5,5,5,5
2002,420555,1,1,14,14,14,14,14,14,14,14,14,14
2002,420556,1,1,0,0,0,0,0,0,0,0,0,0
2002,420557,1,1,0,0,0,0,0,0,0,0,0,0
2002,420558,0,1,0,0,0,0,0,0,0,0,0,0
2002,420558,1,1,0,0,0,0,0,0,0,0,0,0
2002,420559,1,1,0,0,0,0,0,0,0,0,0,0
2002,420560,1,1,0,0,0,0,0,0,0,0,0,0
2002,420560,2,1,0,0,0,0,0,0,0,0,0,0
2002,420561,1,1,5,5,5,5,5,5,5,5,5,5
2002,420561,2,1,0,0,0,0,6,0,0,0,0,0
2002,420562,1,1,21,21,21,21,21,21,21,21,21,21
2002,420563,1,1,40,40,40,40,40,40,40,40,40,40
2002,420564,1,1,0,11,0,0,0,0,0,40,0,0
2002,420565,1,1,0,0,0,0,0,0,0,0,0,0
2002,420565,2,1,0,0,0,0,6,0,0,0,0,0
2002,420565,3,1,0,0,0,0,0,0,0,0,0,0
2002,420566,1,1,0,0,0,27,0,0,0,0,0,0
2002,420566,2,1,0,0,0,0,0,0,0,0,0,0
2002,420567,1,1,14,14,14,14,14,14,14,14,14,14
2002,420567,2,1,24,15,13,12,9,10,8,16,16,19
2002,420568,1,1,15,15,15,15,15,15,15,15,15,15
2002,420569,1,1,0,9,14,18,0,13,0,6,7,16
2002,420570,1,1,13,13,13,13,13,13,13,13,13,13
2002,420570,2,1,0,0,0,0,0,0,0,0,0,0
2002,420571,1,1,0,0,0,0,0,0,0,0,0,0
2002,420571,2,1,0,0,0,0,0,0,0,0,0,0
2002,420572,1,1,0,0,0,0,0,0,0,0,0,0
2002,420573,0,1,18,0,8,18,19,26,0,0,14,0
2002,420573,0,2,0,0,4,0,13,0,0,0,0,0
2002,420573,1,1,26,26,26,26,26,26,26,26,26,26
2002,420573,2,1,0,0,0,0,6,0,0,0,0,0
2002,420574,1,1,0,0,0,0,0,0,0,0,0,0
2002,420574,2,1,0,0,0,0,0,0,0,0,0,0
2002,420575,1,1,0,0,0,0,0,0,0,0,0,0
2002,420577,1,1,0,0,0,0,0,0,0,0,0,0
2002,420577,2,1,0,0,0,0,0,0,0,0,0,0
2002,420578,0,1,0,0,0,0,0,0,0,0,0,0
2002,420578,1,1,0,0,0,35,16,0,0,0,0,0
2002,420579,1,1,0,0,0,0,0,0,0,0,0,0
2002,420579,2,1,0,0,0,0,0,0,0,0,0,0
2002,420580,1,1,0,0,0,0,0,0,0,0,0,0
2002,420580,2,1,0,0,0,0,0,0,0,0,0,0
2002,420581,1,1,7,7,7,7,7,7,7,7,7,7
2002,420581,2,1,0,0,0,0,0,0,0,0,0,0
2002,420582,1,1,0,0,0,0,0,0,0,0,0,0
2002,420582,2,1,15,0,0,0,0,0,0,0,0,0
2002,420583,1,1,0,0,0,0,0,0,0,0,0,0
2002,420583,2,1,0,0,0,0,0,0,0,0,0,0
2002,420584,1,1,10,10,10,10,10,10,10,10,10,10
2002,420585,1,1,0,0,0,0,0,0,0,0,0,0
2002,420586,1,1,31,31,31,31,31,31,31,31,31,31
2002,420586,2,1,0,0,0,0,0,0,0,0,0,0
2002,420587,1,1,22,22,22,22,22,22,22,22,22,22
2002,420588,1,1,0,0,0,0,0,0,0,0,0,0
2002,420589,1,1,0,0,0,0,0,0,0,0,0,0
2002,420589,2,1,0,0,0,0,0,0,0,0,0,0
2002,420590,1,1,0,0,0,0,0,0,0,0,0,0
2002,420590,2,1,0,0,0,0,0,0,0,0,0,0
2002,420591,1,1,0,0,0,0,0,0,0,0,0,0
2002,420591,2,1,0,0,0,0,0,0,0,0,0,0
2002,420592,1,1,0,0,0,0,0,0,0,0,0,0
2002,420593,1,1,0,0,0,0,0,0,0,0,0,0
2002,420593,2,1,0,0,0,0,0,0,0,0,0,0
2002,420594,1,1,10,10,10,10,10,10,10,10,10,10
2002,420595,1,1,26,26,26,26,26,26,26,26,26,26
2002,420596,1,1,11,11,11,11,11,11,11,11,11,11
2002,420597,1,1,0,0,0,0,0,0,0,0,0,0
2002,420597,2,1,0,0,0,0,0,0,0,0,0,0
2002,420598,1,1,14,0,0,10,12,0,0,0,0,9
2002,420598,2,1,32,9,30,18,17,24,13,13,14,15
2002,420599,1,1,34,34,34,34,34,34,34,34,34,34
2002,420600,1,1,0,0,0,0,0,0,0,0,0,0
2002,420601,1,1,12,1,24,8,22,8,11,17,19,12
2002,420601,2,1,0,0,0,0,0,0,0,0,0,0
2002,420602,1,1,0,0,0,0,0,0,0,0,0,0
2002,420602,2,1,0,0,0,0,0,0,0,0,0,0
2002,420603,1,1,0,0,0,0,0,0,0,0,0,0
2002,420604,1,1,12,12,12,12,12,12,12,12,12,12
2002,420605,1,1,0,0,0,0,0,0,0,0,0,0
2002,420605,2,1,1,1,1,1,1,1,1,1,1,1
2002,420606,1,1,0,0,0,0,0,0,0,0,0,0
2002,420607,1,1,5,5,5,5,5,5,5,5,5,5
2002,420608,1,1,21,21,21,21,21,21,21,21,21,21
2002,420609,1,1,0,0,0,0,0,0,0,0,0,0
2002,420609,2,1,0,0,0,0,0,0,0,0,0,0
2002,420610,1,1,17,17,17,17,17,17,17,17,17,17
2002,420610,2,1,0,0,0,0,0,10,0,0,0,0
2002,420611,1,1,18,18,18,18,18,18,18,18,18,18
2002,420612,0,1,0,0,0,0,0,0,0,0,0,0
2002,420612,1,1,0,0,0,0,0,0,0,0,0,0
2002,420613,1,1,0,0,0,0,0,0,0,0,0,0
2002,420614,1,1,29,29,29,29,29,29,29,29,29,29
2002,420614,2,1,0,0,0,0,0,0,0,0,0,0
2002,420615,1,1,18,18,18,18,18,18,18,18,18,18
2002,420616,1,1,0,0,0,0,0,0,0,0,0,0
2002,420616,2,1,0,0,0,0,0,0,0,0,0,0
2002,420617,0,1,0,14,0,9,0,0,9,0,0,0
2002,420617,1,1,9,13,15,0,22,11,17,18,8,21
2002,420618,1,1,23,23,23,23,23,23,23,23,23,23
2002,420619,1,1,0,0,0,0,0,0,0,0,0,0
2002,420620,1,1,0,0,0,0,0,0,0,0,0,0
2002,420621,0,1,0,0,0,13,0,13,0,0,27,13
2002,420621,1,1,0,0,0,0,0,0,18,0,0,0
2002,420622,1,1,19,19,19,19,19,19,19,19,19,19
2002,420622,2,1,7,7,7,7,7,7,7,7,7,7
2002,420623,1,1,0,0,0,0,0,0,0,0,0,0
2002,420624,1,1,7,7,7,7,7,7,7,7,7,7
2002,420624,2,1,0,0,0,0,0,0,0,0,0,0
2002,420624,3,1,0,0,0,0,0,0,0,0,0,0
2002,420625,1,1,0,0,0,0,0,0,0,0,0,0
2002,420625,2,1,0,0,0,0,0,0,0,0,0,0
2002,420626,1,1,29,29,29,29,29,29,29,29,29,29
2002,420627,1,1,9,17,4,14,12,0,24,16,14,12
2002,420628,1,1,18,18,18,18,18,18,18,18,18,18
2002,420629,1,1,11,11,11,11,11,11,11,11,11,11
2002,420629,2,1,0,28,0,0,13,18,12,24,31,28
2002,420629,3,1,0,0,0,0,0,0,0,0,0,0
2002,420630,1,1,17,17,17,17,17,17,17,17,17,17
2002,420631,1,1,1,1,1,1,1,1,1,1,1,1
2002,420632,1,1,0,0,0,0,0,0,0,0,0,0
2002,420632,2,1,0,0,0,0,0,0,0,0,0,0
2002,420632,3,1,0,0,0,0,0,0,0,0,0,0
2002,420633,1,1,22,0,23,18,0,18,21,27,28,9
2002,420633,2,1,0,0,0,0,0,0,0,0,0,0
2002,420634,1,1,0,0,0,0,0,0,0,0,12,0
2002,420635,0,1,0,0,0,0,0,0,0,0,0,0
2002,420635,1,1,0,0,0,0,0,0,0,0,0,0
2002,420636,0,1,0,0,0,0,0,16,0,14,24,0
2002,420636,1,1,0,0,0,0,0,0,0,0,0,0
2002,420636,2,1,9,0,16,0,0,0,0,0,11,0
2002,420637,1,1,10,10,10,10,10,10,10,10,10,10
2002,420638,1,1,24,24,24,24,24,24,24,24,24,24
2002,420639,1,1,6,0,0,0,0,0,0,0,0,0
2002,420639,2,1,0,0,0,0,0,0,0,0,0,0
2002,420640,1,1,0,0,0,0,0,0,0,0,0,0
2002,420640,2,1,0,0,0,0,0,0,0,0,0,0
2002,420641,1,1,0,0,0,0,0,0,0,0,0,0
2002,420641,2,1,0,0,0,0,0,0,0,0,0,0
2002,420642,0,1,0,0,0,0,0,0,0,0,0,0
2002,420642,1,1,0,0,0,0,0,0,0,0,0,0
2002,420643,1,1,0,0,0,0,0,0,0,0,0,0
2002,420643,2,1,0,0,0,0,0,0,0,0,0,0
2002,420644,1,1,24,24,24,24,24,24,24,24,24,24
2002,420645,1,1,0,0,0,0,0,0,0,0,0,0
2002,420645,2,1,0,0,0,0,0,0,0,0,0,0
2002,420646,1,1,11,11,11,11,11,11,11,11,11,11
2002,420647,1,1,27,27,27,27,27,27,27,27,27,27
2002,420648,1,1,0,0,0,0,0,0,0,0,0,0
2002,420648,2,1,0,0,0,0,0,0,0,0,0,0
2002,420649,1,1,13,13,13,13,13,13,13,13,13,13
2002,420649,2,1,10,0,0,0,0,4,16,0,7,0
2002,420650,1,1,0,0,0,0,0,0,0,0,0,0
2002,420650,2,1,0,0,0,0,0,0,0,0,0,0
2002,420651,1,1,7,7,7,7,7,7,7,7,7,7
2002,420652,1,1,0,0,0,0,0,0,0,0,0,0
2002,420653,1,1,0,0,0,0,0,0,0,0,0,0
2002,420653,2,1,0,0,0,0,0,0,0,0,0,0
2002,420653,3,1,2,2,2,2,2,2,2,2,2,2
2002,420654,1,1,0,0,0,0,0,0,0,0,0,0
2002,420654,2,1,0,0,0,0,0,0,0,0,0,0
2002,420655,1,1,0,0,0,0,0,0,0,0,0,0
2002,420656,1,1,0,0,0,0,0,0,0,0,0,0
2002,420656,2,1,0,0,0,0,0,0,0,0,0,0
2002,420657,1,1,0,0,0,0,0,0,0,0,0,0
2002,420657,2,1,0,0,0,0,0,0,0,0,0,0
2002,420658,1,1,22,22,22,22,22,22,22,22,22,22
2002,420658,2,1,0,0,0,0,0,0,0,0,0,0
2002,420659,1,1,18,18,18,18,18,18,18,18,18,18
2002,420659,2,1,0,0,0,0,0,0,0,0,0,0
2002,420660,1,1,0,0,0,0,0,0,0,0,0,0
2002,420660,2,1,0,0,0,0,0,0,0,0,0,0
2002,420661,1,1,0,0,0,0,0,0,0,0,0,0
2002,420661,2,1,0,0,0,0,0,18,0,0,0,0
2002,420662,1,1,9,0,0,0,0,0,0,0,0,0
2002,420663,1,1,0,0,0,0,0,0,0,0,0,0
2002,420663,2,1,0,0,0,0,0,0,0,0,0,0
2002,420664,1,1,14,14,14,14,14,14,14,14,14,14
2002,420665,1,1,12,12,12,12,12,12,12,12,12,12
2002,420666,1,1,0,0,0,0,0,0,0,0,0,0
2002,420666,2,1,0,0,0,0,0,0,0,0,0,0
2002,420667,1,1,0,0,0,0,0,0,0,0,0,10
2002,420667,2,1,0,0,0,0,13,0,0,0,0,0
2002,420668,1,1,20,20,20,20,20,20,20,20,20,20
2002,420668,2,1,0,0,0,0,0,0,0,0,0,0
2002,420669,1,1,0,0,0,0,0,0,0,0,0,0
2002,420669,2,1,0,0,0,0,0,0,0,0,0,0
2002,420670,1,1,0,0,0,0,0,0,0,0,0,0
2002,420670,2,1,0,0,0,0,0,7,0,0,0,0
2002,420671,1,1,22,22,22,22,22,22,22,22,22,22
2002,420672,1,1,17,17,17,17,17,17,17,17,17,17
2002,420673,1,1,0,0,0,0,0,0,0,0,0,0
2002,420674,1,1,21,21,21,21,21,21,21,21,21,21
2002,420675,1,1,15,15,15,15,15,15,15,15,15,15
2002,420676,1,1,0,0,0,0,0,0,0,0,0,0
2002,420677,1,1,26,17,22,12,12,14,9,21,19,7
2002,420677,2,3,40,0,13,0,0,0,10,0,0,0
2002,420678,1,1,21,21,21,21,21,21,21,21,21,21
2002,420679,1,1,15,15,15,15,15,15,15,15,15,15
2002,420679,2,1,0,0,0,0,0,0,0,0,0,0
2002,420680,1,1,0,0,0,0,0,0,0,0,0,0
2002,420680,2,1,0,0,0,0,0,0,0,0,0,0
2002,420681,1,1,0,0,0,0,0,0,0,0,0,0
2002,420681,2,1,0,0,0,0,0,0,0,0,0,0
2002,420682,1,1,11,11,11,11,11,11,11,11,11,11
2002,420683,1,1,0,0,0,0,0,0,0,0,0,0
2002,420683,2,1,0,0,0,0,0,0,0,9,0,0
2002,420684,1,1,17,17,17,17,17,17,17,17,17,17
2002,420684,2,1,0,0,0,28,0,0,0,0,0,20
2002,420685,1,1,24,24,24,24,24,24,24,24,24,24
2002,420686,1,1,0,0,0,0,0,0,0,0,0,0
2002,420686,2,1,0,0,0,0,0,0,0,0,0,0
2002,420687,1,1,9,9,9,9,9,9,9,9,9,9
2002,420688,1,1,18,18,18,18,18,18,18,18,18,18
2002,420688,2,1,0,0,0,0,0,0,0,0,0,0
2002,420689,1,1,21,21,21,21,21,21,21,21,21,21
2002,420690,1,1,0,0,0,0,0,0,0,0,0,0
2002,420691,1,1,0,0,0,0,0,0,0,0,0,0
2002,420691,2,1,0,0,0,0,0,0,0,0,8,0
2002,420692,1,1,21,21,21,21,21,21,21,21,21,21
2002,420693,1,1,0,0,0,0,0,0,0,0,0,0
2002,420693,2,1,0,0,0,0,0,0,0,12,0,0
2002,420694,1,1,5,5,5,5,5,5,5,5,5,5
2002,420695,1,1,0,0,0,0,0,0,0,0,0,0
2002,420696,1,1,13,13,13,13,13,13,13,13,13,13
2002,420697,1,1,0,0,0,0,0,0,0,0,0,0
2002,420698,1,1,5,5,5,5,5,5,5,5,5,5
2002,420698,2,1,0,0,0,0,0,0,0,0,0,0
2002,420699,1,1,18,18,18,18,18,18,18,18,18,18
2002,420700,1,1,0,0,0,0,0,0,0,0,0,0
2002,420700,2,1,0,0,0,0,0,0,0,0,0,0
2002,420701,1,1,0,0,0,0,0,0,0,0,0,0
2002,420701,2,1,0,0,0,0,0,0,0,0,0,0
2002,420702,1,1,0,0,0,0,0,0,0,0,0,0
2002,420703,1,1,0,0,0,0,0,0,0,0,0,0
2002,420703,2,1,0,0,0,0,0,0,0,0,0,0
2002,420704,1,1,0,0,0,0,18,0,0,0,0,8
2002,420705,1,1,0,0,0,0,0,0,23,16,0,0
2002,420705,2,1,0,0,0,0,0,0,0,0,0,0
2002,420706,1,1,20,20,20,20,20,20,20,20,20,20
2002,420706,2,1,7,7,7,7,7,7,7,7,7,7
2002,420706,3,1,12,12,12,12,12,12,12,12,12,12
2002,420707,1,1,0,0,0,20,19,0,14,14,0,0
2002,420708,1,1,0,0,0,0,0,0,0,0,0,0
2002,420709,1,1,0,0,0,0,0,0,0,0,0,0
2002,420710,1,1,18,18,18,18,18,18,18,18,18,18
2002,420711,1,1,0,0,0,0,0,0,0,0,0,0
2002,420712,1,1,0,0,0,0,0,0,0,0,0,0
2002,420712,2,1,0,0,0,0,0,0,0,0,0,0
2002,420713,0,1,0,0,0,0,0,0,0,0,0,0
2002,420713,1,1,0,0,0,10,0,0,0,4,0,2
2002,420714,1,1,12,12,12,12,12,12,12,12,12,12
2002,420715,1,1,37,37,37,37,37,37,37,37,37,37
2002,420716,1,1,40,40,40,40,40,40,40,40,40,40
2002,420716,2,1,0,0,0,0,0,0,0,0,0,0
2002,420717,1,1,0,0,0,0,8,0,0,0,0,0
2002,420717,2,1,0,0,0,0,0,0,0,0,0,0
2002,420718,1,1,0,0,0,0,0,0,0,0,0,0
2002,420719,1,1,6,6,6,6,6,6,6,6,6,6
2002,420720,1,1,17,17,17,17,17,17,17,17,17,17
2002,420721,1,1,0,0,0,0,0,0,0,0,0,0
2002,420721,2,1,0,0,0,0,0,0,0,0,0,0
2002,420722,1,1,16,16,16,16,16,16,16,16,16,16
2002,420723,1,1,0,0,0,0,0,0,0,0,0,0
2002,420723,2,1,0,0,0,0,0,0,0,0,0,27
2002,420724,1,1,0,0,0,0,0,0,0,0,0,0
2002,420724,2,1,0,0,0,17,0,0,0,0,29,0
2002,420725,0,1,0,0,0,0,0,0,0,0,0,0
2002,420725,1,1,0,0,0,0,0,0,0,0,0,0
2002,420726,1,1,16,16,16,16,16,16,16,16,16,16
2002,420727,1,1,0,0,0,0,0,0,0,0,0,0
2002,420728,1,1,14,26,0,8,6,0,17,17,8,13
2002,420729,1,1,0,0,0,0,0,0,0,0,0,0
2002,420729,2,1,0,0,0,0,0,0,0,0,0,0
2002,420729,3,1,0,0,13,0,0,0,0,0,0,0
2002,420730,1,1,0,0,0,0,0,0,0,0,0,0
2002,420731,1,1,0,0,0,0,0,0,0,0,0,0
2002,420731,2,1,0,0,0,0,0,0,0,0,0,0
2002,420731,3,1,0,0,0,0,0,0,0,0,0,0
2002,420732,0,1,0,0,0,0,0,0,0,0,0,0
2002,420732,1,1,3,3,3,3,3,3,3,3,3,3
2002,420733,1,1,15,15,15,15,15,15,15,15,15,15
2002,420734,1,1,13,13,13,13,13,13,13,13,13,13
2002,420735,1,1,15,15,15,15,15,15,15,15,15,15
2002,420736,0,1,0,0,0,0,0,0,0,0,0,0
2002,420736,1,1,0,0,0,0,0,0,0,0,0,0
2002,420737,1,1,6,6,6,6,6,6,6,6,6,6
2002,420737,2,1,22,0,8,0,11,0,0,19,7,5
2002,420738,1,1,29,29,29,29,29,29,29,29,29,29
2002,420739,1,1,0,0,0,0,0,0,0,0,0,0
2002,420739,2,1,0,0,0,0,0,0,0,0,0,0
2002,420739,3,1,3,3,3,3,3,3,3,3,3,3
2002,420739,4,1,0,0,0,0,0,20,0,0,0,0
2002,420740,1,1,23,23,23,23,23,23,23,23,23,23
2002,420741,1,1,0,0,0,0,0,0,0,0,0,0
2002,420742,1,1,0,0,0,0,0,0,0,0,0,0
2002,420742,2,1,0,0,0,0,0,0,0,15,0,0
2002,420743,1,1,4,0,10,0,0,0,0,0,0,0
2002,420744,1,1,18,18,18,18,18,18,18,18,18,18
2002,420745,1,1,9,9,9,9,9,9,9,9,9,9
2002,420746,1,1,0,0,0,0,0,0,0,0,0,0
2002,420747,1,1,0,0,0,0,0,0,0,0,0,0
2002,420748,1,1,0,0,0,0,21,0,0,0,0,0
2002,420748,2,1,0,0,0,0,0,0,0,0,0,0
2002,420749,0,1,0,0,0,0,0,0,0,0,0,0
2002,420749,1,1,0,0,0,0,0,0,0,0,0,0
2002,420750,1,1,19,19,19,19,19,19,19,19,19,19
2002,420750,2,1,0,0,0,0,0,0,0,0,0,0
2002,420751,0,1,0,0,0,0,0,0,0,0,0,24
2002,420751,1,1,0,0,0,0,0,0,0,0,0,5
2002,420752,1,1,0,0,0,0,0,0,0,0,0,0
2002,420752,2,1,0,0,0,0,0,0,0,0,0,0
2002,420753,1,1,11,11,11,11,11,11,11,11,11,11
2002,420753,2,1,0,0,0,0,0,0,0,0,0,0
2002,420754,1,1,31,0,0,8,19,19,0,6,0,0
2002,420755,1,1,0,0,0,0,0,0,0,0,0,0
2002,420755,2,1,0,0,0,0,0,0,0,0,0,0
2002,420755,3,1,0,0,0,0,0,0,0,0,0,0
2002,420755,4,1,0,0,0,0,0,0,0,0,0,0
2002,420756,1,1,0,0,0,0,0,0,0,0,0,0
2002,420757,1,1,0,0,0,0,0,0,0,0,0,0
2002,420757,2,1,0,0,0,0,0,0,0,0,0,0
2002,420758,1,1,16,0,0,0,0,0,0,0,0,0
2002,420758,2,1,0,0,0,0,0,0,0,0,0,0
2002,420759,1,1,26,26,26,26,26,26,26,26,26,26
2002,420759,2,1,0,0,0,0,0,0,0,0,0,0
2002,420760,1,1,19,19,19,19,19,19,19,19,19,19
2002,420761,1,1,18,18,18,18,18,18,18,18,18,18
2002,420761,2,1,0,0,0,0,0,0,3,0,0,0
2002,420762,1,1,0,0,0,0,0,0,0,0,0,0
2002,420762,2,1,0,0,0,0,0,0,0,0,0,0
2002,420763,1,1,17,17,17,17,17,17,17,17,17,17
2002,420764,0,1,38,31,22,0,36,24,23,0,7,19
2002,420764,1,1,0,0,0,0,0,0,0,0,0,0
2002,420765,1,1,0,0,0,0,0,0,0,0,0,0
2002,420765,2,1,0,0,0,0,0,0,0,0,0,0
2002,420766,1,1,0,0,0,0,0,0,0,0,0,0
2002,420767,1,1,0,0,0,0,0,0,0,0,0,0
2002,420768,1,1,0,0,0,0,0,0,0,0,0,0
2002,420769,1,1,15,15,15,15,15,15,15,15,15,15
2002,420770,1,1,30,30,30,30,30,30,30,30,30,30
2002,420771,1,1,16,16,16,16,16,16,16,16,16,16
2002,420772,1,1,18,18,18,18,18,18,18,18,18,18
2002,420773,1,1,0,0,0,0,0,0,0,0,0,0
2002,420773,2,1,13,13,13,13,13,13,13,13,13,13
2002,420774,1,1,0,0,0,0,0,0,0,0,0,0
2002,420775,1,1,0,0,0,0,0,0,0,0,0,0
2002,420775,2,1,0,0,0,0,0,0,0,0,0,0
2002,420776,1,1,5,5,5,5,5,5,5,5,5,5
2002,420777,1,1,21,21,21,21,21,21,21,21,21,21
2002,420778,1,1,0,0,0,0,0,0,0,0,0,0
2002,420778,2,1,0,0,0,0,0,0,0,0,0,0
2002,420779,1,1,0,0,0,0,0,0,0,0,0,0
2002,420779,2,1,0,0,0,0,0,0,0,0,0,0
2002,420780,1,1,9,9,9,9,9,9,9,9,9,9
2002,420781,1,1,0,0,0,21,0,0,0,0,0,0
2002,420781,2,1,0,0,0,0,0,0,0,0,0,0
2002,420781,3,2,0,0,0,0,0,0,0,0,0,0
2002,420781,4,1,0,0,0,0,0,0,0,0,0,0
2002,420782,1,1,23,23,23,23,23,23,23,23,23,23
2002,420783,1,1,0,0,0,0,0,0,0,0,0,0
2002,420784,1,1,0,0,0,0,0,0,0,0,22,0
2002,420784,2,1,1,1,1,1,1,1,1,1,1,1
2002,420784,3,1,0,0,0,0,0,0,0,0,0,0
2002,420785,1,1,27,27,27,27,27,27,27,27,27,27
2002,420786,1,1,0,0,0,0,0,0,0,0,0,0
2002,420786,2,1,0,0,0,0,0,0,0,0,0,0
2002,420787,1,1,12,12,12,12,12,12,12,12,12,12
2002,420788,1,1,27,27,27,27,27,27,27,27,27,27
2002,420789,1,1,19,12,25,22,15,21,15,15,16,17
2002,420790,1,1,0,0,0,0,0,0,0,0,0,0
2002,420790,2,1,0,0,0,0,0,0,0,0,0,0
2002,420791,1,1,0,0,0,0,0,0,0,0,0,0
2002,420791,2,1,0,0,0,0,0,0,0,0,0,0
2002,420792,1,1,0,0,0,0,0,0,0,0,0,0