YEAR,ST_CASE,veh_no,per_no,P1,P2,P3,P4,P5,P6,P7,P8,P9,P10
2002,420792,2,1,0,0,0,0,0,0,0,0,0,0
2002,420793,1,1,0,0,0,0,0,0,0,0,0,0
2002,420793,2,1,0,0,0,0,0,0,0,0,0,0
2002,420794,1,1,0,0,0,0,0,0,0,0,0,0
2002,420794,2,1,0,0,0,0,0,0,0,0,0,0
2002,420795,1,1,0,0,0,0,0,0,0,0,0,0
2002,420796,1,1,19,19,19,19,19,19,19,19,19,19
2002,420797,1,1,0,0,0,0,0,0,0,0,0,0
2002,420798,1,1,0,0,0,0,0,0,0,0,0,0
2002,420799,1,1,26,26,26,26,26,26,26,26,26,26
2002,420800,1,1,0,0,0,0,0,0,0,0,0,0
2002,420800,2,1,0,0,0,0,0,0,0,0,0,0
2002,420802,0,1,0,0,0,0,0,0,0,0,0,0
2002,420802,1,1,0,0,0,0,0,0,0,0,0,0
2002,420803,1,1,9,9,9,9,9,9,9,9,9,9
2002,420804,1,1,0,0,0,0,0,0,0,0,0,0
2002,420804,2,1,0,0,0,0,0,0,0,0,0,0
2002,420805,1,1,18,18,18,18,18,18,18,18,18,18
2002,420806,1,1,17,17,17,17,17,17,17,17,17,17
2002,420807,1,1,19,19,19,19,19,19,19,19,19,19
2002,420808,1,1,0,0,0,0,0,0,0,0,0,0
2002,420809,1,1,28,28,28,28,28,28,28,28,28,28
2002,420810,1,1,0,0,0,0,0,0,0,0,0,0
2002,420810,2,1,21,0,0,0,0,0,0,0,0,0
2002,420811,1,1,0,0,0,0,0,0,0,0,0,0
2002,420811,2,1,0,0,0,0,0,0,0,0,0,0
2002,420812,1,1,18,18,18,18,18,18,18,18,18,18
2002,420813,1,1,0,0,0,0,0,0,0,0,0,0
2002,420813,2,1,0,0,0,0,0,0,0,0,0,0
2002,420814,1,1,0,0,0,0,0,0,0,0,0,0
2002,420815,1,1,0,0,0,0,0,0,0,0,0,0
2002,420816,1,1,14,14,14,14,14,14,14,14,14,14
2002,420817,1,1,19,19,19,19,19,19,19,19,19,19
2002,420818,1,1,0,0,0,0,0,0,0,0,0,0
2002,420818,2,1,0,0,0,0,0,0,0,0,9,0
2002,420819,1,1,0,0,0,0,0,0,0,0,0,0
2002,420819,2,1,0,0,0,0,0,0,0,0,0,0
2002,420819,3,1,0,0,0,0,0,0,0,0,0,0
2002,420820,1,1,0,9,16,4,9,10,5,13,3,21
2002,420821,1,1,0,0,0,0,0,0,0,0,0,0
2002,420821,2,1,0,0,0,0,0,0,0,0,0,0
2002,420822,1,1,0,0,0,0,0,0,0,0,0,0
2002,420823,1,1,16,18,25,25,6,10,26,18,13,11
2002,420824,1,1,22,22,22,22,22,22,22,22,22,22
2002,420825,1,1,23,23,23,23,23,23,23,23,23,23
2002,420826,1,1,16,16,16,16,16,16,16,16,16,16
2002,420827,1,1,30,30,30,30,30,30,30,30,30,30
2002,420827,2,1,0,0,0,0,0,0,0,0,0,0
2002,420828,1,1,20,20,20,20,20,20,20,20,20,20
2002,420829,1,1,0,0,0,0,0,0,0,0,0,0
2002,420830,1,1,22,22,22,22,22,22,22,22,22,22
2002,420831,1,1,0,0,0,0,0,0,0,0,0,0
2002,420832,1,1,6,6,6,6,6,6,6,6,6,6
2002,420833,1,1,0,0,0,0,0,0,0,0,0,0
2002,420833,2,1,0,0,0,0,0,0,0,0,0,0
2002,420834,1,1,5,5,5,5,5,5,5,5,5,5
2002,420835,1,1,20,14,34,23,30,8,22,28,14,18
2002,420836,1,1,0,0,0,0,0,0,0,0,0,0
2002,420837,1,1,10,10,10,10,10,10,10,10,10,10
2002,420838,1,1,0,0,0,0,0,0,0,0,0,0
2002,420839,1,1,0,0,0,0,0,0,0,0,0,0
2002,420840,1,1,14,14,14,14,14,14,14,14,14,14
2002,420841,1,1,0,0,0,0,0,0,17,0,0,0
2002,420841,2,1,0,0,0,0,0,0,0,0,0,0
2002,420842,1,1,0,0,0,0,0,0,0,0,0,0
2002,420842,2,1,0,0,17,0,0,0,0,0,0,0
2002,420843,1,1,25,25,25,25,25,25,25,25,25,25
2002,420844,1,1,26,26,26,26,26,26,26,26,26,26
2002,420845,1,1,24,20,21,21,8,0,0,14,12,18
2002,420846,1,1,27,27,27,27,27,27,27,27,27,27
2002,420847,1,1,29,15,31,5,13,13,9,10,16,6
2002,420848,1,1,0,0,0,0,0,0,0,0,0,0
2002,420848,2,1,0,0,0,0,0,0,0,0,0,0
2002,420848,3,1,0,0,0,0,0,0,0,0,0,0
2002,420849,1,1,0,0,0,0,0,0,0,0,0,0
2002,420850,1,1,0,0,0,0,0,0,0,0,0,0
2002,420850,2,1,0,9,0,0,0,7,0,0,0,0
2002,420851,1,1,0,0,0,0,0,0,0,0,14,0
2002,420851,2,1,0,0,0,0,0,0,0,0,0,0
2002,420851,3,1,0,0,0,0,0,0,0,0,0,0
2002,420851,4,1,0,0,0,14,0,7,0,6,0,0
2002,420852,1,1,0,0,0,0,0,0,0,0,0,0
2002,420853,1,1,28,28,28,28,28,28,28,28,28,28
2002,420854,1,1,25,25,25,25,25,25,25,25,25,25
2002,420855,1,1,0,0,0,0,0,0,0,0,0,0
2002,420856,1,1,3,3,3,3,3,3,3,3,3,3
2002,420856,2,1,0,4,0,0,0,0,0,0,0,0
2002,420857,1,1,0,0,0,0,0,0,0,0,0,0
2002,420858,1,1,0,0,0,0,0,0,0,0,0,0
2002,420858,2,1,0,0,0,0,0,0,0,0,0,0
2002,420859,0,1,3,0,0,0,0,0,0,0,0,0
2002,420859,1,1,0,0,0,0,0,0,0,0,0,0
2002,420860,1,1,13,13,13,13,13,13,13,13,13,13
2002,420861,1,1,0,0,0,0,0,0,0,0,0,0
2002,420862,1,1,14,14,14,14,14,14,14,14,14,14
2002,420863,1,1,0,0,0,0,0,0,0,0,0,0
2002,420863,2,1,0,0,0,0,0,0,0,0,0,0
2002,420864,1,1,21,21,21,21,21,21,21,21,21,21
2002,420865,0,1,0,0,0,0,0,0,0,0,21,0
2002,420865,1,1,0,6,0,0,0,0,31,0,0,0
2002,420866,1,1,0,0,0,0,0,0,0,0,0,0
2002,420866,2,1,0,0,0,0,0,0,0,0,0,0
2002,420868,1,1,18,18,18,18,18,18,18,18,18,18
2002,420869,1,1,0,0,0,0,0,0,0,0,0,0
2002,420870,1,1,0,19,32,15,0,0,27,13,12,8
2002,420871,1,1,0,0,0,0,0,0,0,0,0,0
2002,420871,2,1,0,0,0,0,0,0,0,0,0,0
2002,420872,1,1,0,0,0,0,0,0,0,0,0,0
2002,420872,2,1,0,0,0,0,0,0,0,0,0,0
2002,420873,1,1,0,0,0,0,0,0,0,0,0,0
2002,420873,2,1,0,0,0,0,0,0,0,0,0,0
2002,420874,1,1,19,19,19,19,19,19,19,19,19,19
2002,420875,0,1,0,0,0,0,0,0,0,0,0,0
2002,420875,1,1,0,0,0,0,0,0,0,0,0,0
2002,420876,1,1,23,23,23,23,23,23,23,23,23,23
2002,420876,2,1,0,0,0,0,0,0,0,0,0,0
2002,420877,1,1,5,5,5,5,5,5,5,5,5,5
2002,420878,1,1,0,0,0,0,0,0,0,0,0,0
2002,420879,1,1,0,0,0,0,0,0,0,0,0,0
2002,420879,2,1,0,0,0,0,0,0,0,0,0,0
2002,420880,1,1,31,31,31,31,31,31,31,31,31,31
2002,420881,0,1,0,0,0,0,0,0,0,0,0,0
2002,420881,0,2,5,0,12,4,0,0,0,0,0,0
2002,420881,1,1,0,0,0,0,0,0,0,0,0,0
2002,420882,1,1,0,0,0,0,0,0,0,0,0,0
2002,420883,1,1,0,0,0,0,0,0,0,0,0,0
2002,420884,1,1,0,0,0,0,0,0,0,0,0,0
2002,420884,2,1,0,0,0,0,0,0,11,0,0,0
2002,420885,0,1,3,3,3,3,3,3,3,3,3,3
2002,420885,1,1,0,0,0,0,0,0,0,0,0,0
2002,420886,1,1,21,21,21,21,21,21,21,21,21,21
2002,420887,1,1,0,0,0,0,0,0,0,0,0,0
2002,420887,2,1,0,0,0,0,0,0,7,0,0,0
2002,420888,1,1,17,20,0,21,7,16,19,30,29,27
2002,420889,1,1,0,0,0,0,9,0,0,0,0,0
2002,420890,1,1,0,0,0,0,0,0,0,0,0,0
2002,420890,2,1,0,0,0,0,0,0,0,0,0,0
2002,420891,1,1,25,25,25,25,25,25,25,25,25,25
2002,420892,1,1,0,0,0,0,0,0,0,0,0,0
2002,420893,1,1,0,0,0,0,0,0,0,0,0,0
2002,420894,1,1,0,0,0,0,0,0,0,0,0,0
2002,420894,2,1,0,0,0,0,0,0,0,0,0,0
2002,420895,1,1,0,0,0,0,0,0,0,0,0,0
2002,420896,1,1,0,0,0,0,0,0,0,0,0,0
2002,420897,1,1,0,0,0,0,0,0,0,0,0,0
2002,420898,1,1,0,0,0,0,0,0,0,0,0,0
2002,420899,1,1,19,19,19,19,19,19,19,19,19,19
2002,420899,2,1,0,0,0,0,0,0,0,0,0,0
2002,420900,1,1,0,0,0,0,0,0,0,0,0,0
2002,420901,0,1,24,24,24,24,24,24,24,24,24,24
2002,420901,1,1,0,9,0,0,0,0,0,0,0,0
2002,420902,1,1,0,0,0,0,0,0,0,0,0,0
2002,420903,1,1,0,0,0,0,0,0,0,0,0,0
2002,420903,2,1,0,0,0,0,0,0,0,0,0,0
2002,420904,1,1,0,0,0,0,0,0,0,0,0,0
2002,420905,1,1,0,0,0,0,0,0,0,0,0,0
2002,420905,2,1,0,0,0,0,0,0,0,0,0,0
2002,420906,1,1,0,0,0,0,0,0,0,0,0,0
2002,420906,2,1,0,0,0,0,0,0,0,0,0,0
2002,420907,1,1,21,21,21,21,21,21,21,21,21,21
2002,420908,1,1,0,0,0,0,0,0,0,0,0,0
2002,420908,2,1,0,0,0,0,0,0,0,0,0,0
2002,420909,1,1,0,0,0,0,0,0,0,0,0,0
2002,420909,2,1,0,0,0,0,0,0,0,0,0,0
2002,420909,3,1,0,0,0,0,0,0,0,0,0,0
2002,420909,4,1,0,0,0,0,0,0,0,0,0,0
2002,420909,5,1,0,0,0,0,0,0,0,0,0,0
2002,420910,1,1,0,0,0,0,0,0,0,0,0,0
2002,420911,0,1,0,0,0,0,0,0,0,0,0,0
2002,420911,1,1,0,33,0,0,12,0,0,0,0,0
2002,420912,1,1,0,0,0,0,0,0,0,0,0,0
2002,420912,2,1,14,14,14,14,14,14,14,14,14,14
2002,420913,1,1,22,22,22,22,22,22,22,22,22,22
2002,420914,1,1,0,0,0,0,0,0,0,0,0,0
2002,420915,1,1,0,0,0,0,0,0,0,0,0,0
2002,420916,1,1,20,20,20,20,20,20,20,20,20,20
2002,420916,2,1,0,0,0,0,0,0,0,0,0,0
2002,420916,3,1,0,0,0,0,0,0,0,0,0,0
2002,420916,4,1,0,0,0,0,0,0,0,0,0,0
2002,420917,1,1,0,0,0,0,0,0,0,0,0,0
2002,420918,0,1,23,23,23,23,23,23,23,23,23,23
2002,420918,1,1,0,12,0,4,7,0,0,0,0,0
2002,420919,1,1,0,0,0,0,0,0,0,0,0,0
2002,420919,2,1,0,0,0,0,0,0,0,0,0,0
2002,420920,1,1,11,11,11,11,11,11,11,11,11,11
2002,420921,1,1,0,0,0,0,12,0,0,0,3,0
2002,420921,2,1,0,0,0,0,0,0,0,0,0,0
2002,420921,3,1,0,0,0,0,0,0,0,0,0,0
2002,420922,1,1,0,0,0,0,0,0,0,0,0,0
2002,420923,1,1,11,11,11,11,11,11,11,11,11,11
2002,420924,1,1,0,0,0,0,0,16,0,0,0,0
2002,420924,2,1,0,0,0,0,0,0,0,0,0,0
2002,420925,1,1,20,20,20,20,20,20,20,20,20,20
2002,420926,1,1,0,0,0,0,0,0,0,0,0,0
2002,420926,2,1,0,0,0,0,0,0,0,0,0,0
2002,420927,1,1,0,0,0,0,0,0,0,0,0,0
2002,420928,1,1,0,0,0,0,0,0,0,0,0,0
2002,420928,2,1,0,0,0,0,0,0,0,0,0,0
2002,420929,1,1,0,0,0,0,0,0,0,0,0,0
2002,420929,2,1,0,0,0,0,0,0,0,0,0,0
2002,420930,1,1,0,0,0,0,0,0,0,0,0,0
2002,420931,1,1,0,0,0,0,0,0,0,0,0,0
2002,420931,2,1,0,0,0,0,0,0,0,0,0,0
2002,420932,1,1,18,18,18,18,18,18,18,18,18,18
2002,420932,2,1,0,0,0,0,0,0,0,0,0,0
2002,420933,1,1,4,4,4,4,4,4,4,4,4,4
2002,420933,2,1,0,0,0,0,0,0,0,0,0,0
2002,420934,0,1,0,0,0,0,0,0,0,0,0,0
2002,420934,1,1,0,0,0,0,0,0,0,0,0,0
2002,420935,1,1,0,0,0,0,0,0,0,0,0,0
2002,420935,2,1,0,0,0,0,0,0,0,0,0,0
2002,420935,3,1,0,0,0,0,0,0,0,0,0,0
2002,420935,4,1,0,0,0,0,0,0,0,0,0,0
2002,420935,5,1,0,0,0,0,0,0,0,0,0,0
2002,420936,1,1,0,0,0,0,0,0,0,0,0,0
2002,420937,1,1,0,0,0,0,0,0,0,0,0,0
2002,420937,2,1,0,0,0,0,0,0,0,0,0,0
2002,420938,1,1,6,0,0,26,0,0,0,0,0,0
2002,420938,2,1,25,0,2,0,0,0,0,0,0,0
2002,420939,1,1,0,0,33,9,0,10,0,23,21,0
2002,420940,1,1,0,0,0,0,0,0,0,0,0,0
2002,420941,0,1,5,5,5,5,5,5,5,5,5,5
2002,420941,1,1,0,0,0,0,0,0,0,0,0,0
2002,420942,1,1,0,0,0,0,0,0,0,0,0,0
2002,420943,0,1,0,0,0,0,0,0,0,0,0,0
2002,420943,1,1,0,26,0,0,0,0,32,0,28,0
2002,420944,1,1,21,21,21,21,21,21,21,21,21,21
2002,420945,1,1,0,0,0,0,0,0,0,0,0,0
2002,420945,2,1,0,0,0,0,0,0,0,0,0,0
2002,420945,3,1,0,0,0,0,0,0,0,0,0,0
2002,420946,1,1,0,0,0,0,0,0,0,0,0,0
2002,420946,2,1,0,0,0,0,0,0,0,0,0,0
2002,420946,3,1,0,0,0,0,0,0,0,0,0,0
2002,420947,1,4,0,0,29,0,0,0,0,0,0,0
2002,420947,2,1,0,0,0,0,0,0,0,0,7,0
2002,420948,1,1,21,21,21,21,21,21,21,21,21,21
2002,420949,1,1,0,0,0,0,0,14,0,0,0,0
2002,420949,2,1,0,0,0,0,0,0,0,0,0,0
2002,420950,1,1,0,0,0,0,0,0,0,0,0,0
2002,420951,0,1,3,0,0,21,0,0,0,0,0,0
2002,420951,1,1,0,0,0,0,0,0,0,0,0,0
2002,420952,1,1,20,20,20,20,20,20,20,20,20,20
2002,420952,2,1,0,0,0,0,0,0,0,0,0,0
2002,420953,1,1,0,0,0,0,0,0,0,0,0,0
2002,420953,2,1,0,0,0,0,0,0,0,0,0,0
2002,420954,1,1,0,0,0,0,0,0,0,0,0,0
2002,420955,1,1,0,0,0,0,0,0,0,0,0,0
2002,420956,1,1,23,23,23,23,23,23,23,23,23,23
2002,420957,1,1,16,16,16,16,16,16,16,16,16,16
2002,420958,1,1,24,24,24,24,24,24,24,24,24,24
2002,420959,1,1,0,0,0,0,0,0,0,0,0,0
2002,420959,2,1,0,13,0,0,0,0,0,0,0,0
2002,420960,1,1,0,0,0,0,0,0,0,0,0,0
2002,420961,1,1,0,0,0,0,0,0,0,0,0,0
2002,420961,2,1,0,0,0,0,0,0,0,0,0,0
2002,420962,0,1,37,24,0,30,23,0,22,28,5,27
2002,420962,1,1,0,0,0,0,0,0,0,0,0,0
2002,420963,1,1,0,0,0,0,0,0,0,0,0,0
2002,420964,1,1,19,19,19,19,19,19,19,19,19,19
2002,420965,1,1,11,11,11,11,11,11,11,11,11,11
2002,420965,2,1,0,0,0,0,0,0,0,0,0,0
2002,420966,1,1,14,14,14,14,14,14,14,14,14,14
2002,420967,0,1,0,0,0,0,0,0,0,0,0,0
2002,420967,1,1,0,0,0,0,0,0,0,0,0,0
2002,420968,1,1,10,10,10,10,10,10,10,10,10,10
2002,420969,1,1,0,0,0,0,0,0,0,0,0,0
2002,420970,0,1,0,0,0,0,0,0,0,0,0,0
2002,420970,1,1,0,0,0,0,0,0,0,0,0,0
2002,420970,2,1,0,0,0,0,0,0,22,0,0,0
2002,420971,1,1,0,0,0,0,0,0,0,0,0,0
2002,420971,2,1,0,0,0,6,0,0,0,0,0,0
2002,420972,1,1,0,0,0,0,0,0,0,0,0,0
2002,420973,1,1,0,0,0,0,0,0,0,0,0,0
2002,420973,2,1,0,0,0,0,0,0,12,0,0,0
2002,420974,1,1,0,0,0,0,0,0,0,0,0,0
2002,420974,2,1,0,0,0,0,0,0,0,0,0,0
2002,420975,1,1,0,0,0,0,0,0,0,0,0,0
2002,420976,1,1,0,0,0,0,0,0,0,0,0,0
2002,420976,2,1,0,0,0,0,0,0,0,0,0,0
2002,420977,1,1,0,0,0,0,0,0,0,0,0,0
2002,420977,2,1,0,0,0,0,0,0,0,0,4,0
2002,420977,3,1,0,0,0,0,0,0,0,0,0,0
2002,420978,1,1,0,0,0,0,0,0,0,0,0,0
2002,420979,1,1,0,6,0,0,0,0,0,0,0,0
2002,420979,2,1,0,0,0,0,0,0,0,0,0,0
2002,420980,1,1,7,7,7,7,7,7,7,7,7,7
2002,420981,0,1,37,37,37,37,37,37,37,37,37,37
2002,420981,1,1,0,0,20,0,0,0,0,0,0,0
2002,420982,0,1,0,0,38,23,0,0,22,0,14,0
2002,420982,1,1,0,0,0,8,0,0,0,0,0,0
2002,420983,1,1,1,1,1,1,1,1,1,1,1,1
2002,420984,0,1,36,21,33,15,21,15,11,26,24,17
2002,420984,1,1,0,0,0,0,0,0,0,0,0,0
2002,420985,1,1,13,13,13,13,13,13,13,13,13,13
2002,420986,1,1,16,16,16,16,16,16,16,16,16,16
2002,420987,0,1,0,0,0,0,0,0,0,0,0,0
2002,420987,1,1,0,0,0,0,0,0,0,0,0,0
2002,420988,0,1,0,0,0,0,0,0,0,0,0,0
2002,420988,1,1,0,0,0,0,0,0,0,0,0,0
2002,420989,1,1,0,0,0,0,0,0,0,0,0,0
2002,420990,1,1,0,0,0,0,0,0,0,0,0,0
2002,420990,2,1,0,0,0,0,0,0,0,0,0,0
2002,420991,1,1,24,24,24,24,24,24,24,24,24,24
2002,420992,1,1,16,16,16,16,16,16,16,16,16,16
2002,420993,1,1,0,0,0,0,0,0,0,0,0,0
2002,420993,2,1,0,0,0,0,0,0,0,0,0,0
2002,420994,1,1,31,31,31,31,31,31,31,31,31,31
2002,420995,1,1,0,0,0,0,0,0,0,0,0,0
2002,420995,2,1,0,0,0,0,0,0,0,0,0,0
2002,420996,1,1,0,0,0,0,0,0,0,0,0,0
2002,420996,2,1,0,0,0,0,0,0,0,0,0,0
2002,420997,0,1,10,10,10,10,10,10,10,10,10,10
2002,420997,1,1,0,0,0,0,0,0,0,0,0,0
2002,420998,0,1,0,0,0,0,0,0,0,0,0,0
2002,420998,1,1,0,0,0,0,0,0,0,0,0,0
2002,420999,0,1,0,0,0,0,0,0,0,0,0,0
2002,420999,1,1,0,0,0,0,0,0,0,0,0,0
2002,421000,1,1,0,0,0,0,0,0,0,0,0,0
2002,421000,2,1,0,0,0,0,0,0,0,0,0,0
2002,421000,3,1,0,0,0,0,0,0,0,0,0,0
2002,421001,1,1,0,0,0,0,0,0,0,0,0,0
2002,421002,1,1,0,0,0,0,0,0,0,0,0,0
2002,421003,1,1,0,0,0,0,0,0,0,0,0,0
2002,421004,1,1,23,23,23,23,23,23,23,23,23,23
2002,421004,2,1,0,0,0,0,0,0,0,0,0,0
2002,421005,1,1,0,0,0,0,0,0,0,0,0,0
2002,421005,2,1,0,0,0,0,0,0,0,0,0,0
2002,421006,1,1,0,0,0,0,0,0,0,0,0,0
2002,421007,1,1,18,18,18,18,18,18,18,18,18,18
2002,421008,1,1,0,0,0,0,0,0,0,0,0,0
2002,421008,2,1,0,0,0,0,0,0,0,0,0,0
2002,421009,1,1,32,32,32,32,32,32,32,32,32,32
2002,421009,2,1,0,0,0,0,0,0,0,0,0,0
2002,421010,1,1,25,15,17,11,10,18,9,8,12,15
2002,421010,2,1,16,16,16,16,16,16,16,16,16,16
2002,421011,1,1,26,26,26,26,26,26,26,26,26,26
2002,421012,1,1,0,0,0,18,0,0,0,0,9,0
2002,421012,2,1,18,18,18,18,18,18,18,18,18,18
2002,421013,1,1,0,0,0,0,0,0,0,0,0,0
2002,421013,2,1,0,0,0,0,0,0,0,0,0,0
2002,421013,3,1,0,0,0,0,0,0,0,0,0,0
2002,421014,1,1,0,0,0,0,0,0,0,0,0,0
2002,421015,0,1,16,3,12,14,18,18,0,18,8,23
2002,421015,0,2,13,33,19,0,10,0,0,0,0,0
2002,421015,1,1,0,0,0,0,11,0,0,0,0,0
2002,421016,0,1,24,24,24,24,24,24,24,24,24,24
2002,421016,1,1,18,18,18,18,18,18,18,18,18,18
2002,421017,1,1,22,22,22,22,22,22,22,22,22,22
2002,421017,2,1,0,0,0,0,0,0,0,0,0,0
2002,421018,0,1,0,0,0,0,0,0,7,0,13,0
2002,421018,1,1,0,0,0,0,0,0,0,0,18,0
2002,421019,0,1,0,23,0,0,0,0,22,3,11,0
2002,421019,1,1,0,0,0,0,0,0,0,0,0,0
2002,421020,1,1,34,34,34,34,34,34,34,34,34,34
2002,421021,1,1,3,23,12,22,3,21,9,2,16,14
2002,421021,2,1,0,0,0,0,0,0,7,0,0,7
2002,421022,0,1,0,0,0,0,0,0,0,0,0,0
2002,421022,1,1,0,0,0,0,0,11,0,0,0,0
2002,421023,1,1,0,0,0,0,0,0,0,0,0,0
2002,421024,0,1,0,0,0,0,0,0,0,0,0,0
2002,421024,1,1,0,0,0,0,0,0,0,0,0,0
2002,421025,1,1,0,0,0,0,0,0,0,0,0,0
2002,421025,2,1,0,0,0,0,0,0,0,0,0,0
2002,421025,3,1,0,0,0,0,0,0,0,0,0,0
2002,421026,0,1,0,0,0,0,0,0,0,0,0,0
2002,421026,1,1,0,0,0,0,0,0,0,0,0,0
2002,421026,2,1,0,0,0,0,0,0,0,0,0,0
2002,421027,1,1,0,0,0,0,0,0,0,0,0,0
2002,421027,2,1,0,0,0,0,0,0,0,0,0,0
2002,421028,0,1,0,0,0,0,0,0,0,0,0,0
2002,421028,1,1,0,12,0,0,0,9,18,0,24,0
2002,421029,1,1,17,17,17,17,17,17,17,17,17,17
2002,421030,1,1,20,20,20,20,20,20,20,20,20,20
2002,421031,1,1,0,0,0,0,0,0,0,0,0,0
2002,421032,1,1,19,19,19,19,19,19,19,19,19,19
2002,421032,2,1,0,0,0,0,0,0,0,0,0,0
2002,421033,1,1,20,20,20,20,20,20,20,20,20,20
2002,421033,2,1,0,0,0,0,0,0,0,0,0,0
2002,421034,1,1,12,0,9,0,0,0,0,0,0,0
2002,421035,1,1,15,15,15,15,15,15,15,15,15,15
2002,421036,1,1,0,0,0,0,0,0,0,0,0,0
2002,421037,0,1,28,0,0,0,0,0,0,0,0,0
2002,421037,1,1,0,0,0,0,0,0,0,0,0,0
2002,421038,1,1,0,0,0,0,0,0,0,0,0,0
2002,421038,2,1,0,0,0,0,0,34,0,19,0,14
2002,421038,3,1,0,0,0,0,0,0,0,0,0,0
2002,421039,0,1,0,0,0,12,0,0,0,0,0,0
2002,421039,0,2,20,0,0,0,0,26,0,0,0,0
2002,421039,0,3,0,0,0,0,0,0,0,0,0,0
2002,421039,0,4,0,0,0,0,0,0,0,0,0,0
2002,421039,1,1,0,0,0,0,0,0,0,0,0,0
2002,421040,1,1,0,0,0,0,0,0,0,0,0,0
2002,421041,1,1,0,0,0,0,0,0,0,0,0,0
2002,421041,2,1,0,0,0,0,0,0,0,0,0,0
2002,421042,1,1,0,0,0,0,0,0,0,0,0,0
2002,421042,2,1,12,3,19,13,3,12,14,8,9,19
2002,421043,1,1,0,0,0,0,0,0,0,0,0,0
2002,421043,2,1,0,0,0,0,0,0,0,0,0,0
2002,421044,1,1,0,0,0,0,0,0,0,0,0,0
2002,421044,2,1,0,0,0,0,0,0,0,0,5,0
2002,421045,1,1,0,0,0,0,0,0,0,0,0,0
2002,421045,2,1,0,0,0,0,0,0,0,0,0,0
2002,421047,0,1,0,0,0,0,0,0,0,0,0,0
2002,421047,1,1,0,0,0,0,0,0,0,0,0,0
2002,421048,1,1,18,18,18,18,18,18,18,18,18,18
2002,421049,1,1,0,0,0,0,0,0,0,0,0,0
2002,421050,1,1,0,0,0,0,0,0,0,0,0,0
2002,421050,2,1,0,0,0,0,0,0,0,0,0,0
2002,421051,1,1,17,17,17,17,17,17,17,17,17,17
2002,421052,0,1,11,11,11,11,11,11,11,11,11,11
2002,421052,1,1,0,0,5,9,0,0,0,0,7,0
2002,421053,1,1,16,6,10,0,19,33,12,9,0,15
2002,421053,2,1,0,0,0,0,0,0,0,0,0,0
2002,421053,3,1,0,0,0,0,0,0,0,0,0,0
2002,421053,4,1,0,0,0,0,0,0,0,0,0,0
2002,421053,5,1,0,0,0,0,0,0,0,0,0,0
2002,421054,1,1,0,0,0,0,0,0,0,0,0,0
2002,421055,1,1,19,19,19,19,19,19,19,19,19,19
2002,421056,1,1,24,24,24,24,24,24,24,24,24,24
2002,421057,1,1,0,0,0,0,0,0,0,0,0,0
2002,421057,2,1,0,0,0,0,0,0,0,0,0,7
2002,421058,1,1,20,20,20,20,20,20,20,20,20,20
2002,421059,1,1,0,0,0,0,0,0,0,0,0,0
2002,421059,2,1,0,0,0,0,0,0,0,0,0,11
2002,421060,1,1,19,19,19,19,19,19,19,19,19,19
2002,421061,0,1,10,10,10,10,10,10,10,10,10,10
2002,421061,1,1,0,0,0,0,0,0,0,0,0,0
2002,421062,1,1,22,22,22,22,22,22,22,22,22,22
2002,421063,1,1,0,0,0,0,0,0,0,0,0,0
2002,421064,0,1,0,0,0,0,0,0,0,0,0,0
2002,421064,1,1,0,0,0,0,0,0,0,0,0,0
2002,421065,0,1,0,6,37,38,10,22,0,20,3,0
2002,421065,1,1,12,12,12,12,12,12,12,12,12,12
2002,421065,2,1,12,12,12,12,12,12,12,12,12,12
2002,421066,1,1,15,15,15,15,15,15,15,15,15,15
2002,421066,2,1,0,0,0,0,0,0,0,0,0,0
2002,421067,1,1,12,12,12,12,12,12,12,12,12,12
2002,421068,0,1,0,0,0,0,0,0,0,0,0,0
2002,421068,0,2,0,0,0,0,0,0,0,0,0,0
2002,421068,1,1,0,0,0,0,0,0,0,0,0,0
2002,421069,1,1,0,0,0,0,0,0,0,0,0,0
2002,421070,1,1,0,0,0,0,0,0,0,0,0,0
2002,421070,2,1,0,0,0,0,0,0,0,14,0,0
2002,421071,1,1,0,0,0,0,0,0,0,0,0,0
2002,421071,2,1,0,0,0,0,0,0,0,0,0,0
2002,421072,1,1,0,0,0,0,0,0,0,0,0,0
2002,421072,2,1,0,0,0,0,0,0,0,0,0,0
2002,421073,1,1,0,0,0,0,0,0,0,0,0,0
2002,421073,2,1,0,0,0,0,0,0,0,0,0,0
2002,421074,1,1,14,14,14,14,14,14,14,14,14,14
2002,421075,1,1,0,0,0,0,0,0,0,0,18,6
2002,421076,1,1,0,0,0,0,0,0,0,0,0,0
2002,421076,2,1,0,0,0,0,0,0,0,0,0,0
2002,421077,1,1,0,0,0,0,0,0,0,0,0,0
2002,421077,2,1,0,0,0,0,0,0,0,0,0,0
2002,421078,1,1,0,0,0,0,0,0,0,0,0,0
2002,421078,2,1,0,0,0,0,0,0,0,0,0,0
2002,421079,0,1,0,0,0,0,0,0,0,0,0,0
2002,421079,1,1,0,0,0,0,0,0,0,0,0,0
2002,421080,0,1,12,29,29,13,12,20,23,30,28,14