YEAR,ST_CASE,veh_no,per_no,P1,P2,P3,P4,P5,P6,P7,P8,P9,P10
2002,470153,1,1,0,0,0,0,0,0,0,3,0,0
2002,470155,1,1,0,0,0,0,0,0,0,0,0,0
2002,470156,1,1,0,0,0,0,0,0,0,0,0,0
2002,470157,1,1,0,0,0,0,0,0,0,0,0,0
2002,470158,1,1,0,0,0,0,0,0,0,0,0,0
2002,470158,2,1,19,19,6,0,4,11,13,0,16,0
2002,470158,3,1,22,0,0,0,0,0,0,0,0,0
2002,470159,1,1,0,0,0,0,0,0,0,0,0,0
2002,470159,2,1,0,0,0,0,0,0,0,0,0,0
2002,470160,1,1,0,0,0,0,0,0,0,0,0,0
2002,470160,2,1,0,0,0,0,0,0,0,0,0,0
2002,470160,3,1,0,0,0,0,0,0,0,0,0,0
2002,470161,1,1,0,0,0,0,0,0,0,0,0,0
2002,470161,2,1,0,0,0,0,0,0,0,0,0,0
2002,470162,1,1,0,0,0,15,0,0,25,0,0,0
2002,470163,1,1,0,0,0,0,0,0,0,0,0,0
2002,470164,1,1,0,0,0,0,0,0,0,0,0,0
2002,470164,2,1,0,0,0,0,0,0,0,0,0,0
2002,470165,1,1,18,18,18,18,18,18,18,18,18,18
2002,470166,1,1,19,19,19,19,19,19,19,19,19,19
2002,470167,1,1,0,0,0,0,0,0,0,0,0,0
2002,470168,1,1,5,5,5,5,5,5,5,5,5,5
2002,470169,1,1,0,0,0,0,0,0,0,0,0,0
2002,470170,1,1,11,11,11,11,11,11,11,11,11,11
2002,470170,2,1,0,0,0,0,0,0,0,0,0,0
2002,470171,0,1,41,41,41,41,41,41,41,41,41,41
2002,470171,2,1,0,0,0,0,0,0,0,0,0,0
2002,470171,3,1,0,0,0,0,0,0,0,0,0,0
2002,470172,0,1,0,0,0,0,0,0,0,0,0,0
2002,470172,1,1,0,0,0,0,0,0,0,0,0,0
2002,470173,1,1,0,0,0,0,0,0,0,0,0,0
2002,470173,2,1,0,0,0,0,0,0,0,13,0,0
2002,470173,3,1,0,0,0,0,0,0,0,0,0,0
2002,470174,1,1,58,58,58,58,58,58,58,58,58,58
2002,470175,1,1,9,34,12,0,8,0,15,20,0,11
2002,470176,1,1,18,18,18,18,18,18,18,18,18,18
2002,470177,1,1,0,0,0,0,0,0,0,0,0,0
2002,470177,2,1,0,0,0,0,0,0,0,0,0,0
2002,470177,3,1,0,0,0,0,0,0,0,0,0,0
2002,470178,1,1,0,0,0,0,0,0,0,0,0,0
2002,470178,2,1,0,0,0,0,0,8,0,0,0,0
2002,470179,1,1,1,1,1,1,1,1,1,1,1,1
2002,470179,2,1,0,0,0,0,0,0,0,0,0,0
2002,470179,3,1,0,0,0,0,0,0,0,0,0,0
2002,470180,1,1,0,0,0,0,0,0,0,0,10,0
2002,470180,2,1,0,0,0,0,0,0,0,0,0,0
2002,470180,3,1,0,0,0,0,0,0,0,0,0,0
2002,470181,1,1,0,0,0,0,0,0,0,26,0,34
2002,470182,1,1,15,15,15,15,15,15,15,15,15,15
2002,470183,1,1,0,8,0,0,0,0,0,0,0,0
2002,470184,1,1,13,13,13,13,13,13,13,13,13,13
2002,470184,2,1,0,0,0,0,0,0,0,0,0,0
2002,470184,3,1,0,0,0,0,0,0,0,0,0,0
2002,470185,1,1,0,0,0,0,0,0,0,0,0,0
2002,470185,2,1,0,0,0,0,14,0,0,0,0,0
2002,470186,1,1,23,23,23,23,23,23,23,23,23,23
2002,470187,1,1,0,0,0,0,0,0,0,0,0,0
2002,470188,1,1,0,0,0,0,0,0,0,0,0,0
2002,470189,1,1,0,0,0,0,0,0,0,0,0,0
2002,470189,2,1,0,0,0,0,0,0,0,0,0,0
2002,470190,1,1,9,9,9,9,9,9,9,9,9,9
2002,470190,2,1,0,0,0,0,0,0,0,0,0,0
2002,470191,1,1,0,0,0,0,0,0,0,0,0,0
2002,470191,2,1,0,0,0,0,0,0,0,0,0,0
2002,470191,3,1,0,0,0,0,0,0,0,0,0,0
2002,470192,1,1,28,13,0,20,0,13,18,17,20,13
2002,470193,1,1,0,0,0,0,0,0,0,0,0,0
2002,470194,1,1,0,0,0,0,0,0,0,0,0,0
2002,470195,1,1,0,0,0,0,0,0,0,0,0,0
2002,470196,1,1,0,0,0,0,0,0,0,0,0,0
2002,470197,1,1,16,16,16,16,16,16,16,16,16,16
2002,470197,2,1,0,0,0,0,0,0,0,0,0,0
2002,470198,1,1,0,0,0,0,0,0,0,0,0,0
2002,470199,1,1,25,25,25,25,25,25,25,25,25,25
2002,470200,1,1,0,0,0,0,0,0,0,0,0,0
2002,470200,2,1,0,0,0,0,0,0,0,0,0,0
2002,470201,1,1,0,0,0,0,0,0,0,0,0,0
2002,470201,2,1,0,0,0,0,5,0,0,0,0,0
2002,470202,1,1,0,0,0,0,0,0,0,0,0,0
2002,470203,1,1,0,0,0,0,0,0,0,0,0,0
2002,470204,1,1,0,0,0,0,0,0,0,0,0,0
2002,470204,2,1,0,0,0,0,0,0,0,0,0,0
2002,470205,1,1,0,0,0,0,0,0,0,0,0,0
2002,470206,1,1,0,0,0,0,0,0,0,0,0,10
2002,470206,2,1,0,0,0,0,0,0,0,0,0,0
2002,470207,1,1,21,7,0,20,15,0,0,0,0,27
2002,470208,1,1,0,0,0,0,0,0,0,0,0,0
2002,470208,2,1,0,0,0,0,0,0,0,0,0,0
2002,470209,1,1,2,17,0,16,23,27,10,11,0,12
2002,470210,1,1,0,0,0,0,0,0,0,0,0,0
2002,470210,2,1,16,0,0,0,0,0,0,0,0,0
2002,470211,1,1,15,15,15,15,15,15,15,15,15,15
2002,470212,1,1,0,0,0,0,0,0,0,0,0,0
2002,470213,1,1,19,19,19,19,19,19,19,19,19,19
2002,470214,1,1,3,3,3,3,3,3,3,3,3,3
2002,470215,1,1,52,52,52,52,52,52,52,52,52,52
2002,470216,1,1,0,0,0,0,0,0,0,0,0,0
2002,470217,1,1,3,3,3,3,3,3,3,3,3,3
2002,470218,1,1,0,0,0,0,0,0,0,0,0,0
2002,470218,2,1,0,0,0,0,0,0,0,0,0,0
2002,470219,1,1,0,0,0,0,0,0,0,0,0,0
2002,470220,1,1,16,16,16,16,16,16,16,16,16,16
2002,470221,1,1,2,2,2,2,2,2,2,2,2,2
2002,470221,2,1,12,12,12,12,12,12,12,12,12,12
2002,470222,1,1,25,25,25,25,25,25,25,25,25,25
2002,470223,1,1,0,0,0,16,0,0,0,0,0,0
2002,470223,2,1,0,13,0,8,15,0,0,0,0,13
2002,470224,1,1,0,0,0,0,0,0,0,0,0,0
2002,470225,1,1,0,0,0,0,0,0,0,0,0,0
2002,470225,2,1,0,0,0,0,0,0,0,0,0,0
2002,470226,1,1,14,20,13,10,11,13,32,23,20,15
2002,470227,1,1,0,0,0,0,0,0,0,0,0,0
2002,470228,1,1,12,0,25,39,0,30,25,17,19,28
2002,470229,1,1,17,17,17,17,17,17,17,17,17,17
2002,470230,1,1,33,16,15,10,14,9,16,19,0,8
2002,470231,1,1,21,21,21,21,21,21,21,21,21,21
2002,470232,1,1,10,12,23,10,7,8,17,16,5,7
2002,470233,1,1,0,12,0,0,9,0,0,0,0,0
2002,470234,1,1,0,0,0,0,0,0,0,0,0,0
2002,470235,1,1,0,0,0,0,0,0,0,0,0,0
2002,470235,2,1,0,0,0,0,0,0,0,0,0,0
2002,470236,1,1,14,14,14,14,14,14,14,14,14,14
2002,470237,0,1,0,12,0,0,0,28,30,20,11,0
2002,470237,0,2,0,0,0,0,0,0,0,0,0,0
2002,470237,1,1,0,0,0,0,0,0,0,0,0,13
2002,470238,1,1,0,0,0,0,0,0,0,0,0,0
2002,470239,1,1,32,13,0,0,0,0,0,0,16,0
2002,470239,2,1,0,19,5,6,0,11,0,0,0,0
2002,470240,1,1,0,0,0,0,0,0,13,0,0,0
2002,470240,2,1,1,1,1,1,1,1,1,1,1,1
2002,470241,1,1,1,1,1,1,1,1,1,1,1,1
2002,470241,2,1,0,0,0,0,0,0,0,0,0,0
2002,470241,3,1,0,0,0,0,5,0,0,0,0,0
2002,470242,1,1,0,0,0,0,0,0,0,0,0,0
2002,470243,1,1,0,0,0,0,0,0,0,0,0,0
2002,470244,0,1,0,13,0,0,0,0,22,0,0,13
2002,470244,1,1,0,0,0,0,0,0,0,0,0,0
2002,470245,1,1,0,0,7,0,0,0,0,24,0,0
2002,470245,2,1,0,0,0,0,0,0,0,0,24,0
2002,470245,3,1,0,0,0,0,0,0,0,0,0,0
2002,470246,1,1,0,0,0,0,0,0,0,0,0,0
2002,470246,2,1,0,0,0,0,0,0,8,7,0,0
2002,470246,3,1,9,0,0,0,4,0,0,0,0,0
2002,470247,0,1,0,0,0,0,0,0,0,0,0,0
2002,470247,1,1,0,0,0,0,0,0,0,0,0,0
2002,470248,1,1,14,0,0,0,15,0,0,0,18,0
2002,470249,1,1,29,29,29,29,29,29,29,29,29,29
2002,470250,1,1,0,0,0,0,0,0,0,0,0,0
2002,470251,1,1,0,0,0,0,0,0,0,0,0,0
2002,470251,2,1,0,0,0,0,0,0,0,0,0,0
2002,470252,1,1,30,30,19,0,11,27,13,5,28,0
2002,470253,1,1,0,0,0,0,0,0,0,1,0,0
2002,470254,1,1,0,0,0,0,0,0,0,0,0,0
2002,470254,2,1,0,0,0,0,0,0,0,0,0,0
2002,470255,1,1,0,0,0,0,0,0,0,0,0,0
2002,470255,2,1,0,0,0,0,0,0,0,0,0,13
2002,470256,1,1,4,4,4,4,4,4,4,4,4,4
2002,470256,2,1,0,0,0,0,0,0,0,0,0,0
2002,470257,1,1,18,18,18,18,18,18,18,18,18,18
2002,470258,1,1,0,0,0,0,0,0,0,0,0,0
2002,470259,1,1,15,15,15,15,15,15,15,15,15,15
2002,470260,1,1,0,0,0,0,0,0,0,0,0,0
2002,470260,2,1,0,0,0,0,0,0,0,0,0,0
2002,470261,1,1,0,0,0,0,0,0,0,0,0,0
2002,470262,1,1,16,16,16,16,16,16,16,16,16,16
2002,470263,1,1,0,0,0,0,0,0,0,0,0,0
2002,470264,1,1,0,0,0,0,19,0,0,0,0,0
2002,470264,2,1,0,0,0,0,0,0,0,0,0,0
2002,470265,1,1,30,30,30,30,30,30,30,30,30,30
2002,470265,2,1,0,0,0,0,0,0,0,0,0,0
2002,470266,1,1,11,11,11,11,11,11,11,11,11,11
2002,470267,1,1,24,24,24,24,24,24,24,24,24,24
2002,470268,1,1,19,19,19,19,19,19,19,19,19,19
2002,470268,2,1,7,7,7,7,7,7,7,7,7,7
2002,470268,3,1,19,0,0,0,0,0,21,9,12,15
2002,470269,1,1,23,23,23,23,23,23,23,23,23,23
2002,470270,0,1,0,0,9,0,0,0,0,0,0,0
2002,470270,1,1,0,0,0,0,0,0,0,0,0,0
2002,470271,1,1,0,0,0,0,0,0,0,0,0,0
2002,470271,2,1,0,0,0,0,0,0,0,0,0,0
2002,470272,1,1,0,0,0,0,0,0,0,0,0,0
2002,470273,1,1,11,0,23,20,0,0,0,0,17,0
2002,470273,2,1,0,0,0,0,0,21,0,0,0,0
2002,470274,1,1,0,0,0,0,0,0,0,0,0,0
2002,470275,1,1,0,0,0,0,0,0,0,0,0,0
2002,470275,2,1,0,0,0,0,0,0,0,0,0,0
2002,470277,1,1,0,0,0,0,0,0,0,0,0,0
2002,470277,2,1,0,0,0,0,0,0,0,0,0,0
2002,470278,1,1,15,15,34,19,20,14,28,6,8,19
2002,470279,1,1,15,15,15,15,15,15,15,15,15,15
2002,470280,1,1,0,0,0,0,0,0,0,0,0,0
2002,470281,1,1,0,0,0,0,0,6,0,0,0,0
2002,470281,2,1,27,17,21,23,20,15,9,26,14,16
2002,470282,1,1,0,18,0,16,0,0,10,0,26,0
2002,470283,1,1,0,0,0,0,0,0,0,0,0,0
2002,470283,2,1,0,0,0,0,0,0,0,0,0,0
2002,470284,1,1,5,5,5,5,5,5,5,5,5,5
2002,470285,1,1,0,0,0,0,0,0,0,0,0,0
2002,470286,1,1,0,0,0,0,0,0,0,0,0,0
2002,470287,1,1,8,8,8,8,8,8,8,8,8,8
2002,470287,2,1,0,0,0,0,0,0,0,0,0,0
2002,470288,0,1,0,0,0,0,0,0,0,0,0,0
2002,470288,0,2,0,7,0,24,0,0,0,0,0,0
2002,470288,1,1,0,0,0,0,0,0,0,0,8,0
2002,470289,0,1,26,0,0,22,17,14,0,3,25,0
2002,470289,1,1,0,0,0,0,0,0,0,0,0,0
2002,470290,1,1,0,20,0,0,0,0,0,0,0,0
2002,470290,2,1,0,0,0,0,0,0,0,0,0,0
2002,470291,1,1,21,21,21,21,21,21,21,21,21,21
2002,470291,2,1,0,0,0,0,0,0,0,0,0,0
2002,470292,1,1,0,0,14,0,0,0,0,0,0,0
2002,470292,2,1,0,0,0,0,0,0,0,0,0,0
2002,470293,1,1,0,20,0,13,0,11,0,0,10,0
2002,470294,0,1,0,0,0,0,0,0,0,0,0,0
2002,470294,0,2,0,0,0,0,0,0,0,0,0,0
2002,470294,0,3,0,0,0,0,0,0,0,0,0,0
2002,470294,1,1,12,12,12,12,12,12,12,12,12,12
2002,470295,1,1,0,0,0,0,0,0,0,0,0,0
2002,470296,1,1,15,15,15,15,15,15,15,15,15,15
2002,470297,1,1,0,0,0,0,0,0,0,0,0,0
2002,470297,2,1,0,0,0,0,0,0,0,0,0,0
2002,470297,3,1,0,0,0,0,0,9,0,0,0,0
2002,470298,1,1,0,0,0,0,0,0,0,0,0,0
2002,470299,1,1,10,10,10,10,10,10,10,10,10,10
2002,470300,1,1,0,0,0,0,0,0,0,7,0,0
2002,470300,2,1,25,25,25,25,25,25,25,25,25,25
2002,470301,1,1,0,0,0,0,0,0,0,0,0,0
2002,470301,2,1,0,0,0,0,0,0,0,0,0,0
2002,470302,1,1,0,0,0,0,0,0,0,0,0,0
2002,470302,2,1,6,6,6,6,6,6,6,6,6,6
2002,470303,1,1,0,0,0,0,0,0,0,0,0,0
2002,470303,2,1,0,0,0,0,0,0,0,0,0,0
2002,470304,1,1,0,0,0,0,0,0,0,0,0,0
2002,470304,2,1,0,0,10,0,0,0,0,0,0,0
2002,470305,1,1,0,0,0,0,0,0,0,0,0,0
2002,470305,2,1,0,0,0,0,0,0,0,0,0,0
2002,470306,1,1,0,0,0,0,0,0,0,0,0,18
2002,470306,2,1,22,22,22,22,22,22,22,22,22,22
2002,470307,1,1,12,12,12,12,12,12,12,12,12,12
2002,470308,1,1,26,26,26,26,26,26,26,26,26,26
2002,470309,1,1,22,22,22,22,22,22,22,22,22,22
2002,470310,1,1,28,28,28,28,28,28,28,28,28,28
2002,470311,1,1,0,0,0,0,0,0,0,0,0,0
2002,470312,1,1,0,0,0,0,0,0,0,0,0,0
2002,470312,2,1,0,0,0,0,0,0,0,0,0,0
2002,470313,1,1,0,0,0,0,0,0,0,0,0,0
2002,470314,1,1,0,0,13,0,0,0,0,0,0,0
2002,470314,2,1,0,0,0,0,0,0,0,0,0,0
2002,470315,1,1,0,0,0,0,0,0,0,0,0,0
2002,470315,2,1,0,0,0,0,0,0,0,0,0,0
2002,470316,1,1,19,19,19,19,19,19,19,19,19,19
2002,470317,1,1,0,0,0,0,0,0,0,0,0,0
2002,470318,1,1,16,16,16,16,16,16,16,16,16,16
2002,470319,1,1,18,18,18,18,18,18,18,18,18,18
2002,470320,1,1,0,0,0,0,0,0,0,0,0,0
2002,470320,2,1,0,0,0,0,0,0,0,0,0,0
2002,470321,1,1,16,16,16,16,16,16,16,16,16,16
2002,470322,1,1,0,0,0,0,0,0,0,0,0,0
2002,470322,2,1,1,1,1,1,1,1,1,1,1,1
2002,470323,1,1,23,0,0,0,22,19,0,0,0,0
2002,470324,1,1,0,0,0,0,0,0,0,0,0,0
2002,470325,1,1,0,0,0,0,0,0,0,0,0,0
2002,470325,2,1,0,0,0,0,0,0,0,0,0,0
2002,470326,1,1,0,0,0,0,0,0,0,0,0,0
2002,470327,1,1,0,0,0,0,0,13,0,0,0,0
2002,470327,2,1,0,0,0,0,0,0,0,0,0,0
2002,470327,3,1,0,21,0,0,0,0,0,0,0,0
2002,470328,1,1,17,17,17,17,17,17,17,17,17,17
2002,470329,1,1,0,0,0,0,19,0,0,0,0,28
2002,470330,1,1,1,1,1,1,1,1,1,1,1,1
2002,470330,2,1,0,0,0,0,0,0,0,0,0,0
2002,470331,1,2,3,3,3,3,3,3,3,3,3,3
2002,470332,1,1,0,0,0,0,0,0,0,0,0,0
2002,470333,1,1,0,0,0,0,0,0,0,0,0,0
2002,470333,2,1,16,16,16,16,16,16,16,16,16,16
2002,470334,1,1,37,37,37,37,37,37,37,37,37,37
2002,470335,1,1,0,0,0,6,0,0,0,0,0,0
2002,470336,1,1,21,21,21,21,21,21,21,21,21,21
2002,470337,1,1,0,0,0,0,0,0,0,0,0,0
2002,470338,1,1,27,27,27,27,27,27,27,27,27,27
2002,470339,1,1,15,15,15,15,15,15,15,15,15,15
2002,470339,2,1,0,0,0,0,0,0,0,0,0,0
2002,470340,1,1,0,0,0,0,0,0,0,0,0,0
2002,470341,1,1,0,0,0,0,0,0,0,0,0,0
2002,470341,2,1,0,0,0,0,0,0,0,0,0,0
2002,470342,1,1,0,0,0,0,0,0,0,0,0,0
2002,470342,2,1,0,0,0,0,0,0,0,0,0,0
2002,470343,1,1,0,0,0,0,0,0,0,0,0,0
2002,470343,2,1,0,0,0,0,0,0,0,0,0,0
2002,470344,1,1,0,0,0,0,0,0,0,0,0,0
2002,470345,1,1,0,0,0,0,0,0,0,0,0,0
2002,470345,2,1,0,0,0,0,0,0,0,0,0,0
2002,470346,1,1,0,0,0,0,0,0,0,0,0,0
2002,470346,2,1,0,0,0,0,0,0,0,0,0,0
2002,470346,3,1,0,0,0,0,0,0,0,0,0,0
2002,470346,4,1,0,0,0,0,0,0,0,0,0,0
2002,470346,5,1,0,0,0,0,0,0,0,0,0,0
2002,470347,1,1,30,30,30,30,30,30,30,30,30,30
2002,470348,1,1,25,25,25,25,25,25,25,25,25,25
2002,470349,1,1,9,9,9,9,9,9,9,9,9,9
2002,470350,1,1,13,13,13,13,13,13,13,13,13,13
2002,470351,1,1,0,0,0,0,0,11,9,0,0,16
2002,470352,1,1,21,21,21,21,21,21,21,21,21,21
2002,470353,1,1,0,0,0,0,0,0,0,0,0,0
2002,470353,2,1,0,0,0,0,0,0,0,0,0,0
2002,470354,1,1,0,0,0,0,0,0,0,0,0,0
2002,470355,1,1,12,12,12,12,12,12,12,12,12,12
2002,470356,1,1,0,0,0,0,0,0,0,0,0,0
2002,470356,2,1,0,0,0,0,0,0,0,0,0,0
2002,470357,1,1,0,0,0,0,0,0,0,0,0,0
2002,470357,2,1,0,0,0,0,0,0,0,0,0,0
2002,470358,0,1,18,18,18,18,18,18,18,18,18,18
2002,470358,1,1,0,0,0,0,0,21,0,0,0,0
2002,470359,1,1,0,0,0,0,0,0,0,0,0,0
2002,470359,2,1,0,0,0,0,0,0,0,0,0,0
2002,470360,1,1,0,0,0,0,0,0,0,0,0,0
2002,470360,2,1,0,0,0,0,0,0,0,0,0,0
2002,470361,1,1,0,12,0,0,0,0,0,0,0,0
2002,470362,1,1,8,7,11,14,20,11,18,10,23,9
2002,470363,1,1,12,12,12,12,12,12,12,12,12,12
2002,470364,1,1,0,0,0,0,0,0,0,0,0,22
2002,470364,2,1,0,0,0,0,0,0,0,0,0,0
2002,470364,3,1,0,0,0,0,0,0,0,0,0,0
2002,470365,1,1,0,0,0,0,0,0,0,0,0,0
2002,470365,2,1,2,2,2,2,2,2,2,2,2,2
2002,470365,3,1,0,0,0,0,0,0,0,0,0,0
2002,470365,4,1,0,0,0,0,0,0,0,0,0,0
2002,470366,1,1,21,21,21,21,21,21,21,21,21,21
2002,470367,1,1,0,0,0,0,0,0,0,0,0,0
2002,470367,2,1,0,0,12,0,0,0,0,0,0,0
2002,470368,1,1,15,15,15,15,15,15,15,15,15,15
2002,470369,1,1,0,0,0,0,0,0,0,0,0,0
2002,470369,2,1,0,0,0,0,0,0,0,0,0,0
2002,470370,1,1,26,26,26,26,26,26,26,26,26,26
2002,470371,1,1,10,10,10,10,10,10,10,10,10,10
2002,470372,1,1,16,16,16,16,16,16,16,16,16,16
2002,470373,1,1,23,14,0,28,0,46,29,0,0,0
2002,470374,1,1,18,18,18,18,18,18,18,18,18,18
2002,470375,0,1,0,25,0,35,19,14,13,0,19,0
2002,470375,1,1,0,0,0,0,0,0,0,0,0,0
2002,470376,1,1,0,0,0,0,0,0,0,0,0,0
2002,470377,0,1,0,0,0,0,0,0,0,0,0,0
2002,470377,1,1,0,0,0,0,0,0,0,0,0,0
2002,470378,1,1,0,8,0,0,0,0,0,0,0,0
2002,470379,1,1,17,17,17,17,17,17,17,17,17,17
2002,470380,0,1,0,0,0,0,0,0,0,0,0,0
2002,470380,1,1,0,0,0,0,0,0,0,0,0,0
2002,470382,1,1,25,25,25,25,25,25,25,25,25,25
2002,470383,1,1,4,4,4,4,4,4,4,4,4,4
2002,470384,1,1,0,0,0,0,0,0,0,0,0,0
2002,470385,1,1,0,0,0,0,0,0,0,0,0,0
2002,470385,2,1,0,0,0,0,0,0,0,0,0,0
2002,470386,0,1,33,0,0,35,0,0,0,0,0,0
2002,470386,1,1,15,0,0,0,0,0,0,0,0,0
2002,470387,1,1,21,21,21,21,21,21,21,21,21,21
2002,470388,1,1,0,0,0,0,0,0,0,0,0,0
2002,470388,2,1,0,0,0,0,0,0,0,0,0,0
2002,470389,1,1,20,20,20,20,20,20,20,20,20,20
2002,470390,1,1,12,12,12,12,12,12,12,12,12,12
2002,470391,1,1,0,0,0,0,0,0,0,0,0,0
2002,470392,0,1,18,18,18,18,18,18,18,18,18,18
2002,470392,1,1,0,0,0,0,0,0,0,0,0,0
2002,470393,1,1,32,32,32,32,32,32,32,32,32,32
2002,470394,1,1,8,8,8,8,8,8,8,8,8,8
2002,470395,1,1,0,0,0,0,0,6,0,19,0,0
2002,470396,1,1,0,0,0,0,0,0,0,0,0,0
2002,470396,2,1,25,0,16,16,0,10,0,0,0,0
2002,470397,1,1,0,0,0,8,0,0,11,0,0,0
2002,470398,1,1,0,0,10,0,0,0,0,0,0,0
2002,470399,1,1,0,0,0,0,0,0,0,0,0,0
2002,470400,1,1,0,0,0,0,0,0,0,0,0,0
2002,470401,1,1,17,0,0,0,25,0,0,0,31,0
2002,470403,1,1,0,0,0,0,0,0,0,0,0,0
2002,470403,2,1,0,0,0,0,0,0,0,0,0,0
2002,470404,1,2,24,0,14,30,0,13,0,14,0,0
2002,470405,0,1,37,37,37,37,37,37,37,37,37,37
2002,470405,1,1,0,0,0,0,0,0,0,0,0,0
2002,470406,1,1,0,0,0,0,0,0,0,0,0,0
2002,470407,1,1,0,0,0,0,0,0,0,0,0,11
2002,470407,2,1,0,0,0,0,0,0,0,0,0,0
2002,470407,3,1,0,0,0,0,0,0,0,0,0,0
2002,470408,1,1,12,12,12,12,12,12,12,12,12,12
2002,470409,1,1,0,0,0,0,0,0,0,0,0,0
2002,470409,2,1,0,0,0,0,0,0,0,0,0,0
2002,470410,1,1,0,0,0,0,0,0,0,0,0,0
2002,470410,2,1,20,0,0,0,0,0,0,0,0,0
2002,470411,1,1,0,0,0,0,0,0,0,0,0,0
2002,470411,2,1,0,0,0,0,0,0,0,0,0,0
2002,470412,1,1,0,0,10,0,0,0,0,0,8,0
2002,470413,1,1,0,0,0,0,0,0,0,0,0,0
2002,470413,2,1,0,0,0,0,0,15,0,14,0,0
2002,470414,1,1,0,0,0,0,0,0,0,0,0,0
2002,470414,2,1,0,0,0,0,0,0,0,0,0,0
2002,470415,1,1,0,0,0,0,0,0,0,0,0,0
2002,470416,1,1,0,0,0,0,0,0,0,0,0,0
2002,470416,2,1,0,0,0,25,0,0,0,0,0,0
2002,470417,1,1,3,3,3,3,3,3,3,3,3,3
2002,470417,2,1,0,0,0,0,0,0,0,0,0,0
2002,470418,1,1,0,0,0,0,0,0,0,0,0,0
2002,470419,1,1,18,18,18,18,18,18,18,18,18,18
2002,470420,1,1,0,0,0,0,27,0,0,0,0,14
2002,470421,1,1,0,0,0,0,0,0,0,0,0,0
2002,470421,2,1,0,0,0,0,0,0,0,0,0,0
2002,470422,1,1,0,0,0,0,0,0,0,0,0,0
2002,470423,1,1,17,17,17,17,17,17,17,17,17,17
2002,470423,2,1,0,0,0,0,0,0,0,0,0,0
2002,470424,1,1,0,0,0,0,0,0,0,0,0,0
2002,470424,2,1,0,0,0,0,14,0,0,0,0,0
2002,470425,1,1,0,0,16,0,20,12,0,0,0,0
2002,470426,1,1,0,0,0,0,0,0,0,17,0,17
2002,470426,2,1,0,0,0,0,0,0,0,0,0,0
2002,470427,1,1,5,5,5,5,5,5,5,5,5,5
2002,470428,0,1,0,7,0,0,19,0,13,0,14,11
2002,470428,1,1,3,3,3,3,3,3,3,3,3,3
2002,470429,1,1,22,22,22,22,22,22,22,22,22,22
2002,470430,1,1,2,12,16,10,6,27,0,21,9,19
2002,470430,2,1,0,0,0,0,0,0,0,0,6,0
2002,470431,1,1,10,0,0,0,0,0,0,0,0,0
2002,470431,2,1,0,0,0,0,0,0,0,0,0,0
2002,470431,3,1,0,0,0,0,0,12,0,0,0,0
2002,470432,1,1,0,0,0,0,0,0,0,0,0,0
2002,470432,2,1,0,0,0,0,0,0,0,0,0,0
2002,470432,3,1,0,0,0,0,0,0,0,0,0,0
2002,470433,1,1,0,0,0,0,0,0,0,0,0,0
2002,470433,2,1,0,0,0,0,0,0,0,0,0,0
2002,470434,1,1,0,0,0,0,0,0,0,0,0,0
2002,470435,1,1,20,20,20,20,20,20,20,20,20,20
2002,470436,1,1,0,0,0,0,0,0,0,0,0,0
2002,470437,1,1,0,0,0,0,0,0,0,0,0,0
2002,470437,2,1,0,0,0,0,0,0,0,0,0,0
2002,470438,1,1,0,0,0,0,0,0,0,0,0,0
2002,470438,2,1,0,0,0,0,15,0,0,0,0,0
2002,470439,1,1,0,0,0,0,0,0,0,0,0,0
2002,470439,2,1,0,0,0,0,0,0,0,0,0,0
2002,470440,1,1,16,17,2,9,21,19,14,6,17,22
2002,470441,1,1,0,0,0,0,0,0,0,0,0,0
2002,470442,1,1,0,0,0,0,0,0,0,0,0,0
2002,470443,1,1,0,0,0,0,0,0,0,0,0,0
2002,470443,2,1,0,0,0,0,0,0,0,0,0,0
2002,470443,3,1,0,0,0,0,0,0,0,0,0,0
2002,470444,1,1,7,7,7,7,7,7,7,7,7,7
2002,470445,1,1,0,0,0,0,0,0,0,0,0,0
2002,470445,2,1,0,0,0,0,0,0,0,0,0,0
2002,470446,1,1,22,22,22,22,22,22,22,22,22,22
2002,470447,1,1,0,0,0,0,0,0,0,0,0,0
2002,470448,1,1,0,0,0,0,0,0,0,0,0,0
2002,470449,1,1,9,9,9,9,9,9,9,9,9,9
2002,470450,1,1,0,0,0,0,0,0,0,0,0,0
2002,470450,2,1,0,0,0,0,0,0,0,0,0,0
2002,470451,1,1,12,12,12,12,12,12,12,12,12,12
2002,470452,1,1,0,0,0,0,0,0,0,0,0,0
2002,470452,2,1,0,0,0,0,0,0,0,0,0,0
2002,470453,1,1,0,0,0,0,0,0,0,0,0,0
2002,470453,2,1,0,0,0,0,0,0,0,0,0,0
2002,470454,1,1,0,0,0,0,0,0,0,0,0,0
2002,470454,2,1,0,0,0,0,0,0,0,0,0,0
2002,470455,1,1,3,3,3,3,3,3,3,3,3,3
2002,470456,1,1,33,0,18,24,23,15,0,23,15,21
2002,470457,1,1,20,20,20,20,20,20,20,20,20,20
2002,470458,1,1,0,0,0,25,0,0,0,0,0,0