YEAR,ST_CASE,veh_no,per_no,P1,P2,P3,P4,P5,P6,P7,P8,P9,P10
2002,481068,1,1,0,0,0,0,0,0,0,0,0,0
2002,481069,1,1,0,0,0,0,5,0,0,0,0,0
2002,481069,2,1,0,0,0,5,0,0,12,0,0,0
2002,481071,1,1,0,0,0,0,0,0,0,0,0,0
2002,481072,1,1,0,0,8,0,0,0,0,0,0,0
2002,481072,2,1,0,0,0,0,0,0,0,0,14,0
2002,481073,1,1,19,19,19,19,19,19,19,19,19,19
2002,481074,1,1,9,9,9,9,9,9,9,9,9,9
2002,481075,1,1,0,0,0,0,0,0,0,0,0,0
2002,481075,2,1,4,0,0,22,17,0,0,18,0,22
2002,481076,1,1,0,0,0,0,0,0,0,0,0,0
2002,481076,2,1,0,0,0,0,0,0,0,0,0,0
2002,481077,1,1,0,0,0,0,24,0,0,0,0,0
2002,481078,0,1,7,7,7,7,7,7,7,7,7,7
2002,481078,1,1,0,0,0,0,0,0,0,0,0,0
2002,481078,2,1,0,0,0,0,15,18,0,0,0,0
2002,481079,1,1,0,0,0,0,0,0,19,0,0,4
2002,481079,2,1,2,2,2,2,2,2,2,2,2,2
2002,481080,1,1,0,0,0,0,0,0,0,0,0,0
2002,481080,2,1,0,0,0,10,0,0,0,0,0,0
2002,481081,1,1,0,0,0,12,0,0,0,0,0,0
2002,481081,2,1,0,0,0,0,0,0,0,0,0,0
2002,481082,0,1,23,23,23,23,23,23,23,23,23,23
2002,481082,1,1,0,0,0,0,0,0,0,0,0,0
2002,481083,1,1,0,0,0,0,0,0,0,0,0,0
2002,481083,2,1,0,0,0,0,0,0,0,0,0,0
2002,481084,0,1,12,8,0,17,0,0,0,0,0,0
2002,481084,1,1,0,0,0,0,0,0,0,0,0,0
2002,481085,1,1,0,0,0,0,0,0,0,0,0,0
2002,481085,2,1,24,0,0,0,0,0,0,0,0,0
2002,481086,1,1,0,0,0,0,0,0,0,0,0,0
2002,481086,2,1,0,0,0,0,19,0,0,0,0,0
2002,481087,1,1,0,0,0,0,0,0,0,0,0,0
2002,481087,3,1,0,0,0,0,0,5,0,0,0,0
2002,481088,1,1,10,12,11,29,18,22,0,17,14,15
2002,481089,1,1,0,0,0,0,0,0,0,0,0,0
2002,481089,2,1,0,0,0,0,0,0,0,0,0,0
2002,481090,1,1,0,0,0,0,0,0,5,0,0,0
2002,481091,0,1,24,24,24,24,24,24,24,24,24,24
2002,481091,1,1,0,0,0,0,0,0,0,0,3,0
2002,481092,1,1,0,0,0,0,0,0,0,0,0,0
2002,481093,1,1,0,0,0,0,0,0,0,8,0,6
2002,481094,1,1,0,0,0,0,0,0,0,0,0,0
2002,481094,2,1,0,0,0,0,0,0,0,0,0,0
2002,481095,1,1,22,22,22,22,22,22,22,22,22,22
2002,481095,2,1,17,7,10,0,26,13,28,38,15,10
2002,481095,3,1,6,28,0,14,7,0,18,18,5,17
2002,481095,4,1,12,0,17,5,12,0,0,9,0,0
2002,481096,1,1,13,15,8,17,9,15,15,7,23,13
2002,481097,1,1,0,0,0,0,0,0,0,0,0,0
2002,481098,0,1,19,12,27,0,0,29,0,25,17,45
2002,481098,1,1,0,17,0,17,11,18,0,0,11,0
2002,481099,1,1,0,0,0,0,0,0,0,0,0,0
2002,481100,1,1,0,0,0,0,0,0,0,0,0,0
2002,481100,2,1,0,0,0,0,0,0,0,0,0,0
2002,481101,1,1,20,20,20,20,20,20,20,20,20,20
2002,481101,2,1,0,0,0,0,0,0,0,0,0,0
2002,481101,3,1,0,0,0,0,0,0,0,0,0,0
2002,481102,1,1,0,22,0,17,0,0,0,11,0,13
2002,481103,1,1,21,21,21,21,21,21,21,21,21,21
2002,481103,2,1,0,0,0,0,0,0,0,0,0,0
2002,481104,1,1,22,22,22,22,22,22,22,22,22,22
2002,481104,2,1,0,0,0,0,0,0,0,0,0,0
2002,481105,0,1,0,25,11,0,0,0,0,19,0,6
2002,481105,1,1,19,19,19,19,19,19,19,19,19,19
2002,481106,1,1,0,0,0,0,0,0,0,0,18,0
2002,481106,2,1,0,0,0,0,0,0,0,0,23,0
2002,481107,1,1,14,22,16,20,9,9,22,25,6,0
2002,481108,1,1,8,8,8,8,8,8,8,8,8,8
2002,481109,1,1,0,0,0,0,0,0,0,0,0,0
2002,481110,1,1,22,22,22,22,22,22,22,22,22,22
2002,481111,1,1,0,0,0,0,0,0,0,0,12,0
2002,481111,2,1,0,0,0,0,0,0,0,0,0,0
2002,481112,1,1,0,0,0,0,0,0,0,0,0,0
2002,481113,1,1,0,0,0,0,0,0,0,0,0,0
2002,481114,1,1,29,29,29,29,29,29,29,29,29,29
2002,481115,0,1,23,23,23,23,23,23,23,23,23,23
2002,481115,1,1,0,0,0,0,0,0,0,0,0,0
2002,481115,2,1,0,5,0,0,0,17,27,11,7,0
2002,481116,1,1,21,21,21,21,21,21,21,21,21,21
2002,481116,2,1,0,0,0,0,0,0,0,0,0,0
2002,481116,3,1,0,0,0,0,0,0,0,0,0,0
2002,481116,4,1,0,7,0,15,21,0,0,0,13,0
2002,481117,1,1,18,18,18,18,18,18,18,18,18,18
2002,481118,1,1,7,0,15,13,0,0,0,0,0,0
2002,481119,1,1,12,17,18,40,18,0,10,0,9,33
2002,481120,1,1,11,11,11,11,11,11,11,11,11,11
2002,481121,1,1,0,0,0,0,28,0,0,0,0,0
2002,481122,1,1,0,0,0,0,0,0,0,0,0,0
2002,481122,2,1,0,0,0,0,0,0,0,0,0,0
2002,481123,1,1,0,0,0,0,0,0,0,0,0,0
2002,481123,2,1,0,0,0,0,0,0,0,0,0,0
2002,481124,1,1,18,18,18,18,18,18,18,18,18,18
2002,481125,1,1,0,0,0,0,0,0,0,0,0,0
2002,481125,2,1,0,0,0,0,0,0,0,0,0,0
2002,481126,1,1,24,24,0,24,0,0,0,0,23,36
2002,481127,0,1,0,0,0,0,0,0,0,0,0,0
2002,481127,1,1,0,0,0,0,0,0,0,0,0,0
2002,481128,1,1,0,0,0,0,0,0,0,0,0,0
2002,481128,2,1,0,0,0,0,0,0,0,0,0,0
2002,481129,1,1,26,26,26,26,26,26,26,26,26,26
2002,481129,2,1,0,0,0,0,0,0,0,0,0,0
2002,481130,1,1,23,31,12,22,21,0,8,27,0,0
2002,481131,1,1,0,16,0,8,7,0,0,14,0,0
2002,481132,1,1,0,0,0,0,9,0,0,0,12,0
2002,481133,1,1,0,8,8,0,0,0,0,13,16,0
2002,481134,1,1,0,0,0,10,0,0,23,8,24,0
2002,481135,1,1,0,0,0,0,0,0,0,0,0,0
2002,481136,1,1,0,0,0,0,0,0,0,0,0,0
2002,481136,2,1,0,0,0,0,15,0,0,15,0,0
2002,481137,1,1,23,23,23,23,23,23,23,23,23,23
2002,481138,1,1,16,0,0,19,0,0,0,4,33,26
2002,481139,0,1,0,0,0,0,0,0,0,0,0,0
2002,481139,1,1,0,0,0,0,0,0,0,0,0,0
2002,481139,3,1,0,0,0,0,0,0,0,0,0,0
2002,481140,1,1,21,21,21,21,21,21,21,21,21,21
2002,481141,1,1,3,3,3,3,3,3,3,3,3,3
2002,481142,1,1,0,0,0,0,0,0,0,0,0,0
2002,481142,2,1,19,0,0,0,0,0,24,0,0,26
2002,481143,1,1,13,13,13,13,13,13,13,13,13,13
2002,481144,1,1,0,0,0,0,0,0,0,0,0,0
2002,481144,2,1,0,0,0,0,0,0,0,11,0,0
2002,481144,3,1,0,0,0,0,0,0,0,0,0,0
2002,481145,1,1,10,0,0,0,0,0,0,0,26,0
2002,481146,1,1,0,0,0,0,0,0,0,0,0,0
2002,481147,1,1,0,0,17,0,0,17,0,12,0,0
2002,481148,1,1,0,0,0,0,0,0,0,0,0,0
2002,481148,2,1,22,0,0,0,8,0,0,0,0,0
2002,481149,1,1,0,0,0,0,14,0,0,0,0,0
2002,481149,2,1,0,0,0,0,0,0,0,0,0,0
2002,481150,1,1,21,0,8,19,0,32,4,21,11,26
2002,481151,1,1,0,19,15,14,0,0,13,0,11,0
2002,481152,1,1,18,18,18,18,18,18,18,18,18,18
2002,481153,1,1,27,27,27,27,27,27,27,27,27,27
2002,481154,1,1,0,0,0,0,0,0,12,0,0,0
2002,481154,2,1,0,9,0,0,0,5,0,0,0,0
2002,481155,1,1,11,11,11,11,11,11,11,11,11,11
2002,481156,1,1,8,8,8,8,8,8,8,8,8,8
2002,481157,0,1,0,0,0,0,0,0,7,0,0,12
2002,481157,1,1,11,18,6,0,5,0,0,23,21,0
2002,481158,1,1,0,0,21,0,0,0,0,0,16,0
2002,481158,2,1,7,19,10,0,13,0,5,9,26,16
2002,481159,1,1,0,0,0,0,0,0,0,0,0,0
2002,481160,1,1,21,21,21,21,21,21,21,21,21,21
2002,481161,0,1,30,30,30,30,30,30,30,30,30,30
2002,481161,1,1,0,0,18,16,0,0,0,14,0,23
2002,481162,0,1,12,12,12,12,12,12,12,12,12,12
2002,481162,1,1,6,0,0,0,0,0,11,0,0,0
2002,481163,1,1,0,0,20,0,0,0,0,0,0,0
2002,481164,1,1,0,0,0,0,14,0,12,0,0,0
2002,481164,2,1,0,25,0,0,0,0,0,9,0,0
2002,481165,0,1,0,0,0,0,0,0,0,11,0,0
2002,481165,1,1,0,0,0,0,0,0,0,0,0,0
2002,481166,0,1,0,23,34,0,0,0,27,14,0,21
2002,481166,1,1,0,0,0,0,8,0,0,17,0,0
2002,481167,0,1,0,10,0,8,0,22,0,0,0,17
2002,481167,1,1,0,0,0,0,0,0,0,0,0,7
2002,481168,1,1,18,18,18,18,18,18,18,18,18,18
2002,481169,1,1,38,28,0,22,0,0,0,0,0,0
2002,481169,2,1,0,18,0,0,0,0,11,0,0,0
2002,481171,1,1,18,18,18,18,18,18,18,18,18,18
2002,481172,1,1,0,0,0,0,0,0,0,0,0,0
2002,481173,1,1,0,0,0,0,0,0,0,0,0,0
2002,481174,1,1,0,0,0,0,0,0,0,0,0,0
2002,481174,2,1,0,0,0,0,0,0,0,0,0,0
2002,481175,1,1,13,28,20,28,7,16,0,0,0,0
2002,481176,1,1,21,21,21,21,21,21,21,21,21,21
2002,481176,2,1,0,0,0,0,0,0,0,0,0,0
2002,481177,1,1,0,0,0,0,7,0,15,9,0,0
2002,481177,2,1,0,0,0,0,0,0,0,0,0,0
2002,481178,1,1,0,25,0,27,15,0,11,13,0,18
2002,481179,1,1,0,0,3,11,15,0,0,0,0,9
2002,481180,1,1,9,13,0,15,22,0,20,14,15,28
2002,481181,1,1,0,0,0,0,0,0,0,0,0,0
2002,481181,2,1,0,0,0,0,0,0,15,0,20,0
2002,481182,1,1,0,0,0,0,0,0,0,0,0,0
2002,481182,2,1,0,12,0,0,0,0,0,0,0,8
2002,481183,0,1,0,0,0,0,0,0,0,13,30,0
2002,481183,1,1,16,16,16,16,16,16,16,16,16,16
2002,481184,1,1,25,25,25,25,25,25,25,25,25,25
2002,481185,1,1,0,11,0,0,0,0,0,0,0,0
2002,481185,2,1,0,0,0,0,0,0,0,0,0,0
2002,481186,1,1,0,0,24,0,8,15,0,0,32,0
2002,481186,2,1,0,0,19,6,0,0,0,11,0,0
2002,481187,0,1,17,0,0,0,0,0,0,0,0,18
2002,481187,1,1,0,0,0,0,0,0,0,0,0,10
2002,481188,1,1,26,26,26,26,26,26,26,26,26,26
2002,481188,2,1,0,0,0,0,0,0,0,0,0,0
2002,481189,1,1,0,0,0,0,17,0,0,0,0,17
2002,481189,2,1,0,0,10,12,11,0,0,0,0,14
2002,481189,3,1,0,0,0,0,0,0,0,0,9,0
2002,481190,1,1,31,31,31,31,31,31,31,31,31,31
2002,481191,1,1,0,0,0,0,0,0,0,0,0,0
2002,481191,2,1,0,0,0,0,0,0,0,0,0,0
2002,481192,1,1,8,13,10,3,19,18,10,22,20,18
2002,481193,1,1,18,18,18,18,18,18,18,18,18,18
2002,481193,2,1,0,0,0,0,23,0,2,0,0,0
2002,481193,3,1,0,0,0,10,0,0,0,0,0,12
2002,481194,1,1,26,26,26,26,26,26,26,26,26,26
2002,481195,1,1,11,14,0,18,23,28,7,8,13,10
2002,481196,1,1,0,0,0,0,0,0,0,0,0,0
2002,481196,2,1,4,12,11,0,11,0,13,0,4,0
2002,481196,3,1,0,21,20,21,0,0,0,0,0,25
2002,481197,0,1,22,5,27,15,0,19,31,14,19,29
2002,481197,1,1,0,0,0,13,0,6,0,9,18,0
2002,481198,1,1,28,0,0,0,0,0,0,0,0,0
2002,481198,2,1,0,0,0,0,0,7,0,0,0,0
2002,481199,1,1,11,11,11,11,11,11,11,11,11,11
2002,481199,2,1,0,0,0,0,0,0,0,0,0,0
2002,481200,0,1,0,0,28,20,20,27,8,20,33,19
2002,481200,1,1,26,11,17,9,12,26,17,16,28,9
2002,481200,2,1,0,11,23,0,0,30,12,0,0,0
2002,481201,1,1,18,18,18,18,18,18,18,18,18,18
2002,481202,0,1,32,29,0,19,0,30,33,15,28,45
2002,481202,1,1,0,0,0,0,0,0,0,0,0,0
2002,481203,1,1,0,0,0,0,0,0,0,0,0,0
2002,481204,1,1,11,21,24,17,18,2,0,14,23,16
2002,481205,1,1,23,23,23,23,23,23,23,23,23,23
2002,481206,1,1,0,0,0,0,0,0,0,0,0,0
2002,481207,1,1,0,9,5,6,15,19,0,13,21,19
2002,481207,2,1,0,0,0,0,0,0,0,0,0,0
2002,481208,1,1,19,19,19,19,19,19,19,19,19,19
2002,481209,1,1,0,0,0,0,0,0,0,0,0,0
2002,481210,1,1,0,0,8,0,0,0,0,0,0,0
2002,481210,2,1,0,0,0,0,0,31,0,0,0,0
2002,481211,1,1,0,0,0,0,16,0,0,0,0,0
2002,481212,1,1,17,17,17,17,17,17,17,17,17,17
2002,481213,1,1,0,0,0,0,0,0,0,0,0,0
2002,481214,1,1,33,17,23,10,0,27,18,23,8,22
2002,481215,1,1,22,22,22,22,22,22,22,22,22,22
2002,481216,1,1,0,0,0,0,0,0,0,0,0,0
2002,481216,2,1,0,0,0,0,0,0,0,0,0,0
2002,481217,1,1,0,0,0,0,0,0,0,0,0,0
2002,481217,2,1,0,0,0,0,0,0,0,0,0,0
2002,481218,1,1,20,25,14,14,8,9,18,26,3,23
2002,481219,0,1,13,24,21,22,16,0,13,15,14,15
2002,481219,1,1,0,0,0,0,0,0,0,0,0,0
2002,481220,1,1,0,0,0,0,0,0,0,0,0,0
2002,481221,1,1,16,16,16,16,16,16,16,16,16,16
2002,481222,1,1,18,18,18,18,18,18,18,18,18,18
2002,481223,0,1,0,21,0,0,17,0,0,0,27,0
2002,481223,0,2,10,0,0,0,0,23,0,23,12,0
2002,481223,1,1,0,0,0,0,0,0,0,0,0,0
2002,481224,1,1,0,0,0,0,10,0,0,0,0,6
2002,481224,2,1,0,0,0,0,0,0,0,0,0,0
2002,481225,1,1,0,0,0,0,0,0,0,0,0,0
2002,481225,2,1,0,0,0,0,0,0,0,0,0,0
2002,481226,1,1,0,0,0,0,0,0,0,0,19,0
2002,481226,2,1,0,0,0,0,0,0,0,0,0,0
2002,481227,1,1,0,0,0,0,0,0,0,0,9,0
2002,481227,2,1,4,0,0,0,0,0,0,0,0,0
2002,481228,1,1,0,0,0,0,0,0,0,0,0,0
2002,481229,1,1,0,6,0,9,0,0,17,0,0,8
2002,481230,1,1,0,0,0,0,0,0,0,0,0,0
2002,481230,2,1,0,0,0,0,0,0,0,0,0,0
2002,481230,3,1,0,0,0,0,0,0,0,0,0,8
2002,481231,1,1,0,0,0,0,0,0,0,3,0,0
2002,481231,2,1,22,22,22,22,22,22,22,22,22,22
2002,481232,1,1,0,0,0,0,0,0,0,0,0,0
2002,481233,1,1,0,0,0,9,0,9,0,25,28,15
2002,481234,0,1,0,0,0,0,0,0,0,0,0,0
2002,481234,1,1,0,0,0,0,0,0,0,0,0,0
2002,481235,1,1,0,0,0,0,0,0,0,0,0,0
2002,481235,2,1,0,0,0,0,0,0,0,0,0,0
2002,481236,1,1,11,11,11,11,11,11,11,11,11,11
2002,481237,1,1,0,0,0,0,0,0,0,0,0,0
2002,481238,1,1,0,33,0,0,0,0,0,0,0,0
2002,481238,2,1,0,0,0,0,0,0,0,0,0,0
2002,481238,3,1,0,0,0,0,0,0,0,0,0,0
2002,481239,1,1,8,0,0,18,0,0,0,0,0,0
2002,481239,2,1,0,0,0,0,0,0,0,19,0,0
2002,481240,1,1,0,0,0,0,0,0,0,0,0,0
2002,481240,2,1,0,0,0,0,0,10,0,0,0,22
2002,481241,1,1,13,11,19,0,0,0,0,0,18,18
2002,481241,2,1,0,0,0,0,0,0,0,0,0,0
2002,481242,1,1,0,0,0,0,0,0,0,11,0,0
2002,481242,2,1,0,14,9,15,0,10,0,30,10,29
2002,481243,1,1,0,0,0,0,0,0,0,0,0,0
2002,481244,1,1,23,30,15,14,26,22,21,3,13,6
2002,481245,1,1,0,18,0,14,19,20,24,15,24,22
2002,481246,1,1,0,0,0,0,0,0,0,0,0,0
2002,481246,2,1,0,0,0,0,0,0,0,0,0,0
2002,481247,1,1,0,0,0,0,0,0,0,0,0,0
2002,481247,2,1,0,0,0,0,0,0,0,0,0,0
2002,481248,1,1,0,0,0,0,0,0,0,0,0,7
2002,481249,1,1,0,0,0,0,0,0,0,0,0,0
2002,481249,2,1,0,0,0,0,0,0,0,0,0,0
2002,481249,3,1,17,19,9,0,0,7,0,27,3,0
2002,481250,1,1,0,0,0,0,0,0,0,0,0,0
2002,481250,2,1,0,0,0,0,0,0,0,0,0,0
2002,481251,1,1,6,22,24,11,11,10,16,18,14,8
2002,481251,2,1,0,0,4,5,15,19,26,15,25,18
2002,481252,1,1,22,0,0,0,0,0,17,8,34,0
2002,481253,1,1,0,0,0,0,0,0,0,0,0,0
2002,481253,2,1,0,0,0,0,0,0,0,0,0,0
2002,481254,1,1,0,0,0,0,0,0,0,0,0,0
2002,481255,1,1,0,0,5,0,0,0,0,0,0,0
2002,481256,0,1,0,0,0,0,0,0,0,0,6,0
2002,481256,1,1,0,0,0,0,0,11,17,0,0,0
2002,481257,1,1,17,17,17,17,17,17,17,17,17,17
2002,481258,1,1,32,24,33,17,32,31,32,0,38,18
2002,481259,1,1,0,0,0,10,0,0,0,0,0,0
2002,481259,2,1,0,0,0,0,0,0,0,0,0,0
2002,481260,1,1,0,0,0,0,0,0,0,0,0,0
2002,481261,1,1,0,0,0,0,0,0,0,0,0,0
2002,481261,2,1,0,0,0,0,0,0,0,0,0,0
2002,481262,1,1,0,0,0,0,0,0,0,0,0,0
2002,481262,2,1,0,0,0,0,0,0,0,0,0,0
2002,481263,1,1,26,26,26,26,26,26,26,26,26,26
2002,481264,1,1,0,0,0,0,0,0,0,0,0,0
2002,481264,2,1,0,0,0,0,0,0,0,0,0,0
2002,481264,3,1,0,0,0,0,0,0,0,0,0,0
2002,481265,1,1,0,0,0,0,0,0,0,0,0,0
2002,481265,2,1,0,0,0,0,0,0,0,0,0,0
2002,481265,3,1,0,0,0,0,0,0,0,0,0,0
2002,481265,4,1,0,0,0,0,0,0,0,0,0,0
2002,481265,5,1,0,0,0,0,0,0,0,0,0,0
2002,481266,1,1,0,0,0,0,9,0,0,0,0,0
2002,481267,1,1,0,0,0,0,0,0,0,0,0,9
2002,481267,2,1,0,0,0,23,0,0,0,0,0,23
2002,481268,1,1,0,0,0,0,0,0,0,0,0,0
2002,481269,1,1,0,0,0,0,0,0,0,0,0,0
2002,481270,1,1,0,0,0,0,0,0,0,0,0,0
2002,481270,2,1,12,12,12,12,12,12,12,12,12,12
2002,481271,1,1,0,0,0,0,0,0,0,0,0,0
2002,481271,2,1,0,0,0,0,0,0,0,0,0,0
2002,481271,3,1,0,0,0,0,0,0,0,0,0,0
2002,481272,1,1,17,17,17,17,17,17,17,17,17,17
2002,481273,1,1,9,9,9,9,9,9,9,9,9,9
2002,481274,1,1,12,8,14,22,0,15,17,21,15,18
2002,481275,1,1,0,0,0,0,0,0,0,0,0,0
2002,481275,2,1,0,0,0,0,0,0,0,0,0,0
2002,481276,1,1,22,5,19,12,7,12,5,10,4,15
2002,481276,2,1,0,0,0,0,15,0,0,0,6,0
2002,481277,1,1,26,26,26,26,26,26,26,26,26,26
2002,481278,1,1,0,0,0,0,0,0,0,0,0,0
2002,481278,2,1,0,0,21,0,16,0,0,16,0,0
2002,481279,1,1,13,13,13,13,13,13,13,13,13,13
2002,481279,2,1,0,0,0,0,0,0,0,0,0,0
2002,481280,1,1,0,0,0,0,0,0,0,0,0,0
2002,481280,2,1,0,0,0,0,0,0,0,0,0,0
2002,481280,3,1,0,0,0,14,0,0,0,0,2,0
2002,481281,1,1,20,16,13,32,0,26,22,28,20,45
2002,481282,0,1,0,0,0,0,0,0,0,0,0,0
2002,481282,1,1,0,8,0,0,0,0,0,0,0,0
2002,481283,1,1,0,24,0,0,0,0,0,0,0,0
2002,481283,2,1,0,0,0,0,0,0,0,0,17,0
2002,481283,3,1,0,0,5,0,0,2,0,0,0,0
2002,481284,1,1,0,0,0,0,0,0,0,0,0,0
2002,481284,2,1,0,0,0,0,0,0,0,0,0,0
2002,481285,1,1,0,0,0,0,0,0,0,0,0,0
2002,481286,1,1,0,0,0,0,0,0,0,0,0,0
2002,481286,2,1,0,0,0,0,0,0,0,0,0,0
2002,481287,1,1,13,13,13,13,13,13,13,13,13,13
2002,481288,1,1,0,0,0,0,0,0,0,0,0,0
2002,481288,2,1,5,0,0,0,0,0,0,0,0,0
2002,481289,1,1,0,0,0,0,0,0,4,0,0,0
2002,481289,2,1,0,0,0,0,0,0,8,0,0,0
2002,481290,1,1,0,0,0,0,0,0,0,0,0,0
2002,481291,1,1,0,34,0,20,10,30,15,19,0,12
2002,481292,1,1,26,26,26,26,26,26,26,26,26,26
2002,481293,1,1,1,1,1,1,1,1,1,1,1,1
2002,481293,2,1,6,6,6,6,6,6,6,6,6,6
2002,481294,1,1,8,12,9,24,21,17,29,35,21,19
2002,481295,1,1,0,0,0,13,0,16,0,0,7,0
2002,481296,1,1,0,0,7,0,0,3,0,7,0,0
2002,481297,1,1,14,5,12,6,32,23,14,21,16,10
2002,481298,1,1,6,15,10,21,8,17,22,10,33,17
2002,481299,1,1,0,0,0,0,0,0,0,0,0,0
2002,481299,2,1,0,0,0,0,0,0,0,0,0,0
2002,481299,3,1,0,0,0,0,0,0,0,0,0,0
2002,481300,1,1,0,0,0,0,0,0,0,0,0,0
2002,481300,2,1,0,0,0,0,0,0,0,0,0,0
2002,481300,3,1,0,8,0,0,0,0,0,0,0,0
2002,481300,4,1,0,0,0,0,0,0,0,0,0,0
2002,481301,1,1,0,0,0,0,2,0,0,0,0,0
2002,481301,2,1,0,0,0,0,0,0,0,0,0,0
2002,481302,1,1,25,0,24,22,0,15,17,31,13,33
2002,481303,1,1,17,17,17,17,17,17,17,17,17,17
2002,481304,1,1,16,16,16,16,16,16,16,16,16,16
2002,481304,2,1,10,7,19,0,0,8,0,0,9,0
2002,481305,1,1,0,0,0,0,0,0,0,0,0,0
2002,481305,2,1,0,0,0,0,0,0,0,0,0,0
2002,481305,3,1,0,0,0,0,11,0,0,24,8,0
2002,481306,1,1,20,20,20,20,20,20,20,20,20,20
2002,481307,1,1,0,0,0,0,0,0,0,0,0,0
2002,481308,1,1,21,21,21,21,21,21,21,21,21,21
2002,481309,1,1,0,0,0,0,0,0,0,23,0,0
2002,481310,1,1,14,14,14,14,14,14,14,14,14,14
2002,481311,1,1,0,0,0,0,0,0,0,0,0,0
2002,481312,1,1,0,0,0,0,0,0,0,0,0,0
2002,481312,2,1,0,0,0,0,0,0,0,0,0,0
2002,481312,3,1,0,0,0,0,0,0,0,0,0,0
2002,481313,0,1,16,12,0,0,0,0,34,0,0,0
2002,481313,1,1,5,5,21,16,13,5,10,12,28,13
2002,481314,1,1,0,0,0,0,0,0,0,0,0,0
2002,481315,1,1,0,0,0,0,0,0,0,0,0,0
2002,481316,1,1,0,0,0,0,0,0,0,0,0,6
2002,481316,2,1,18,12,17,0,8,0,0,0,0,0
2002,481317,1,1,0,0,22,0,0,25,0,0,0,0
2002,481318,1,1,11,0,15,0,0,0,0,0,0,0
2002,481318,2,1,0,0,0,0,0,0,0,0,0,0
2002,481319,1,1,16,16,16,16,16,16,16,16,16,16
2002,481320,0,1,0,21,12,0,18,0,0,31,0,11
2002,481320,1,1,0,0,0,0,0,0,8,0,0,0
2002,481321,1,1,7,0,0,0,0,0,0,0,0,0
2002,481322,1,1,0,0,0,0,0,0,0,0,0,0
2002,481322,2,1,0,0,0,0,0,0,0,0,0,0
2002,481323,1,1,0,0,16,0,13,0,0,0,0,0
2002,481323,2,1,15,8,14,0,0,20,0,0,8,20
2002,481324,1,1,0,0,0,0,0,0,0,0,0,0
2002,481324,2,1,0,0,0,0,0,0,0,0,0,0
2002,481325,1,1,0,0,14,0,0,0,0,0,0,6
2002,481325,2,1,0,0,0,0,0,0,0,0,0,0
2002,481326,1,1,0,0,0,0,0,0,0,0,0,0
2002,481326,2,1,0,0,0,0,0,0,0,0,0,0
2002,481327,1,1,25,25,25,25,25,25,25,25,25,25
2002,481327,2,1,0,0,0,19,0,0,0,0,0,0
2002,481328,1,1,0,0,0,0,0,0,0,0,0,0
2002,481329,1,1,18,18,18,18,18,18,18,18,18,18
2002,481329,2,1,0,0,0,11,0,0,0,0,0,10
2002,481330,0,1,13,20,6,28,0,0,0,0,0,0
2002,481330,1,1,19,20,21,20,0,11,0,0,13,14
2002,481331,1,1,13,10,7,9,4,20,9,10,15,11
2002,481331,2,1,0,0,0,5,0,11,14,14,22,0
2002,481332,1,1,0,0,0,0,0,0,0,0,0,0
2002,481332,2,1,0,0,0,0,0,9,0,0,0,0
2002,481333,1,1,8,0,0,20,15,0,19,15,18,0
2002,481334,1,1,10,10,10,10,10,10,10,10,10,10
2002,481335,0,1,6,7,13,17,18,24,15,0,14,28
2002,481335,1,1,0,0,0,15,9,0,24,13,0,16
2002,481336,1,1,21,12,29,27,10,17,32,20,18,0
2002,481337,1,1,0,13,0,10,0,0,43,0,15,20
2002,481337,2,1,0,12,0,0,14,0,14,0,0,0
2002,481338,1,1,27,0,0,0,23,0,5,0,0,0
2002,481339,1,1,17,17,17,17,17,17,17,17,17,17
2002,481340,1,1,0,0,0,0,0,0,0,0,9,0
2002,481340,2,1,0,0,0,0,0,0,0,0,0,0
2002,481341,1,1,23,0,0,0,0,0,0,0,22,20
2002,481341,2,1,0,13,0,0,0,0,25,0,0,0
2002,481342,1,1,31,31,31,31,31,31,31,31,31,31
2002,481343,1,1,0,0,21,5,0,0,0,0,0,4
2002,481343,2,1,0,0,4,0,0,0,0,0,0,0
2002,481344,0,1,36,0,0,0,34,8,22,0,0,0
2002,481344,1,1,0,0,0,0,0,0,12,0,0,0
2002,481345,1,1,8,0,24,23,0,0,4,0,0,18
2002,481345,2,1,0,11,0,0,17,0,0,3,0,21
2002,481346,1,1,18,18,18,18,18,18,18,18,18,18
2002,481347,1,1,0,0,0,4,0,0,6,0,11,9
2002,481348,1,1,26,13,24,0,17,0,20,24,0,12
2002,481349,1,1,15,15,15,15,15,15,15,15,15,15
2002,481350,1,1,0,0,0,0,0,0,0,0,0,0
2002,481350,2,1,0,0,0,0,0,0,0,0,0,0
2002,481351,0,2,0,0,0,0,0,0,0,0,0,0