YEAR,ST_CASE,veh_no,per_no,P1,P2,P3,P4,P5,P6,P7,P8,P9,P10
2002,481637,1,1,0,0,0,0,0,0,0,0,0,0
2002,481638,1,1,0,22,20,17,9,20,13,0,22,16
2002,481639,1,1,11,11,11,11,11,11,11,11,11,11
2002,481639,2,1,14,13,29,0,0,0,0,0,0,2
2002,481640,1,1,0,0,0,0,0,0,0,0,0,0
2002,481640,2,1,28,0,0,0,0,15,0,0,0,0
2002,481640,3,1,0,0,0,0,0,0,13,0,0,0
2002,481640,4,1,0,19,0,0,0,0,0,0,0,0
2002,481641,1,1,16,22,16,14,34,16,13,36,10,16
2002,481641,2,1,20,14,11,0,39,16,16,0,16,9
2002,481642,0,1,16,12,34,53,11,17,0,0,0,0
2002,481642,1,1,0,7,0,17,0,13,24,0,0,0
2002,481643,1,1,0,9,0,0,0,0,0,0,0,0
2002,481643,2,1,14,12,15,0,0,7,7,11,0,23
2002,481644,1,1,15,15,27,30,17,27,9,4,16,8
2002,481645,1,1,12,12,12,12,12,12,12,12,12,12
2002,481646,1,1,0,0,0,0,0,0,19,0,0,0
2002,481647,1,1,0,0,0,0,12,0,0,16,0,0
2002,481647,2,1,23,11,40,13,27,27,8,23,22,14
2002,481647,3,1,0,0,13,0,0,0,24,0,0,23
2002,481648,1,1,30,30,30,30,30,30,30,30,30,30
2002,481649,1,1,7,7,7,7,7,7,7,7,7,7
2002,481650,1,1,15,15,15,15,15,15,15,15,15,15
2002,481651,1,1,0,0,0,0,0,0,0,0,0,0
2002,481651,2,1,0,0,0,0,0,0,0,0,0,0
2002,481651,3,1,0,0,0,0,0,0,0,0,0,0
2002,481652,1,1,10,0,0,17,0,0,10,0,0,0
2002,481652,2,1,0,0,0,0,21,0,0,0,0,0
2002,481653,1,1,0,0,0,0,0,0,0,0,0,0
2002,481654,1,1,0,0,0,9,10,0,0,26,0,0
2002,481654,2,1,0,0,0,0,0,0,13,0,0,0
2002,481654,3,1,17,0,0,0,0,0,0,0,0,0
2002,481655,1,1,0,0,0,8,0,0,13,0,0,0
2002,481655,2,1,0,0,0,4,0,17,0,11,14,15
2002,481656,1,1,0,0,0,0,0,0,0,0,0,0
2002,481656,2,1,0,0,0,0,0,0,0,0,0,0
2002,481657,1,1,0,15,0,18,3,0,19,20,21,6
2002,481657,2,1,23,16,6,0,16,13,5,11,9,12
2002,481658,1,1,14,0,0,25,0,0,0,0,0,0
2002,481658,2,1,0,0,0,0,0,0,0,0,0,0
2002,481659,1,1,0,23,26,0,10,19,38,10,16,9
2002,481660,1,1,0,0,8,14,0,30,0,16,20,0
2002,481660,2,1,0,0,0,0,0,0,0,24,0,0
2002,481661,1,1,17,9,0,19,0,0,20,0,0,27
2002,481662,1,1,0,0,0,0,0,0,0,0,0,0
2002,481662,2,1,0,0,0,0,0,0,0,0,0,0
2002,481663,1,1,6,0,0,0,0,0,0,0,0,28
2002,481663,2,1,14,6,0,15,20,21,23,5,15,8
2002,481664,1,1,23,23,23,23,23,23,23,23,23,23
2002,481665,1,1,5,5,5,5,5,5,5,5,5,5
2002,481665,2,1,0,0,0,0,0,0,0,0,0,0
2002,481666,1,1,0,0,24,0,7,0,0,0,11,0
2002,481667,1,1,32,32,32,32,32,32,32,32,32,32
2002,481668,1,1,20,6,9,25,7,26,26,19,27,0
2002,481669,1,1,13,13,13,13,13,13,13,13,13,13
2002,481670,1,1,14,14,14,14,14,14,14,14,14,14
2002,481670,2,1,14,0,0,0,0,0,14,0,0,0
2002,481671,1,1,0,0,0,0,0,0,0,0,0,0
2002,481671,2,1,0,0,0,0,0,0,0,0,0,0
2002,481671,3,1,0,0,0,0,0,0,0,7,0,11
2002,481672,1,1,0,0,15,6,0,0,0,0,0,0
2002,481672,2,1,0,0,0,0,0,0,0,0,0,23
2002,481673,1,1,21,21,21,21,21,21,21,21,21,21
2002,481674,1,1,9,9,9,9,9,9,9,9,9,9
2002,481675,1,1,6,6,6,6,6,6,6,6,6,6
2002,481676,1,1,0,0,0,0,0,0,0,0,0,0
2002,481676,2,1,0,0,0,0,0,0,0,0,0,0
2002,481677,1,1,0,16,27,20,27,31,26,7,24,8
2002,481678,0,1,10,10,10,10,10,10,10,10,10,10
2002,481678,0,2,16,16,16,16,16,16,16,16,16,16
2002,481678,1,1,0,0,0,0,0,0,0,0,0,0
2002,481678,2,1,0,0,0,0,0,0,0,0,0,0
2002,481679,1,1,0,0,0,0,0,0,0,0,0,0
2002,481679,2,1,13,13,13,13,13,13,13,13,13,13
2002,481680,0,1,0,0,0,0,0,0,0,0,0,0
2002,481680,1,1,0,0,0,0,10,2,0,0,0,0
2002,481681,0,1,0,49,4,0,0,0,0,21,0,0
2002,481681,1,1,0,0,0,3,0,8,11,0,7,0
2002,481682,1,1,24,24,24,24,24,24,24,24,24,24
2002,481683,1,1,10,10,10,10,10,10,10,10,10,10
2002,481684,1,1,0,0,0,0,0,0,0,0,0,0
2002,481684,2,1,0,0,0,0,0,0,0,0,0,0
2002,481685,1,1,34,34,34,34,34,34,34,34,34,34
2002,481686,1,1,11,11,11,11,11,11,11,11,11,11
2002,481687,1,1,0,0,0,0,0,0,0,0,0,0
2002,481687,2,1,0,0,0,0,0,0,0,3,0,0
2002,481688,1,1,20,20,20,20,20,20,20,20,20,20
2002,481689,1,1,0,0,0,0,0,0,0,0,0,0
2002,481690,1,1,0,0,0,0,0,0,0,0,0,0
2002,481691,0,1,0,9,0,0,0,0,32,28,0,0
2002,481691,1,1,0,0,0,0,0,0,0,0,0,0
2002,481692,1,1,0,0,0,0,0,0,0,0,0,0
2002,481693,1,1,0,4,0,0,20,17,0,0,0,23
2002,481694,1,1,0,0,0,0,0,0,0,0,0,0
2002,481695,1,1,15,24,0,23,28,24,9,31,25,23
2002,481696,1,1,0,0,0,0,0,0,0,0,0,0
2002,481697,1,1,0,0,0,0,0,0,0,0,0,0
2002,481697,2,1,0,0,0,0,0,8,0,0,0,0
2002,481698,1,1,0,0,0,0,0,0,0,0,0,0
2002,481699,1,1,6,0,0,25,0,13,0,0,0,0
2002,481699,2,1,0,0,0,0,0,0,0,0,0,0
2002,481700,1,1,0,0,0,0,0,0,0,0,14,0
2002,481701,1,1,0,0,0,0,0,0,0,0,0,0
2002,481701,2,1,0,0,0,0,0,0,0,0,0,0
2002,481702,1,1,0,0,0,0,0,0,0,0,11,20
2002,481703,1,1,0,0,0,0,16,0,0,0,0,0
2002,481703,2,1,0,0,0,0,7,0,0,0,0,0
2002,481704,1,1,11,11,11,11,11,11,11,11,11,11
2002,481705,0,1,25,25,25,25,25,25,25,25,25,25
2002,481705,1,1,0,0,0,0,0,0,0,0,0,0
2002,481706,1,1,0,0,0,0,0,7,0,0,18,0
2002,481707,1,1,0,0,0,7,0,0,0,0,0,31
2002,481707,2,1,0,0,0,0,0,0,0,0,0,15
2002,481708,0,1,0,0,0,0,0,0,0,0,0,0
2002,481708,1,1,0,0,0,0,13,0,0,0,0,0
2002,481709,1,1,0,0,0,0,5,0,0,0,0,4
2002,481709,2,1,0,0,0,0,0,0,0,0,0,0
2002,481709,3,1,21,0,0,0,0,0,0,0,0,0
2002,481710,1,1,0,0,0,0,0,0,0,0,0,0
2002,481710,2,1,4,4,4,4,4,4,4,4,4,4
2002,481711,1,1,15,15,15,15,15,15,15,15,15,15
2002,481711,2,1,20,0,0,0,0,18,27,0,0,0
2002,481711,3,1,27,0,17,0,25,0,0,0,4,17
2002,481711,4,1,22,0,0,17,9,0,0,21,6,0
2002,481713,1,1,0,0,0,0,0,0,0,0,0,0
2002,481713,2,1,0,0,0,0,0,0,0,0,0,0
2002,481714,1,1,11,5,20,0,0,19,17,7,7,9
2002,481715,1,1,0,15,0,9,37,0,12,0,5,0
2002,481716,1,1,0,0,0,0,0,0,0,0,0,0
2002,481716,2,1,0,0,0,0,0,0,0,0,0,0
2002,481717,1,1,0,11,25,0,0,11,8,0,0,0
2002,481717,2,1,22,22,22,22,22,22,22,22,22,22
2002,481718,1,1,5,5,5,5,5,5,5,5,5,5
2002,481718,2,1,19,0,0,12,0,6,0,0,0,0
2002,481719,1,1,26,26,26,26,26,26,26,26,26,26
2002,481720,1,1,18,18,18,18,18,18,18,18,18,18
2002,481720,2,1,0,0,0,0,0,0,0,0,0,15
2002,481721,1,1,29,29,29,29,29,29,29,29,29,29
2002,481722,1,1,0,0,0,0,0,0,0,0,0,0
2002,481723,1,1,0,0,0,0,0,0,0,0,0,0
2002,481724,0,1,0,0,0,0,0,0,0,0,0,0
2002,481724,1,1,20,0,0,0,0,0,0,0,0,17
2002,481725,1,1,15,15,15,15,15,15,15,15,15,15
2002,481726,1,1,7,15,0,0,23,0,17,0,5,19
2002,481727,0,1,0,0,17,0,0,0,0,0,0,0
2002,481727,0,2,0,0,0,0,0,0,0,0,0,0
2002,481727,1,1,0,0,0,15,0,0,0,0,34,12
2002,481728,1,1,0,0,0,0,0,0,0,0,0,0
2002,481728,2,1,0,0,0,0,0,0,0,0,0,0
2002,481729,1,1,22,22,22,22,22,22,22,22,22,22
2002,481730,1,1,0,15,3,12,0,0,0,14,0,0
2002,481731,1,1,16,16,16,16,16,16,16,16,16,16
2002,481731,2,1,0,0,0,0,0,8,0,0,0,0
2002,481732,0,1,0,0,0,0,0,0,0,0,0,0
2002,481732,1,1,0,0,0,0,4,0,0,0,0,0
2002,481733,1,1,0,0,0,0,0,0,0,0,0,0
2002,481733,2,1,18,0,0,5,0,0,0,0,0,0
2002,481734,0,1,0,0,0,0,0,0,0,0,0,0
2002,481734,1,1,0,28,8,0,0,0,11,10,17,0
2002,481735,1,1,0,0,0,0,0,0,0,0,0,0
2002,481735,2,1,0,0,0,0,0,0,0,0,0,0
2002,481736,1,1,19,19,19,19,19,19,19,19,19,19
2002,481736,2,1,0,17,0,5,0,27,16,18,0,13
2002,481736,3,1,10,0,0,0,0,0,9,12,0,16
2002,481737,1,1,0,0,0,0,0,0,0,0,0,0
2002,481737,2,1,0,0,0,0,0,0,0,0,0,0
2002,481738,1,1,0,0,0,20,0,0,0,0,0,0
2002,481738,2,1,0,0,0,0,0,0,0,0,0,0
2002,481739,1,1,0,3,0,0,0,0,0,0,0,0
2002,481739,2,1,0,0,0,0,0,0,0,0,0,0
2002,481740,1,1,19,19,19,19,19,19,19,19,19,19
2002,481741,0,1,0,0,0,0,0,0,0,0,0,0
2002,481741,1,1,0,0,0,0,0,0,0,0,0,0
2002,481742,1,1,6,11,16,9,11,8,22,22,13,6
2002,481743,0,1,10,0,0,0,0,0,0,17,0,20
2002,481743,1,1,13,13,13,13,13,13,13,13,13,13
2002,481744,1,1,18,18,18,18,18,18,18,18,18,18
2002,481745,0,1,23,23,23,23,23,23,23,23,23,23
2002,481745,1,1,0,0,0,0,0,0,11,0,0,0
2002,481746,1,1,36,36,36,36,36,36,36,36,36,36
2002,481747,1,1,0,0,0,0,0,0,0,0,0,0
2002,481747,2,1,0,0,0,0,0,0,0,0,0,0
2002,481748,0,1,0,0,0,0,0,0,0,0,0,0
2002,481748,1,1,0,0,0,0,0,0,0,0,0,0
2002,481749,0,1,0,17,27,0,24,21,0,0,0,0
2002,481749,1,1,0,0,0,0,0,0,0,18,13,0
2002,481750,1,1,0,0,0,0,0,0,0,0,0,0
2002,481750,2,1,0,0,0,0,0,0,0,0,0,0
2002,481751,1,1,0,0,0,0,0,0,0,0,0,0
2002,481752,1,1,0,0,0,0,0,0,0,0,0,0
2002,481752,2,1,0,0,0,0,0,0,0,0,0,9
2002,481753,0,1,28,28,28,28,28,28,28,28,28,28
2002,481753,1,1,0,0,0,0,0,0,0,0,0,0
2002,481754,1,1,0,0,0,0,0,0,0,0,0,0
2002,481755,1,1,0,0,0,0,0,0,0,0,0,0
2002,481755,2,1,0,0,0,0,0,0,0,0,0,0
2002,481756,1,1,0,0,0,0,0,0,0,0,0,0
2002,481756,2,1,0,0,0,0,0,0,0,0,0,0
2002,481757,1,1,13,13,13,13,13,13,13,13,13,13
2002,481758,1,1,0,0,0,0,0,0,0,0,0,0
2002,481758,2,1,19,19,19,19,19,19,19,19,19,19
2002,481759,1,1,0,12,0,0,12,0,0,0,0,0
2002,481759,2,1,0,15,0,0,15,19,15,0,10,43
2002,481760,1,1,0,0,0,0,0,0,0,0,0,0
2002,481761,1,1,0,0,0,0,0,0,0,0,0,0
2002,481762,1,1,0,0,0,0,0,0,0,0,0,0
2002,481762,2,1,0,0,0,0,0,0,12,0,0,0
2002,481763,1,1,0,0,0,0,0,0,0,0,0,0
2002,481763,2,1,11,0,0,22,0,0,0,0,0,0
2002,481764,1,1,0,0,0,0,0,0,0,0,0,0
2002,481764,2,1,0,0,0,0,0,0,0,0,0,0
2002,481764,3,1,0,0,0,0,0,0,0,0,0,0
2002,481764,4,1,0,0,0,0,0,0,0,0,0,0
2002,481765,1,1,0,0,0,0,0,0,0,0,0,0
2002,481766,1,1,0,0,0,0,0,0,0,0,0,0
2002,481767,1,1,0,0,0,0,0,0,0,31,0,15
2002,481767,2,1,0,0,0,0,0,0,0,0,0,0
2002,481768,1,1,0,0,20,0,0,0,10,0,0,0
2002,481769,1,1,10,10,10,10,10,10,10,10,10,10
2002,481770,1,1,20,20,20,20,20,20,20,20,20,20
2002,481771,1,1,0,0,0,0,0,0,0,0,0,0
2002,481772,1,1,0,9,0,0,0,0,0,12,0,0
2002,481773,1,1,22,0,0,17,0,0,13,25,0,17
2002,481773,2,1,0,0,0,0,0,0,0,0,0,0
2002,481774,1,1,26,26,26,26,26,26,26,26,26,26
2002,481774,2,1,0,0,0,0,0,0,5,0,0,14
2002,481775,1,1,0,0,0,0,0,0,0,0,0,0
2002,481776,1,1,0,0,0,4,0,0,0,20,0,0
2002,481777,1,1,0,0,0,0,0,0,0,0,0,0
2002,481778,1,1,0,0,0,0,0,0,0,0,0,0
2002,481778,2,1,0,0,0,0,0,0,0,0,0,0
2002,481778,3,1,0,0,0,0,0,0,0,0,0,0
2002,481779,1,1,9,9,9,9,9,9,9,9,9,9
2002,481780,1,1,0,0,0,0,7,0,0,0,0,0
2002,481780,2,1,0,0,0,0,0,0,0,0,0,0
2002,481780,3,1,0,0,0,0,0,0,0,0,0,0
2002,481780,4,1,0,0,14,0,0,0,0,0,0,18
2002,481780,5,1,0,0,0,0,0,0,0,0,0,0
2002,481781,1,1,0,0,0,0,0,11,9,0,0,0
2002,481781,2,1,0,0,0,0,0,0,0,0,0,0
2002,481782,1,1,19,11,12,17,18,10,28,14,27,23
2002,481783,1,1,0,0,0,0,0,0,0,0,0,0
2002,481783,2,1,0,0,9,0,0,0,0,0,0,0
2002,481784,1,1,0,0,0,0,0,0,0,0,0,0
2002,481785,1,1,8,8,8,8,8,8,8,8,8,8
2002,481786,1,1,0,0,0,0,0,0,0,0,0,0
2002,481787,1,1,19,19,19,19,19,19,19,19,19,19
2002,481788,1,1,0,0,0,0,0,0,0,0,0,0
2002,481789,1,1,0,0,0,0,0,0,0,0,0,0
2002,481789,2,1,0,6,0,17,0,0,0,0,0,0
2002,481789,3,1,27,0,0,22,0,0,0,18,0,0
2002,481789,4,1,0,11,0,0,0,0,0,0,17,0
2002,481790,1,1,13,13,13,13,13,13,13,13,13,13
2002,481791,0,1,15,52,12,22,0,40,18,26,27,0
2002,481791,1,1,0,10,0,0,0,0,0,0,0,0
2002,481791,2,1,21,0,16,15,0,12,8,21,0,0
2002,481791,3,1,0,0,13,0,0,0,0,0,0,0
2002,481792,1,1,0,0,0,0,0,0,0,0,0,0
2002,481793,1,1,2,2,2,2,2,2,2,2,2,2
2002,481793,2,1,18,18,18,18,18,18,18,18,18,18
2002,481794,1,1,0,0,0,0,0,0,0,25,0,15
2002,481795,1,1,17,17,17,17,17,17,17,17,17,17
2002,481795,2,1,0,0,0,0,0,0,0,0,0,0
2002,481795,3,1,15,0,0,0,0,0,0,0,0,0
2002,481796,1,1,0,0,0,0,0,0,0,0,0,0
2002,481796,2,1,0,0,0,0,0,0,0,0,0,0
2002,481796,3,1,0,0,0,0,0,0,0,0,0,0
2002,481797,1,1,0,5,13,4,24,8,21,16,6,13
2002,481798,1,1,8,8,8,8,8,8,8,8,8,8
2002,481799,1,1,0,0,0,0,0,0,0,0,0,0
2002,481799,2,1,0,0,0,0,0,0,0,0,0,0
2002,481799,3,1,0,0,0,0,0,0,0,0,0,0
2002,481800,1,1,0,0,0,0,0,0,0,12,0,28
2002,481801,1,1,0,0,0,0,0,15,0,14,0,14
2002,481802,1,1,0,0,0,12,0,0,0,0,0,0
2002,481803,1,1,0,0,20,0,0,0,5,0,0,14
2002,481804,1,1,0,0,0,0,16,0,0,0,0,0
2002,481804,2,1,0,14,26,8,0,0,0,0,0,17
2002,481804,3,1,14,0,20,12,0,0,17,0,5,11
2002,481805,1,1,10,0,23,33,0,0,0,0,32,25
2002,481805,2,1,0,0,0,0,0,0,0,0,0,0
2002,481806,1,1,0,0,7,11,16,0,5,9,22,27
2002,481807,1,1,0,0,0,0,0,0,0,0,0,0
2002,481807,2,1,0,0,0,0,0,0,0,0,0,0
2002,481808,1,1,0,0,0,0,0,0,0,0,0,0
2002,481808,2,1,0,9,0,18,0,0,0,0,0,0
2002,481809,0,1,0,21,30,29,10,10,24,39,26,36
2002,481809,1,1,22,0,11,0,16,14,0,18,11,24
2002,481810,0,1,14,34,37,10,30,37,13,0,13,11
2002,481810,1,1,6,0,0,0,0,6,0,0,29,22
2002,481811,1,1,8,9,28,14,18,17,15,13,22,8
2002,481812,1,1,0,0,0,0,0,0,0,0,0,0
2002,481812,2,1,0,0,0,0,0,0,0,0,0,0
2002,481813,1,1,24,24,24,24,24,24,24,24,24,24
2002,481813,2,1,14,0,0,0,0,0,0,0,0,0
2002,481814,1,1,12,12,12,12,12,12,12,12,12,12
2002,481814,2,1,0,0,0,0,0,0,0,0,0,0
2002,481815,1,1,0,0,0,0,0,0,0,0,0,0
2002,481816,1,1,0,0,0,0,0,0,0,0,0,0
2002,481816,2,1,0,0,0,0,0,0,0,0,0,0
2002,481816,3,1,0,0,0,0,0,0,0,0,0,0
2002,481817,1,1,24,24,24,24,24,24,24,24,24,24
2002,481817,2,1,0,0,13,7,0,0,0,0,3,0
2002,481818,0,1,0,0,0,0,0,0,0,0,0,0
2002,481818,1,1,0,0,0,0,18,0,0,1,11,0
2002,481819,1,1,8,8,8,8,8,8,8,8,8,8
2002,481820,0,1,20,26,0,21,16,16,0,17,17,33
2002,481820,1,1,0,0,10,0,0,0,0,0,0,0
2002,481821,1,1,26,26,26,26,26,26,26,26,26,26
2002,481822,1,1,0,0,0,0,0,0,17,0,0,0
2002,481822,2,1,0,0,0,0,0,0,0,0,0,0
2002,481823,1,1,21,21,21,21,21,21,21,21,21,21
2002,481824,1,1,0,0,0,0,15,0,10,0,14,0
2002,481824,2,1,15,15,15,15,15,15,15,15,15,15
2002,481825,1,1,8,15,27,5,7,8,6,4,4,11
2002,481825,2,1,17,4,12,7,19,28,8,15,26,11
2002,481826,1,1,0,0,0,0,0,0,0,0,0,0
2002,481827,1,1,0,13,0,0,0,0,0,0,6,0
2002,481827,2,1,29,0,0,0,0,0,0,0,0,11
2002,481828,1,1,0,0,0,0,0,0,0,0,0,0
2002,481828,2,1,0,0,0,0,0,0,0,0,0,0
2002,481828,3,1,0,0,12,0,0,8,0,0,0,0
2002,481829,1,1,0,0,0,0,0,0,0,0,0,0
2002,481829,2,1,0,0,0,0,0,0,0,0,0,0
2002,481830,1,1,0,0,0,0,0,0,0,0,0,0
2002,481831,1,1,0,0,0,0,0,0,0,0,0,0
2002,481832,1,1,0,0,0,0,0,0,0,0,0,0
2002,481832,2,1,0,0,0,0,0,0,0,0,0,0
2002,481832,3,1,0,0,10,0,0,0,0,0,0,0
2002,481833,1,1,0,0,0,4,0,0,0,0,0,0
2002,481833,2,1,0,0,0,0,0,0,0,0,0,0
2002,481834,1,1,0,0,0,6,12,0,4,30,0,0
2002,481835,1,1,15,0,0,24,0,0,0,0,11,0
2002,481835,2,1,20,20,20,20,20,20,20,20,20,20
2002,481836,1,1,10,0,0,0,21,16,0,0,11,0
2002,481836,2,1,0,0,0,0,10,0,0,0,0,0
2002,481837,1,1,0,0,19,0,9,0,26,10,10,0
2002,481838,1,1,21,21,21,21,21,21,21,21,21,21
2002,481839,1,1,0,0,0,0,0,0,0,0,0,0
2002,481839,2,1,0,0,0,0,0,0,0,0,0,0
2002,481840,0,1,0,0,19,0,0,0,0,0,0,0
2002,481840,1,1,0,0,0,0,0,0,0,0,0,0
2002,481841,1,1,0,0,0,0,0,0,0,0,0,0
2002,481842,1,1,22,22,22,22,22,22,22,22,22,22
2002,481843,1,1,0,0,0,24,0,0,0,0,0,19
2002,481843,2,1,0,0,0,0,0,0,0,0,0,0
2002,481844,1,1,0,0,0,0,0,0,0,0,5,0
2002,481844,2,1,0,0,0,0,0,0,0,0,0,0
2002,481844,3,1,0,0,16,0,0,0,0,0,0,0
2002,481845,1,1,0,0,0,0,0,0,0,0,0,0
2002,481845,2,1,0,25,0,0,0,0,0,0,0,0
2002,481846,1,1,0,0,0,0,0,0,0,16,9,0
2002,481846,2,1,17,15,16,7,0,26,35,0,16,19
2002,481847,1,1,0,0,0,0,0,0,0,0,0,8
2002,481847,2,1,13,13,27,13,10,4,8,5,11,8
2002,481848,1,1,15,0,19,0,13,18,0,11,0,13
2002,481849,1,1,0,0,2,0,0,0,0,0,0,0
2002,481850,1,1,0,0,0,0,21,0,0,0,13,0
2002,481850,2,1,0,0,17,0,0,0,0,0,0,0
2002,481851,1,1,0,0,0,0,0,0,0,0,0,0
2002,481851,2,1,0,0,0,0,0,0,0,0,0,0
2002,481852,1,1,0,0,0,0,0,0,0,0,0,0
2002,481853,1,1,0,0,0,0,0,0,22,0,0,0
2002,481853,2,1,0,0,0,0,0,0,0,0,0,0
2002,481854,1,1,15,15,15,15,15,15,15,15,15,15
2002,481855,1,1,0,0,0,0,0,0,0,0,0,0
2002,481855,2,1,17,29,11,14,0,0,13,8,10,6
2002,481855,3,1,3,0,0,0,0,0,0,0,0,0
2002,481856,1,1,43,31,32,0,16,30,3,0,7,15
2002,481857,1,1,26,26,26,26,26,26,26,26,26,26
2002,481858,2,1,23,23,23,23,23,23,23,23,23,23
2002,481859,1,1,10,21,10,16,9,17,19,24,11,13
2002,481859,2,1,0,0,0,0,0,0,0,0,0,0
2002,481860,1,1,0,0,0,0,0,20,0,0,0,20
2002,481861,0,1,8,8,8,8,8,8,8,8,8,8
2002,481861,1,1,28,0,0,7,17,26,0,0,0,7
2002,481862,1,1,25,25,25,25,25,25,25,25,25,25
2002,481862,2,1,7,12,16,0,5,0,0,0,0,0
2002,481863,1,1,18,18,18,18,18,18,18,18,18,18
2002,481864,1,1,11,0,0,0,0,0,0,0,0,0
2002,481864,2,1,0,0,0,0,6,0,0,0,0,0
2002,481865,0,1,21,21,0,0,28,19,0,21,0,14
2002,481865,1,1,8,8,8,8,8,8,8,8,8,8
2002,481866,1,1,16,38,24,0,17,5,17,21,26,29
2002,481867,1,1,17,17,17,17,17,17,17,17,17,17
2002,481868,1,1,0,6,22,25,0,19,20,0,0,18
2002,481868,2,1,17,17,17,17,17,17,17,17,17,17
2002,481869,1,1,14,14,14,14,14,14,14,14,14,14
2002,481870,0,1,0,0,0,6,14,15,0,19,15,26
2002,481870,1,1,11,0,0,13,9,0,0,0,0,0
2002,481871,1,1,13,13,13,13,13,13,13,13,13,13
2002,481871,2,1,16,11,0,0,0,0,0,0,0,0
2002,481871,3,1,0,32,0,0,0,0,0,0,13,0
2002,481872,1,1,0,0,0,0,0,0,0,0,0,0
2002,481872,2,1,0,0,0,0,0,0,0,0,0,0
2002,481873,1,1,18,13,0,0,25,28,0,9,14,14
2002,481874,1,1,7,7,7,7,7,7,7,7,7,7
2002,481875,0,1,0,0,0,25,32,0,25,0,25,15
2002,481875,1,1,0,0,0,0,0,0,0,0,0,0
2002,481876,1,1,0,8,0,0,0,0,0,0,0,0
2002,481876,2,1,21,8,14,6,11,13,21,5,29,6
2002,481877,1,1,0,0,0,0,0,0,0,0,0,0
2002,481877,2,1,0,0,0,0,0,0,0,0,0,0
2002,481877,3,1,0,11,0,0,0,0,0,0,0,0
2002,481878,0,1,0,0,0,0,0,0,0,0,0,0
2002,481878,1,1,0,0,0,0,0,0,0,0,0,0
2002,481879,1,1,0,0,0,0,0,0,0,0,0,0
2002,481880,1,1,0,0,0,0,0,0,0,0,0,0
2002,481880,2,1,10,0,0,0,0,0,0,0,0,23
2002,481881,1,1,18,18,18,18,18,18,18,18,18,18
2002,481882,0,1,0,0,0,0,0,0,0,5,4,30
2002,481882,1,1,14,0,23,3,20,27,31,10,17,5
2002,481883,1,1,0,0,0,0,0,0,0,0,0,0
2002,481883,2,1,0,0,0,0,0,0,0,0,0,0
2002,481884,1,1,0,0,0,0,0,0,0,0,0,0
2002,481884,2,1,0,0,0,5,0,0,0,0,0,0
2002,481885,1,1,0,0,2,0,9,23,0,12,0,0
2002,481885,2,1,0,2,0,0,17,0,0,0,0,0
2002,481885,3,1,16,17,0,0,0,0,0,0,0,0
2002,481885,4,1,16,0,15,0,10,0,0,18,0,0
2002,481885,5,1,12,0,17,0,2,18,7,13,14,0
2002,481885,6,1,33,33,33,33,33,33,33,33,33,33
2002,481886,1,1,0,0,0,0,0,0,0,0,0,0
2002,481886,2,1,0,0,0,0,0,0,0,0,0,0
2002,481887,1,1,4,0,7,0,0,0,0,0,0,0
2002,481887,2,1,17,13,14,0,12,18,18,19,24,0
2002,481888,0,1,0,0,0,0,0,0,0,0,0,0
2002,481888,0,2,0,0,0,0,0,0,0,0,0,0
2002,481888,1,1,0,0,17,15,0,0,0,2,0,12
2002,481889,1,1,0,0,0,0,0,0,0,0,0,0
2002,481889,2,1,0,0,0,0,0,0,0,0,0,0
2002,481890,0,1,0,0,26,0,0,0,0,0,0,20
2002,481890,1,1,0,0,0,0,0,0,0,0,0,0
2002,481891,1,1,0,0,0,0,0,0,0,0,0,0
2002,481891,2,1,0,0,0,0,0,0,0,0,0,0
2002,481892,1,1,14,14,14,14,14,14,14,14,14,14
2002,481893,1,1,0,0,2,17,0,0,8,8,7,10
2002,481893,2,1,0,0,0,15,0,0,11,0,0,0
2002,481894,1,1,0,0,0,0,0,0,0,0,0,0
2002,481895,1,1,0,0,0,0,0,0,0,0,0,0
2002,481895,2,1,14,2,13,17,0,6,0,18,11,22
2002,481896,1,1,16,16,16,16,16,16,16,16,16,16
2002,481897,1,1,0,0,0,0,0,0,0,0,0,0
2002,481897,2,1,0,0,0,0,17,0,0,0,0,0
2002,481898,1,1,0,0,0,0,0,0,0,0,0,0
2002,481899,1,1,0,0,0,0,0,0,0,0,0,0
2002,481900,1,1,33,0,0,13,0,13,13,16,0,23
2002,481901,1,1,0,0,0,0,0,0,0,0,0,0
2002,481902,1,1,0,0,0,0,0,0,0,0,0,0
2002,481902,2,1,0,17,28,36,16,0,3,37,16,5
2002,481903,1,1,0,0,0,0,0,0,0,0,0,0
2002,481903,2,1,0,0,0,0,23,0,0,0,0,0
2002,481904,1,1,6,6,6,6,6,6,6,6,6,6
2002,481904,2,1,10,10,10,10,10,10,10,10,10,10