YEAR,ST_CASE,veh_no,per_no,P1,P2,P3,P4,P5,P6,P7,P8,P9,P10
2002,490151,2,1,0,0,0,0,0,0,0,0,0,0
2002,490152,1,1,0,13,0,0,0,12,0,0,0,0
2002,490152,2,1,0,0,0,0,0,0,0,0,0,0
2002,490153,1,1,0,0,0,0,0,0,0,0,0,0
2002,490153,2,1,0,0,0,0,0,0,0,0,0,0
2002,490154,1,1,0,0,0,0,0,0,0,0,0,2
2002,490155,1,1,0,0,0,0,0,0,0,0,0,0
2002,490156,1,1,18,18,18,18,18,18,18,18,18,18
2002,490157,1,1,0,0,0,0,0,0,0,0,0,0
2002,490158,0,1,26,0,0,0,0,4,17,0,0,4
2002,490158,1,1,16,16,16,16,16,16,16,16,16,16
2002,490159,1,1,0,0,0,0,0,0,0,0,0,0
2002,490160,1,1,0,0,0,0,0,0,0,0,0,0
2002,490161,1,1,0,0,0,0,0,0,0,0,0,0
2002,490162,1,1,20,20,20,20,20,20,20,20,20,20
2002,490163,1,1,0,0,0,0,0,0,0,0,0,0
2002,490164,1,1,0,0,0,0,0,0,0,0,0,0
2002,490165,1,1,0,0,0,0,0,0,0,0,0,0
2002,490166,1,1,0,0,30,21,0,0,0,0,16,0
2002,490167,1,1,11,11,11,11,11,11,11,11,11,11
2002,490167,2,1,0,0,0,0,0,0,0,0,0,0
2002,490168,1,1,33,33,33,33,33,33,33,33,33,33
2002,490169,1,1,15,15,15,15,15,15,15,15,15,15
2002,490170,1,1,0,0,0,0,0,0,0,0,0,0
2002,490170,2,1,0,0,0,0,0,0,0,0,0,0
2002,490171,1,1,0,0,0,0,0,0,0,0,0,0
2002,490172,1,1,0,0,0,0,0,0,0,0,0,0
2002,490172,2,1,0,0,0,0,0,0,0,0,0,0
2002,490173,1,1,0,0,0,0,0,17,0,0,0,0
2002,490173,2,1,0,0,0,0,0,0,0,0,0,0
2002,490173,3,1,0,0,0,0,0,0,0,0,0,0
2002,490174,1,1,0,0,0,0,0,0,0,0,0,0
2002,490175,1,1,0,0,0,0,0,0,0,0,0,0
2002,490175,2,1,0,0,0,0,0,0,0,0,0,0
2002,490176,1,1,0,0,0,0,0,0,0,0,0,0
2002,490176,2,1,0,0,0,0,0,0,0,0,0,0
2002,490177,0,1,0,0,0,0,0,0,0,0,0,0
2002,490177,1,1,0,0,0,0,0,0,0,0,0,0
2002,490178,1,1,0,0,0,0,0,0,0,0,0,0
2002,490179,0,1,0,0,0,0,0,0,0,0,0,0
2002,490179,1,1,0,0,0,0,0,0,0,0,0,0
2002,490180,1,1,0,0,0,0,0,0,0,0,0,0
2002,490181,1,1,0,0,0,0,0,0,0,0,0,0
2002,490181,2,1,0,0,0,0,0,0,0,9,0,0
2002,490182,1,1,0,0,0,0,0,0,0,0,0,0
2002,490182,2,1,0,0,0,0,0,0,0,0,0,0
2002,490183,1,1,0,0,0,0,0,0,0,0,0,0
2002,490183,2,1,0,0,0,0,0,0,0,0,0,0
2002,490184,1,1,0,0,0,0,0,0,0,0,0,0
2002,490184,2,1,0,0,0,0,0,0,0,0,0,0
2002,490185,1,1,0,0,0,0,0,0,0,0,0,0
2002,490186,1,1,0,0,0,0,0,0,0,15,0,0
2002,490187,1,1,0,0,0,0,0,0,0,0,0,0
2002,490188,1,1,0,0,0,0,0,0,0,0,0,0
2002,490188,2,1,0,0,0,0,0,0,0,0,0,0
2002,490188,3,1,0,0,0,0,0,0,0,0,0,0
2002,490189,0,1,0,0,0,0,0,0,0,0,0,0
2002,490189,1,1,0,0,0,0,0,0,0,0,0,0
2002,490190,1,1,8,8,8,8,8,8,8,8,8,8
2002,490191,1,1,0,0,0,0,0,0,0,0,0,0
2002,490191,2,1,0,0,0,0,0,0,0,0,0,0
2002,490192,1,1,0,0,0,0,0,0,0,0,0,0
2002,490193,1,1,0,0,0,0,0,0,0,0,0,0
2002,490194,1,1,0,13,0,19,0,0,0,24,0,0
2002,490195,1,1,0,0,0,0,0,0,0,0,0,0
2002,490195,2,1,0,0,0,0,0,0,0,0,0,0
2002,490196,1,1,0,0,0,0,0,7,0,0,0,0
2002,490197,1,1,0,0,0,0,0,0,0,0,0,0
2002,490198,1,1,0,0,0,0,0,20,0,0,0,0
2002,490199,1,1,19,19,19,19,19,19,19,19,19,19
2002,490200,1,1,0,0,12,0,0,0,29,0,0,0
2002,490200,2,1,0,0,0,0,0,0,0,0,0,0
2002,490201,1,1,0,0,0,0,0,0,0,0,0,0
2002,490201,2,1,0,0,0,0,0,0,0,0,0,0
2002,490202,1,1,0,0,0,0,0,0,0,0,0,0
2002,490202,2,1,0,0,0,0,0,0,0,0,0,0
2002,490203,1,1,0,0,0,0,0,0,0,0,0,0
2002,490203,2,1,0,0,0,0,0,0,0,0,0,0
2002,490204,1,1,0,0,0,0,0,0,0,0,0,0
2002,490205,1,1,0,0,0,0,0,0,0,0,0,0
2002,490206,1,1,16,16,16,16,16,16,16,16,16,16
2002,490207,1,1,0,0,0,0,0,0,0,0,0,0
2002,490207,2,1,0,0,0,0,0,0,0,0,0,0
2002,490208,1,1,0,0,0,0,0,0,0,0,0,0
2002,490209,1,1,0,0,0,0,0,0,0,0,0,0
2002,490209,2,1,0,0,0,0,0,0,0,0,0,0
2002,490210,1,1,19,19,19,19,19,19,19,19,19,19
2002,490211,1,1,0,0,0,0,0,0,0,21,0,0
2002,490212,1,2,16,15,0,0,0,0,14,18,14,19
2002,490213,1,1,0,0,0,0,0,16,0,0,0,0
2002,490213,2,1,0,0,12,0,0,0,0,0,0,0
2002,490214,1,1,7,7,7,7,7,7,7,7,7,7
2002,490215,1,1,0,0,0,0,0,0,0,0,0,0
2002,490216,1,1,0,0,0,0,0,0,0,0,0,0
2002,490216,2,1,0,0,0,0,0,0,0,0,0,0
2002,490216,3,1,0,0,31,0,0,0,0,0,0,0
2002,490217,0,1,0,0,17,0,10,0,0,9,12,15
2002,490217,1,1,0,0,0,0,0,0,0,0,0,0
2002,490218,1,1,0,0,0,0,0,0,0,0,0,0
2002,490218,2,1,0,0,0,0,0,0,0,0,0,0
2002,490219,1,1,0,0,0,0,0,0,0,0,0,0
2002,490219,2,1,0,0,0,0,0,0,0,0,0,0
2002,490220,1,1,0,0,0,0,0,0,0,0,0,0
2002,490221,1,1,20,20,20,20,20,20,20,20,20,20
2002,490221,2,1,0,0,0,0,0,0,0,0,0,0
2002,490222,1,1,0,0,0,0,0,0,0,0,0,0
2002,490223,1,1,0,0,0,0,0,0,0,0,0,0
2002,490223,2,1,0,0,0,0,0,0,0,0,0,0
2002,490224,1,1,20,20,20,20,20,20,20,20,20,20
2002,490225,1,1,17,17,17,17,17,17,17,17,17,17
2002,490225,2,1,0,0,0,0,0,0,0,0,0,0
2002,490226,1,1,0,0,0,0,0,0,0,0,0,0
2002,490226,2,1,0,0,0,0,0,32,0,0,0,0
2002,490226,3,1,0,0,0,0,0,0,0,0,0,0
2002,490227,1,1,0,0,0,0,0,0,0,0,0,0
2002,490227,2,1,0,0,0,0,0,0,0,0,0,0
2002,490228,1,1,0,0,0,0,0,0,0,0,0,0
2002,490229,1,1,0,0,0,0,20,0,0,0,0,11
2002,490230,1,1,12,12,12,12,12,12,12,12,12,12
2002,490231,1,1,0,0,0,0,0,0,0,0,0,0
2002,490231,2,1,0,0,0,0,0,0,0,0,0,0
2002,490232,1,1,0,0,0,0,0,0,0,0,0,0
2002,490232,2,1,0,0,0,0,0,0,0,0,0,0
2002,490233,1,1,0,0,0,0,0,0,0,0,0,0
2002,490233,2,1,0,0,0,0,0,0,0,0,0,0
2002,490234,1,1,0,0,0,24,5,23,22,14,23,11
2002,490235,1,1,5,5,5,5,5,5,5,5,5,5
2002,490236,1,1,0,0,0,13,0,0,0,0,0,0
2002,490237,1,1,14,14,14,14,14,14,14,14,14,14
2002,490237,2,1,0,0,0,0,0,0,0,0,0,0
2002,490238,1,1,0,0,0,0,0,0,0,0,0,0
2002,490239,1,1,0,0,0,0,0,0,0,0,0,0
2002,490239,2,1,0,0,0,0,0,0,0,0,0,0
2002,490240,1,1,0,0,0,0,0,0,15,0,0,0
2002,490241,1,1,0,0,0,0,0,0,0,0,0,0
2002,490241,2,1,0,0,0,0,0,0,0,0,0,0
2002,490242,0,1,0,0,0,19,0,0,0,0,0,0
2002,490242,1,1,0,0,0,0,0,0,0,0,0,0
2002,490243,1,1,0,0,0,0,0,0,0,0,0,0
2002,490243,2,1,0,0,0,0,0,0,0,0,0,0
2002,490244,1,1,18,18,18,18,18,18,18,18,18,18
2002,490244,2,1,0,0,0,0,0,0,0,0,0,0
2002,490245,1,1,0,0,0,0,0,0,0,0,0,0
2002,490246,1,1,0,0,0,0,0,0,18,0,0,13
2002,490247,1,1,0,0,0,0,0,0,0,0,0,0
2002,490248,1,1,0,0,0,0,0,0,0,0,0,0
2002,490249,1,1,15,15,15,15,15,15,15,15,15,15
2002,490250,0,1,25,11,0,0,0,0,0,0,0,20
2002,490250,1,1,0,0,0,0,0,0,0,0,0,0
2002,490251,1,1,0,0,0,0,0,0,0,0,0,0
2002,490252,1,1,0,0,0,0,0,0,0,0,0,0
2002,490252,2,1,0,0,0,0,0,0,0,0,0,0
2002,490253,1,1,20,20,20,20,20,20,20,20,20,20
2002,490254,0,1,0,0,0,0,0,0,0,0,0,0
2002,490254,1,1,0,0,0,0,0,0,0,0,0,0
2002,490255,1,1,0,0,0,0,0,0,0,0,0,0
2002,490255,2,1,0,0,0,0,0,0,0,0,0,0
2002,490256,0,1,0,0,0,0,0,0,0,0,0,0
2002,490256,1,1,0,0,0,0,0,0,0,0,0,0
2002,490257,1,1,0,0,0,0,0,0,0,0,0,0
2002,490257,2,1,0,0,0,0,0,0,0,0,0,0
2002,490258,1,1,16,16,16,16,16,16,16,16,16,16
2002,490259,1,1,0,0,0,0,0,0,0,0,0,0
2002,490259,2,1,0,0,0,0,0,0,0,0,0,0
2002,490260,1,1,9,9,9,9,9,9,9,9,9,9
2002,490261,1,1,10,10,10,10,10,10,10,10,10,10
2002,490262,1,1,0,0,0,0,0,0,0,0,0,0
2002,490262,2,1,0,0,0,0,0,0,0,0,0,0
2002,490263,1,1,0,0,0,0,0,4,25,0,0,0
2002,490263,2,1,0,0,0,0,0,0,0,0,0,0
2002,490264,1,1,0,0,0,0,0,0,0,0,0,0
2002,490264,2,1,0,0,0,0,0,0,0,0,0,0
2002,490265,1,1,22,22,22,22,22,22,22,22,22,22
2002,490265,2,1,0,0,0,0,0,0,0,0,0,0
2002,490266,1,1,0,0,0,0,0,0,0,0,0,0
2002,490267,1,1,0,0,0,4,0,0,0,0,0,0
2002,490268,1,1,22,22,22,22,22,22,22,22,22,22
2002,490268,2,1,0,0,0,0,0,0,0,0,0,0
2002,490269,0,1,0,0,0,0,0,0,0,0,0,0
2002,490269,1,1,0,0,0,0,0,0,0,0,0,0
2002,490270,1,1,0,0,0,0,0,0,0,0,0,0
2002,490271,1,1,0,0,0,0,0,0,0,0,0,0
2002,490271,2,1,0,0,0,0,0,0,0,0,0,0
2002,490272,0,1,0,0,0,0,0,0,0,0,0,0
2002,490272,1,1,0,0,0,0,0,0,0,0,0,0
2002,490273,1,1,0,0,0,0,0,0,0,0,5,0
2002,490274,1,1,0,0,0,0,0,0,0,0,0,0
2002,490274,2,1,0,0,0,0,0,0,0,0,0,0
2002,490274,3,1,0,0,0,0,0,0,0,0,0,0
2002,500001,1,1,0,0,0,0,0,0,0,0,0,0
2002,500001,2,1,0,0,0,0,0,0,0,0,0,0
2002,500002,1,1,0,0,0,0,0,0,0,0,0,0
2002,500002,2,1,0,0,0,0,0,0,0,0,0,0
2002,500002,3,1,0,0,0,0,0,0,0,0,0,0
2002,500003,0,1,0,0,0,0,0,0,0,0,0,0
2002,500003,1,1,0,0,0,0,0,0,0,0,0,0
2002,500004,1,1,18,18,18,18,18,18,18,18,18,18
2002,500005,1,1,0,0,0,0,0,0,0,0,0,0
2002,500005,2,1,3,3,3,3,3,3,3,3,3,3
2002,500005,3,1,20,0,0,15,0,0,0,0,0,0
2002,500006,1,1,28,28,28,28,28,28,28,28,28,28
2002,500007,1,1,0,0,0,0,0,0,0,0,0,0
2002,500007,2,1,0,0,0,0,0,0,0,0,0,0
2002,500008,1,1,0,0,0,0,0,0,0,0,0,0
2002,500009,1,1,0,0,0,0,0,0,0,0,0,0
2002,500009,2,1,0,0,0,0,0,0,0,0,0,15
2002,500010,1,1,0,0,0,0,0,0,0,0,0,0
2002,500010,2,1,0,0,0,0,0,0,0,0,0,0
2002,500010,3,1,0,0,0,0,0,0,0,0,0,0
2002,500011,1,1,0,0,0,0,0,0,0,0,0,0
2002,500011,2,1,0,0,0,0,0,0,0,0,0,0
2002,500012,1,1,0,0,0,0,0,0,0,0,0,0
2002,500013,0,1,0,0,0,0,0,0,0,0,0,0
2002,500013,1,1,0,0,0,0,0,0,0,0,0,0
2002,500014,1,1,19,19,19,19,19,19,19,19,19,19
2002,500014,2,1,0,0,0,0,0,0,0,0,0,0
2002,500015,1,1,0,0,0,0,0,0,0,0,0,0
2002,500015,2,1,0,0,0,0,0,0,0,0,0,0
2002,500016,1,1,0,0,0,0,0,0,0,0,0,0
2002,500017,1,1,15,15,15,15,15,15,15,15,15,15
2002,500018,1,1,0,0,0,0,0,0,0,0,0,0
2002,500018,2,1,0,0,0,0,0,0,0,0,0,0
2002,500019,1,1,31,31,31,31,31,31,31,31,31,31
2002,500020,1,1,0,0,0,0,0,0,0,0,0,0
2002,500020,2,1,0,0,0,0,0,0,10,0,0,0
2002,500020,3,1,0,0,0,0,0,0,0,0,0,0
2002,500021,1,1,17,17,17,17,17,17,17,17,17,17
2002,500022,1,1,0,0,0,0,0,0,0,0,0,0
2002,500023,1,1,0,0,0,0,0,0,0,0,0,0
2002,500023,2,1,0,0,0,0,0,0,0,0,0,0
2002,500024,1,1,9,9,9,9,9,9,9,9,9,9
2002,500024,2,1,0,0,0,0,0,0,0,0,0,0
2002,500025,1,1,0,0,0,0,11,7,0,0,0,0
2002,500025,2,1,0,0,18,0,0,0,0,0,17,0
2002,500026,1,1,0,0,0,0,0,0,0,0,0,0
2002,500027,1,1,26,26,26,26,26,26,26,26,26,26
2002,500028,1,1,0,0,0,0,0,0,0,0,0,0
2002,500028,2,1,0,0,0,0,0,0,0,0,0,0
2002,500029,1,1,16,16,16,16,16,16,16,16,16,16
2002,500030,1,1,10,10,10,10,10,10,10,10,10,10
2002,500031,1,1,0,0,0,0,0,0,0,0,0,0
2002,500031,2,1,0,0,0,0,0,0,0,0,0,0
2002,500032,1,1,0,0,0,0,0,0,0,0,0,0
2002,500033,1,1,0,0,0,0,0,0,0,0,0,0
2002,500033,2,1,0,0,0,0,0,0,0,0,0,0
2002,500034,1,1,0,0,0,0,0,0,0,0,0,15
2002,500034,2,1,0,0,0,0,0,0,0,0,0,0
2002,500035,1,1,0,0,0,0,0,0,0,0,0,0
2002,500035,2,1,0,0,0,0,0,0,0,0,0,0
2002,500036,1,1,24,24,24,24,24,24,24,24,24,24
2002,500037,1,1,0,0,0,0,0,0,0,0,0,0
2002,500037,2,1,0,0,0,0,0,0,0,0,0,0
2002,500038,1,1,27,27,27,27,27,27,27,27,27,27
2002,500039,1,1,0,0,0,0,0,0,0,0,0,0
2002,500039,2,1,0,0,0,0,0,0,0,0,0,0
2002,500040,1,1,0,0,0,0,0,0,0,0,0,0
2002,500040,2,1,0,0,0,0,0,0,0,0,0,0
2002,500041,1,1,0,0,0,0,0,0,0,0,0,0
2002,500042,1,1,0,0,0,0,0,0,0,0,0,0
2002,500042,2,1,0,0,0,0,0,0,0,0,0,0
2002,500043,1,1,0,0,0,0,0,0,0,0,0,0
2002,500043,2,1,0,0,0,0,0,0,0,0,0,0
2002,500044,0,1,8,8,8,8,8,8,8,8,8,8
2002,500044,1,1,10,10,10,10,10,10,10,10,10,10
2002,500045,1,1,0,0,0,0,0,0,0,0,16,0
2002,500046,1,1,5,5,5,5,5,5,5,5,5,5
2002,500047,1,1,11,11,11,11,11,11,11,11,11,11
2002,500048,1,1,0,0,0,0,0,0,0,0,0,0
2002,500049,0,1,0,0,0,0,0,0,0,0,0,0
2002,500049,1,1,0,0,0,0,0,0,0,0,0,0
2002,500050,1,1,25,25,25,25,25,25,25,25,25,25
2002,500051,1,1,2,2,2,2,2,2,2,2,2,2
2002,500051,2,1,0,0,0,0,0,0,0,0,0,0
2002,500052,1,1,20,20,20,20,20,20,20,20,20,20
2002,500053,1,1,14,0,0,0,0,0,0,0,0,0
2002,500054,1,1,0,0,0,0,0,0,0,0,0,0
2002,500055,1,1,0,0,0,0,0,0,0,0,0,0
2002,500056,1,1,0,0,0,0,0,0,0,0,0,0
2002,500057,1,1,0,0,0,0,0,0,0,0,0,0
2002,500057,2,1,0,0,0,0,0,0,0,0,0,0
2002,500058,1,1,15,15,15,15,15,15,15,15,15,15
2002,500059,1,1,4,4,4,4,4,4,4,4,4,4
2002,500059,2,1,5,0,0,0,0,0,4,0,0,0
2002,500060,1,1,0,0,0,0,0,0,0,0,0,0
2002,500060,2,1,0,0,0,0,0,0,0,0,0,0
2002,500061,1,1,0,0,0,0,0,0,0,0,0,0
2002,500062,0,1,0,0,0,0,0,0,11,0,0,0
2002,500062,1,1,22,22,22,22,22,22,22,22,22,22
2002,500063,1,1,0,0,0,0,0,0,0,0,0,0
2002,500064,1,1,0,0,0,0,0,0,0,0,0,12
2002,500064,2,1,0,0,0,0,0,0,0,0,0,0
2002,500064,3,1,0,0,0,0,0,0,0,0,0,0
2002,500065,1,1,20,20,20,20,20,20,20,20,20,20
2002,500065,2,1,0,0,0,0,0,0,0,0,0,0
2002,500066,1,1,12,12,12,12,12,12,12,12,12,12
2002,500066,2,1,0,0,0,0,0,0,0,0,0,0
2002,500067,1,1,5,5,5,5,5,5,5,5,5,5
2002,500067,2,1,0,0,0,0,0,0,0,0,0,0
2002,500068,1,1,0,0,0,0,0,0,0,0,0,0
2002,500068,2,1,0,0,0,0,0,0,0,0,0,0
2002,500069,1,1,0,0,0,0,0,0,0,0,0,0
2002,500069,2,1,0,0,0,0,0,0,0,0,0,0
2002,510001,1,1,5,5,5,5,5,5,5,5,5,5
2002,510002,1,1,5,5,5,5,5,5,5,5,5,5
2002,510003,1,1,0,0,0,20,0,0,11,14,0,39
2002,510004,1,1,0,0,21,0,15,0,0,19,16,21
2002,510005,1,1,0,0,0,0,0,0,0,0,0,0
2002,510006,1,1,22,22,22,22,22,22,22,22,22,22
2002,510007,1,1,0,0,0,0,0,0,0,0,0,0
2002,510007,2,1,0,0,0,0,0,0,0,0,0,0
2002,510008,1,1,0,0,0,0,0,0,0,0,0,0
2002,510008,2,1,0,0,0,0,0,0,0,0,0,0
2002,510009,1,1,0,0,0,0,0,0,0,0,0,0
2002,510010,1,1,0,0,0,0,0,0,0,0,0,0
2002,510010,2,1,0,0,0,0,0,0,0,0,0,0
2002,510011,1,1,0,27,0,0,0,0,0,0,0,0
2002,510012,1,1,0,0,0,0,0,0,0,0,0,0
2002,510012,2,1,0,0,0,0,0,0,0,0,0,6
2002,510013,1,1,0,0,0,0,0,0,0,0,0,0
2002,510014,1,1,0,0,0,0,0,0,0,0,0,0
2002,510014,2,1,0,0,0,0,12,0,0,0,0,0
2002,510014,3,1,0,0,0,0,0,0,0,0,0,0
2002,510015,1,1,0,0,0,0,0,0,0,0,0,0
2002,510015,2,1,0,0,0,0,0,0,0,0,0,0
2002,510016,1,1,0,0,0,0,0,0,0,0,0,0
2002,510016,2,1,0,0,0,0,0,0,0,0,0,0
2002,510016,3,1,0,0,0,0,0,0,0,0,0,0
2002,510017,1,1,2,2,2,2,2,2,2,2,2,2
2002,510018,1,1,0,26,0,12,11,0,4,0,12,0
2002,510019,0,1,0,0,0,0,0,0,0,0,0,0
2002,510019,1,1,0,0,0,0,0,0,0,0,0,0
2002,510020,1,1,9,31,28,19,36,11,17,31,27,12
2002,510021,0,1,20,0,15,26,6,30,11,20,10,0
2002,510021,1,1,0,0,0,9,0,0,0,0,0,0
2002,510022,0,1,0,0,0,0,0,0,0,0,0,0
2002,510022,1,1,0,0,0,0,17,0,0,0,0,0
2002,510023,1,1,0,0,0,0,0,0,0,0,0,0
2002,510024,1,1,0,0,0,0,0,0,0,0,0,0
2002,510025,1,1,0,0,0,0,0,0,0,0,0,0
2002,510026,0,1,23,23,23,23,23,23,23,23,23,23
2002,510026,1,1,0,0,0,0,0,0,0,0,0,0
2002,510027,1,1,1,1,1,1,1,1,1,1,1,1
2002,510028,1,1,4,4,4,4,4,4,4,4,4,4
2002,510028,2,1,0,0,0,0,0,0,0,0,0,0
2002,510029,1,1,30,23,23,16,20,0,16,23,15,4
2002,510030,1,1,0,6,0,0,0,0,0,0,0,0
2002,510030,2,1,0,0,0,0,0,0,0,0,0,0
2002,510031,1,1,0,0,0,0,0,0,0,0,0,0
2002,510031,2,1,0,0,0,0,0,0,0,0,0,0
2002,510032,1,1,0,0,0,0,0,0,0,0,0,0
2002,510032,2,1,0,0,0,0,0,0,0,0,0,0
2002,510032,3,1,0,0,0,0,0,0,0,0,0,0
2002,510032,4,1,0,0,0,0,0,0,0,0,0,0
2002,510033,0,1,0,0,0,0,0,0,0,0,0,0
2002,510033,0,2,0,0,0,27,0,0,5,0,0,0
2002,510033,1,1,0,0,0,0,15,0,0,0,0,0
2002,510034,1,1,0,0,0,0,0,0,0,0,0,0
2002,510034,2,1,0,0,0,0,0,0,0,0,0,0
2002,510035,1,1,15,15,15,15,15,15,15,15,15,15
2002,510036,1,1,0,0,0,0,0,0,0,0,0,0
2002,510036,2,1,7,7,7,7,7,7,7,7,7,7
2002,510037,1,1,0,0,0,0,0,0,0,0,0,0
2002,510037,2,1,0,0,0,0,0,0,0,0,0,0
2002,510038,1,1,0,0,0,0,0,0,0,0,0,0
2002,510039,1,1,32,32,32,32,32,32,32,32,32,32
2002,510040,1,1,19,0,19,0,0,8,19,0,14,18
2002,510041,0,1,0,0,0,0,0,0,0,0,0,0
2002,510041,1,1,0,0,0,0,0,0,0,0,0,0
2002,510042,1,1,0,0,0,0,0,0,0,0,0,0
2002,510043,0,1,0,0,0,0,0,0,0,0,0,0
2002,510043,1,1,0,20,0,17,0,18,5,18,23,20
2002,510044,1,1,11,11,11,11,11,11,11,11,11,11
2002,510045,1,1,14,14,14,14,14,14,14,14,14,14
2002,510045,2,1,0,10,0,7,0,24,0,0,0,0
2002,510046,1,1,14,16,0,24,16,22,19,28,6,26
2002,510047,1,1,0,0,0,0,0,0,0,0,0,0
2002,510048,1,1,0,0,0,0,0,0,0,0,0,0
2002,510048,2,1,0,0,0,0,0,0,0,0,0,0
2002,510049,1,1,0,0,0,0,0,0,0,0,0,0
2002,510050,1,1,0,0,0,0,0,0,0,0,0,0
2002,510050,2,1,0,0,0,0,0,10,0,0,0,0
2002,510051,0,1,0,0,0,0,0,0,0,0,0,0
2002,510051,1,1,0,0,0,0,0,0,0,0,0,0
2002,510052,1,1,0,0,0,0,0,0,0,0,0,0
2002,510052,2,1,0,0,0,0,0,0,0,0,0,0
2002,510053,1,1,0,0,0,0,0,0,0,0,0,0
2002,510053,2,1,0,0,0,0,0,0,0,0,0,0
2002,510054,0,1,0,0,0,0,0,0,0,0,0,0
2002,510054,1,1,0,0,0,0,0,0,0,0,0,0
2002,510055,1,1,0,0,0,0,0,0,0,0,0,0
2002,510055,2,1,0,34,0,0,0,0,11,0,0,0
2002,510056,1,1,0,0,0,0,0,0,0,0,0,0
2002,510056,2,1,0,0,0,0,0,0,0,0,0,14
2002,510057,1,1,0,0,0,0,0,0,0,0,0,0
2002,510057,2,1,0,0,0,0,0,0,0,0,0,0
2002,510058,0,1,29,44,13,9,17,16,30,21,16,0
2002,510058,1,1,0,20,14,0,0,0,0,0,0,0
2002,510059,1,1,0,0,0,0,0,10,0,0,0,0
2002,510059,2,1,0,0,0,0,0,0,0,0,0,0
2002,510060,0,1,0,0,0,0,0,0,0,0,0,0
2002,510060,1,1,0,2,0,0,0,0,0,0,0,0
2002,510061,1,1,0,0,0,0,0,0,0,0,9,0
2002,510062,1,1,0,0,0,0,0,0,0,0,0,0
2002,510063,1,1,11,16,17,17,5,13,17,9,22,0
2002,510064,1,1,19,4,28,33,7,19,11,19,32,17
2002,510065,1,1,0,0,0,0,0,0,0,0,0,0
2002,510066,1,1,10,37,0,6,0,11,0,0,13,6
2002,510067,1,1,23,23,23,23,23,23,23,23,23,23
2002,510068,1,1,0,0,0,0,0,0,0,0,0,0
2002,510069,0,1,0,0,0,0,0,0,0,0,0,41
2002,510069,1,1,0,0,0,0,0,0,0,0,0,0
2002,510070,1,1,11,11,11,11,11,11,11,11,11,11
2002,510071,1,1,7,7,7,7,7,7,7,7,7,7
2002,510072,1,1,0,0,0,0,0,0,0,0,0,0
2002,510072,2,1,0,0,0,0,0,0,0,0,0,0
2002,510072,3,1,0,0,0,0,0,0,0,0,0,0
2002,510073,1,1,0,0,0,0,0,0,0,24,0,0
2002,510073,2,1,0,0,0,0,0,0,11,0,13,0
2002,510074,1,1,0,0,0,0,0,0,0,0,0,0
2002,510074,2,1,0,0,0,0,0,0,0,8,0,0
2002,510074,3,1,0,0,0,0,0,0,0,0,0,0
2002,510074,4,1,0,0,0,0,0,0,0,0,15,0
2002,510074,5,1,0,0,0,12,0,0,0,0,0,0
2002,510075,1,1,0,0,0,0,0,0,0,0,0,16
2002,510075,2,1,0,0,0,0,0,0,0,0,0,0
2002,510076,1,1,12,15,7,3,9,10,15,5,5,16
2002,510077,1,1,0,0,0,0,0,0,0,0,0,0
2002,510078,0,1,21,21,21,21,21,21,21,21,21,21
2002,510078,1,1,25,6,5,13,0,10,0,0,18,11
2002,510079,1,1,0,0,0,0,0,0,0,0,0,0
2002,510080,1,1,0,0,0,0,0,0,0,0,0,0
2002,510080,2,1,0,8,6,19,11,15,4,7,16,12
2002,510081,1,1,0,0,0,0,0,0,0,0,0,0
2002,510082,1,1,0,0,0,0,0,0,0,0,0,0
2002,510083,1,1,0,0,0,0,0,0,0,0,0,0
2002,510084,1,1,15,15,15,15,15,15,15,15,15,15
2002,510085,1,1,0,0,0,0,0,0,0,0,0,0
2002,510085,2,1,0,0,0,0,0,0,0,0,0,0
2002,510086,1,1,0,0,0,0,0,0,0,0,8,0
2002,510086,2,1,0,0,0,0,0,0,0,0,0,0
2002,510087,1,1,0,0,0,0,0,0,0,0,0,0
2002,510087,2,1,0,0,0,0,0,0,0,10,0,0
2002,510088,0,1,0,0,0,0,0,0,0,0,0,0
2002,510088,1,1,0,0,0,0,0,0,0,0,0,0
2002,510089,1,1,0,0,0,0,0,0,0,0,0,0
2002,510090,1,1,0,0,0,0,0,0,0,0,0,0
2002,510090,2,1,0,8,0,0,0,0,0,0,0,0
2002,510091,1,1,0,19,0,0,0,0,0,0,0,0
2002,510091,2,1,0,0,0,0,0,0,0,0,0,0
2002,510092,1,1,0,0,0,3,0,0,0,0,23,12
2002,510093,1,1,2,2,2,2,2,2,2,2,2,2
2002,510094,1,1,18,0,0,0,0,0,0,0,0,0
2002,510094,2,1,0,0,0,0,0,0,0,0,0,0
2002,510095,1,1,0,0,0,0,0,0,0,0,0,0
2002,510096,1,1,0,0,0,0,0,0,0,0,0,0
2002,510097,1,1,0,0,0,0,0,0,0,0,10,0
2002,510098,1,1,0,0,0,0,0,0,0,0,0,0
2002,510098,2,1,0,0,0,0,0,0,0,0,0,0
2002,510099,1,1,0,0,0,0,0,0,0,0,0,0
2002,510100,1,1,0,0,15,0,0,0,0,0,0,0
2002,510100,2,1,0,0,0,0,0,0,0,0,0,0
2002,510100,3,1,12,0,0,14,0,0,0,0,0,5
2002,510100,4,1,0,0,0,0,0,0,0,0,0,0
2002,510100,5,1,0,0,0,0,0,0,0,0,0,0
2002,510101,1,1,24,24,24,24,24,24,24,24,24,24
2002,510102,1,1,0,0,0,0,0,0,0,0,0,0
2002,510102,2,1,0,0,0,0,0,0,0,0,0,0
2002,510103,1,1,0,0,0,0,0,0,0,0,0,0
2002,510103,2,1,0,0,0,0,0,0,0,0,0,0