YEAR,ST_CASE,veh_no,per_no,P1,P2,P3,P4,P5,P6,P7,P8,P9,P10
2002,510688,2,1,0,0,0,0,19,0,0,0,0,27
2002,510689,1,1,0,0,0,0,0,0,0,0,0,0
2002,510689,2,1,16,16,16,16,16,16,16,16,16,16
2002,510689,3,1,12,0,0,0,0,0,0,0,0,0
2002,510690,1,1,2,0,0,0,0,0,3,0,0,0
2002,510691,1,1,11,13,0,11,0,0,8,27,12,9
2002,510692,1,1,0,0,0,0,0,0,0,0,0,0
2002,510693,0,1,15,15,15,15,15,15,15,15,15,15
2002,510693,1,1,9,0,0,0,0,0,0,0,0,0
2002,510694,1,1,19,22,8,6,0,8,9,9,7,9
2002,510695,1,1,0,0,0,0,0,0,0,0,0,0
2002,510695,2,1,0,0,0,0,0,0,6,0,0,0
2002,510696,1,1,0,0,5,0,0,0,0,0,0,0
2002,510696,2,1,0,0,0,0,0,0,0,0,0,0
2002,510697,1,1,0,0,0,0,0,0,0,0,0,0
2002,510697,2,1,0,0,0,0,0,15,0,0,0,0
2002,510698,1,1,0,0,0,0,0,0,0,0,0,0
2002,510698,2,1,0,0,0,0,0,0,0,0,0,0
2002,510699,1,1,0,0,0,0,0,0,0,0,0,0
2002,510699,2,1,0,0,0,0,0,0,0,0,0,0
2002,510699,3,1,0,0,0,0,3,0,0,0,0,0
2002,510699,4,1,0,0,0,0,0,0,0,0,0,0
2002,510700,1,1,26,26,26,26,26,26,26,26,26,26
2002,510701,1,1,0,0,0,0,0,0,0,0,0,0
2002,510702,1,1,0,0,0,0,0,0,0,0,0,0
2002,510703,1,1,0,0,0,0,0,0,0,0,0,0
2002,510703,2,1,0,0,0,0,0,0,0,0,0,0
2002,510704,1,1,20,12,22,31,9,19,17,0,8,13
2002,510705,1,1,0,0,0,0,0,0,0,0,0,0
2002,510706,1,1,27,27,27,27,27,27,27,27,27,27
2002,510708,1,1,0,0,0,0,0,0,0,0,0,0
2002,510708,2,1,14,14,14,14,14,14,14,14,14,14
2002,510709,1,1,21,0,9,15,30,0,20,9,0,0
2002,510710,0,1,13,13,13,13,13,13,13,13,13,13
2002,510710,1,1,15,21,10,0,8,11,5,3,11,17
2002,510710,2,1,0,0,0,0,0,0,4,6,0,0
2002,510711,1,1,0,0,0,0,0,0,0,0,0,0
2002,510711,2,1,0,0,0,0,0,0,0,0,0,0
2002,510712,0,1,25,25,25,25,25,25,25,25,25,25
2002,510712,1,1,0,0,0,0,0,0,0,0,0,0
2002,510713,1,1,0,0,0,0,0,0,0,0,0,0
2002,510714,1,1,12,12,12,12,12,12,12,12,12,12
2002,510715,1,1,18,18,18,18,18,18,18,18,18,18
2002,510716,1,1,0,0,0,0,0,0,0,0,0,0
2002,510716,2,1,0,0,0,0,0,0,0,0,0,0
2002,510717,1,1,0,0,0,11,0,0,0,9,0,0
2002,510717,2,1,5,5,5,5,5,5,5,5,5,5
2002,510718,1,1,0,0,0,0,0,0,0,0,0,0
2002,510719,1,1,0,0,0,0,0,0,0,0,0,0
2002,510720,1,1,4,19,11,7,20,13,4,11,17,22
2002,510720,2,1,26,0,17,15,0,0,0,0,0,0
2002,510721,1,1,0,0,0,0,0,0,0,0,0,0
2002,510722,1,1,28,28,28,28,28,28,28,28,28,28
2002,510722,2,1,0,0,0,0,0,0,0,0,0,0
2002,510722,3,1,0,0,0,0,0,0,0,0,0,0
2002,510723,1,1,0,0,0,0,0,0,0,0,0,0
2002,510724,1,1,0,0,7,0,0,15,0,4,0,0
2002,510724,2,1,0,16,0,0,0,0,0,0,0,0
2002,510725,1,1,23,0,8,27,22,13,47,18,2,20
2002,510726,1,1,17,17,17,17,17,17,17,17,17,17
2002,510727,1,1,15,15,15,15,15,15,15,15,15,15
2002,510728,1,1,32,10,14,26,7,10,9,42,14,7
2002,510728,2,1,0,0,0,0,0,0,0,0,0,0
2002,510729,0,1,37,37,37,37,37,37,37,37,37,37
2002,510729,1,1,12,0,0,0,0,36,0,0,0,0
2002,510730,1,1,15,15,15,15,15,15,15,15,15,15
2002,510731,1,1,11,0,0,0,0,0,0,10,0,0
2002,510732,1,1,0,0,0,0,0,0,0,0,0,0
2002,510732,2,1,0,0,0,0,0,0,0,0,0,0
2002,510734,1,1,0,0,0,0,0,0,0,0,0,0
2002,510734,2,1,0,0,0,0,0,0,0,0,0,0
2002,510735,1,1,0,0,0,0,0,0,0,0,0,0
2002,510735,2,1,0,0,0,0,0,0,0,0,0,0
2002,510736,1,1,0,0,0,0,0,0,0,0,0,0
2002,510736,2,1,0,0,0,0,19,0,0,0,0,0
2002,510737,0,1,0,21,28,12,18,12,0,16,0,26
2002,510737,1,1,0,0,0,0,0,0,0,0,0,0
2002,510738,1,1,9,9,9,9,9,9,9,9,9,9
2002,510739,0,1,0,0,0,0,0,0,0,0,0,0
2002,510739,1,1,0,0,0,0,0,0,0,0,0,0
2002,510740,1,1,0,0,0,0,0,0,0,0,0,0
2002,510741,1,1,0,0,0,14,26,0,12,0,11,0
2002,510742,1,1,8,8,8,8,8,8,8,8,8,8
2002,510743,1,1,4,4,4,4,4,4,4,4,4,4
2002,510744,1,1,0,0,0,0,0,0,0,30,0,0
2002,510745,1,1,14,14,14,14,14,14,14,14,14,14
2002,510746,1,1,21,26,50,19,15,32,18,32,17,44
2002,510747,1,1,0,0,0,0,0,0,0,0,0,0
2002,510747,2,1,0,0,0,0,0,0,0,0,0,0
2002,510748,0,1,12,12,12,12,12,12,12,12,12,12
2002,510748,1,1,32,0,0,0,0,0,0,0,0,28
2002,510749,1,1,0,0,0,0,0,0,0,0,0,0
2002,510749,2,1,0,0,18,0,0,0,0,0,0,0
2002,510750,0,1,33,33,33,33,33,33,33,33,33,33
2002,510750,1,1,0,0,0,0,0,0,0,0,0,0
2002,510751,1,1,8,3,3,4,12,4,6,0,13,0
2002,510751,2,1,0,0,0,0,0,0,0,0,0,0
2002,510752,1,1,0,0,0,0,0,0,0,0,0,0
2002,510752,2,1,0,0,0,0,0,0,0,0,0,0
2002,510753,1,1,0,0,0,0,0,0,0,0,0,0
2002,510754,1,1,0,0,0,0,0,0,0,0,0,0
2002,510754,2,1,0,0,0,0,0,0,0,0,0,0
2002,510755,0,1,12,12,12,12,12,12,12,12,12,12
2002,510755,1,1,0,0,0,0,0,0,0,0,0,0
2002,510756,1,1,14,14,14,14,14,14,14,14,14,14
2002,510758,1,1,0,0,0,0,0,0,8,0,0,0
2002,510758,2,1,2,0,0,0,0,0,0,0,0,0
2002,510759,1,1,3,0,12,13,0,0,0,11,0,33
2002,510760,1,1,0,0,20,0,9,0,0,0,0,0
2002,510761,1,1,0,6,0,9,0,0,0,0,0,20
2002,510762,1,1,16,16,16,16,16,16,16,16,16,16
2002,510763,1,1,0,0,0,0,0,0,0,0,0,0
2002,510764,1,1,0,0,0,0,0,0,0,0,0,0
2002,510764,2,1,0,0,0,0,0,0,0,0,0,0
2002,510765,0,1,19,19,19,19,19,19,19,19,19,19
2002,510765,1,1,0,0,0,0,0,0,0,0,0,0
2002,510766,1,1,0,0,0,0,0,0,0,0,0,0
2002,510766,2,1,0,0,0,0,0,0,0,0,0,0
2002,510767,1,1,0,0,0,0,0,0,0,0,0,0
2002,510767,2,1,12,0,0,0,0,0,0,0,0,35
2002,510768,1,1,19,19,19,19,19,19,19,19,19,19
2002,510769,1,1,32,32,32,32,32,32,32,32,32,32
2002,510769,2,1,0,0,0,0,0,0,0,0,0,0
2002,510769,3,1,0,0,0,0,9,0,0,0,0,0
2002,510770,1,1,0,0,0,0,0,0,0,0,0,0
2002,510770,2,1,0,0,0,0,0,0,0,0,0,0
2002,510771,1,1,0,0,0,0,0,0,0,0,0,0
2002,510772,1,1,0,0,0,0,0,0,0,0,0,0
2002,510773,1,1,0,0,0,0,0,0,0,0,0,0
2002,510773,2,1,0,0,0,0,0,0,0,0,0,0
2002,510774,1,1,20,22,27,5,10,16,21,15,11,16
2002,510775,1,1,23,23,23,23,23,23,23,23,23,23
2002,510775,2,1,13,13,13,13,13,13,13,13,13,13
2002,510776,1,1,0,0,0,0,0,0,0,0,0,0
2002,510777,1,1,0,0,0,0,0,0,0,0,0,0
2002,510778,1,1,0,0,0,0,0,0,0,0,0,0
2002,510778,2,1,0,0,0,0,0,0,0,0,0,0
2002,510778,3,1,0,0,0,0,0,0,0,0,19,0
2002,510778,4,1,0,0,0,0,0,0,0,0,0,0
2002,510778,5,1,0,0,0,0,0,0,0,0,0,0
2002,510779,1,2,8,22,7,22,22,26,23,36,44,34
2002,510780,1,1,0,0,0,0,0,0,0,0,0,0
2002,510780,2,1,0,0,0,0,0,0,0,0,0,0
2002,510781,0,1,0,0,0,0,0,0,0,0,0,0
2002,510781,1,1,0,12,0,0,0,0,16,0,0,0
2002,510782,1,1,0,0,0,0,0,0,0,0,0,0
2002,510783,1,1,0,14,22,8,16,5,10,12,12,21
2002,510784,1,1,0,0,0,0,0,0,0,0,0,0
2002,510784,2,1,0,0,0,0,0,0,0,0,0,0
2002,510785,1,1,0,0,0,0,0,18,19,11,0,0
2002,510786,1,1,15,15,15,15,15,15,15,15,15,15
2002,510788,1,1,36,36,36,36,36,36,36,36,36,36
2002,510789,0,1,0,0,0,0,0,0,0,0,0,0
2002,510789,1,1,0,0,0,0,0,19,0,0,0,0
2002,510791,0,1,0,0,0,0,0,0,0,14,0,0
2002,510791,1,1,0,0,0,0,0,0,0,0,0,11
2002,510792,1,1,0,0,0,0,0,0,0,0,0,0
2002,510793,1,1,0,0,0,0,0,0,0,0,0,0
2002,510793,2,1,0,0,0,0,0,0,20,0,0,0
2002,510794,1,1,0,0,0,0,0,0,0,0,0,0
2002,510795,0,1,32,32,32,32,32,32,32,32,32,32
2002,510795,1,1,11,16,6,22,21,16,14,20,4,16
2002,510797,1,1,0,0,0,0,0,0,0,0,0,0
2002,510797,2,1,0,0,0,0,0,0,0,0,0,0
2002,510798,0,1,25,25,13,35,28,26,31,34,22,27
2002,510798,1,1,0,0,0,0,0,0,0,0,0,0
2002,510799,1,1,20,20,20,20,20,20,20,20,20,20
2002,510800,1,1,0,0,0,0,0,0,0,0,0,0
2002,510800,2,1,0,0,0,0,0,0,0,0,0,0
2002,510801,0,1,0,0,0,0,0,15,0,0,0,0
2002,510801,1,1,0,0,0,0,0,0,0,0,0,0
2002,510801,2,1,0,0,0,0,0,0,0,0,0,0
2002,510802,1,1,16,4,44,6,18,28,0,0,0,20
2002,510803,1,1,0,0,0,0,0,0,0,0,0,0
2002,510804,0,1,34,33,16,36,10,16,22,12,20,32
2002,510804,1,1,0,0,0,0,0,0,0,0,0,0
2002,510805,1,1,0,0,0,0,0,0,0,0,0,0
2002,510806,1,1,0,0,0,0,0,0,0,0,0,0
2002,510807,1,1,0,0,0,0,0,0,0,0,0,0
2002,510808,1,1,0,9,8,0,0,0,17,0,0,20
2002,510809,1,1,22,0,0,20,0,0,0,0,0,0
2002,510809,2,1,0,18,0,0,0,0,0,0,0,0
2002,510810,1,1,0,0,0,0,0,0,0,0,0,0
2002,510810,2,1,0,0,0,0,0,0,0,0,0,0
2002,510811,1,1,0,0,0,0,0,0,0,0,0,0
2002,510811,2,1,0,0,0,0,0,0,0,0,0,0
2002,510812,1,1,0,0,0,0,0,0,0,10,0,0
2002,510814,1,1,0,0,0,0,0,0,0,0,7,0
2002,510814,2,1,0,0,0,0,0,0,0,0,0,0
2002,510815,1,1,0,0,0,0,0,0,0,0,0,11
2002,510816,0,1,0,0,0,0,0,0,0,0,0,0
2002,510816,1,1,0,0,0,0,0,0,0,0,0,0
2002,510817,1,1,0,0,0,0,0,0,0,0,0,0
2002,510817,2,1,0,0,0,0,0,0,0,0,0,0
2002,510818,1,1,0,0,0,0,2,0,0,16,28,0
2002,510819,1,1,0,0,0,0,0,0,0,0,0,0
2002,510819,2,1,0,0,0,0,0,0,0,0,0,0
2002,510820,2,1,13,0,0,0,0,0,0,0,0,0
2002,510820,3,1,0,0,0,0,0,0,0,0,0,0
2002,510821,1,1,0,0,0,0,0,0,0,0,0,0
2002,510822,1,1,21,21,21,21,21,21,21,21,21,21
2002,510823,1,1,17,0,13,22,0,7,7,0,16,12
2002,510824,1,1,0,0,0,0,0,0,0,0,0,0
2002,510824,2,1,0,0,0,0,0,0,0,0,0,0
2002,510825,1,1,0,0,0,0,0,0,0,14,0,0
2002,510826,0,1,11,14,0,0,26,0,0,12,19,0
2002,510826,1,1,0,0,11,0,0,0,0,0,0,3
2002,510827,1,1,0,0,0,0,0,0,0,0,0,0
2002,510827,2,1,0,0,0,0,0,0,0,0,0,0
2002,510828,1,1,15,37,25,19,22,10,27,34,20,38
2002,510830,1,1,0,0,0,0,0,0,0,0,0,0
2002,510830,2,1,0,3,0,0,0,12,0,0,2,0
2002,510831,1,1,0,0,0,0,0,0,0,0,0,0
2002,510831,2,1,0,0,0,0,0,0,18,0,0,0
2002,510832,1,1,17,17,17,17,17,17,17,17,17,17
2002,510834,1,1,9,9,9,9,9,9,9,9,9,9
2002,510835,1,1,9,9,9,9,9,9,9,9,9,9
2002,510836,1,1,15,15,15,15,15,15,15,15,15,15
2002,510837,1,1,0,0,0,0,0,0,0,0,0,0
2002,510837,2,1,0,0,0,0,0,0,0,0,0,0
2002,510838,1,1,20,7,7,10,14,0,18,0,6,10
2002,510839,1,1,0,0,0,0,0,0,0,0,0,0
2002,510839,2,1,0,0,0,0,0,0,0,0,0,0
2002,510840,1,1,0,0,0,0,0,0,0,19,0,0
2002,510841,1,1,0,0,0,0,0,0,0,0,0,0
2002,510841,2,1,0,0,0,0,0,0,0,0,0,0
2002,510842,1,1,0,0,0,0,0,0,0,0,0,0
2002,510842,2,1,0,0,0,0,0,0,0,0,0,0
2002,510843,1,1,0,0,0,0,0,0,0,0,0,0
2002,510843,2,1,0,0,0,0,0,0,0,0,0,0
2002,510844,1,1,0,0,0,0,0,0,0,0,0,0
2002,510844,2,1,0,0,0,0,0,0,0,0,0,0
2002,510845,0,1,0,0,0,0,0,0,0,0,0,0
2002,510845,1,1,0,0,0,0,0,0,0,0,0,0
2002,510845,2,1,23,23,23,23,23,23,23,23,23,23
2002,510845,3,1,0,0,0,0,0,0,0,0,0,0
2002,530001,1,1,17,17,17,17,17,17,17,17,17,17
2002,530002,1,1,5,5,5,5,5,5,5,5,5,5
2002,530003,1,1,18,18,18,18,18,18,18,18,18,18
2002,530004,1,1,12,12,12,12,12,12,12,12,12,12
2002,530005,1,1,25,25,25,25,25,25,25,25,25,25
2002,530006,1,1,0,0,0,0,0,0,0,0,0,0
2002,530007,1,1,21,21,21,21,21,21,21,21,21,21
2002,530008,1,1,18,18,18,18,18,18,18,18,18,18
2002,530008,2,1,0,0,0,0,15,0,0,0,0,0
2002,530008,3,1,0,11,0,0,0,0,0,8,0,9
2002,530009,1,1,0,0,0,0,0,0,0,0,0,0
2002,530009,2,1,0,0,0,0,0,0,0,0,0,0
2002,530010,1,1,0,0,0,0,0,0,0,0,0,0
2002,530010,2,1,0,0,0,0,0,0,0,0,0,0
2002,530011,0,1,0,0,0,0,0,0,0,0,0,0
2002,530011,0,2,0,0,0,0,0,0,0,0,0,0
2002,530011,1,1,0,0,0,0,0,0,0,0,0,0
2002,530012,0,1,36,19,25,16,8,21,0,24,24,10
2002,530012,1,1,0,0,0,0,0,0,0,0,0,0
2002,530013,1,1,20,20,20,20,20,20,20,20,20,20
2002,530014,0,1,0,0,0,0,0,0,0,0,0,0
2002,530014,1,1,0,0,0,0,29,0,0,0,0,0
2002,530015,1,1,0,0,0,0,0,0,0,0,0,0
2002,530016,0,1,0,0,0,0,0,0,0,0,0,0
2002,530016,1,1,0,0,0,0,0,0,0,0,0,0
2002,530017,1,1,27,27,27,27,27,27,27,27,27,27
2002,530018,0,1,27,27,27,27,27,27,27,27,27,27
2002,530018,1,1,0,0,0,0,0,0,0,0,0,0
2002,530019,1,1,0,0,0,0,0,0,0,0,0,0
2002,530019,2,1,0,0,0,0,0,0,0,0,0,0
2002,530020,1,1,27,27,27,27,27,27,27,27,27,27
2002,530021,0,1,0,0,0,0,0,0,0,0,0,0
2002,530021,0,2,18,40,22,24,22,22,13,14,37,21
2002,530021,1,1,0,0,0,0,0,0,0,0,0,0
2002,530022,0,1,0,0,0,0,0,0,0,0,0,0
2002,530022,1,1,0,0,0,0,0,0,0,0,0,0
2002,530023,1,1,0,0,0,7,0,0,0,0,0,6
2002,530024,1,1,0,0,18,0,0,0,0,0,0,0
2002,530024,2,1,0,0,0,0,0,0,0,0,0,0
2002,530025,1,1,13,13,13,13,13,13,13,13,13,13
2002,530026,1,1,10,10,10,10,10,10,10,10,10,10
2002,530027,1,1,0,0,0,0,0,0,0,0,0,0
2002,530027,2,1,3,7,0,0,24,5,0,24,0,8
2002,530028,1,1,0,0,0,0,0,0,0,0,0,0
2002,530028,2,1,0,0,0,0,0,0,0,0,0,0
2002,530029,1,1,11,11,11,11,11,11,11,11,11,11
2002,530030,1,1,0,0,0,0,0,0,0,0,0,0
2002,530031,1,1,0,0,0,11,0,0,0,0,0,0
2002,530031,2,1,0,0,0,0,0,0,0,0,0,0
2002,530032,1,1,26,26,26,26,26,26,26,26,26,26
2002,530033,1,1,0,0,0,0,0,0,0,0,0,0
2002,530034,1,1,13,13,13,13,13,13,13,13,13,13
2002,530034,2,1,0,0,0,0,0,0,0,0,0,0
2002,530035,1,1,8,8,8,8,8,8,8,8,8,8
2002,530036,1,1,0,0,0,0,0,0,0,0,0,0
2002,530036,2,1,0,0,0,0,0,0,0,0,0,0
2002,530037,0,1,31,31,31,31,31,31,31,31,31,31
2002,530037,1,1,0,0,0,0,0,0,0,0,0,0
2002,530038,0,1,18,18,18,18,18,18,18,18,18,18
2002,530038,1,1,7,0,0,0,0,0,0,5,0,0
2002,530039,1,1,0,0,0,0,0,0,0,0,0,0
2002,530039,2,1,0,0,0,0,0,0,0,0,0,0
2002,530040,1,1,0,0,0,0,0,0,0,0,0,0
2002,530040,2,1,0,0,0,0,0,0,0,0,0,0
2002,530041,1,1,29,29,29,29,29,29,29,29,29,29
2002,530042,1,1,13,13,13,13,13,13,13,13,13,13
2002,530043,1,1,13,0,0,0,0,0,0,0,6,0
2002,530044,1,1,0,0,0,0,0,0,0,0,0,0
2002,530044,2,1,0,0,0,0,0,0,0,0,0,0
2002,530045,1,1,0,0,0,0,0,0,0,0,0,0
2002,530046,1,1,21,21,21,21,21,21,21,21,21,21
2002,530047,1,1,0,0,0,0,0,0,0,0,0,0
2002,530048,1,1,0,0,0,0,0,0,0,0,0,0
2002,530049,1,1,0,0,0,0,0,0,0,0,0,0
2002,530049,2,1,0,0,0,0,0,0,0,0,0,0
2002,530049,3,1,0,0,3,0,0,0,0,0,0,0
2002,530050,1,1,8,22,16,15,32,10,8,6,21,9
2002,530050,2,1,0,0,0,0,0,0,0,0,0,0
2002,530051,1,1,21,21,21,21,21,21,21,21,21,21
2002,530051,2,1,0,0,0,0,0,0,0,0,0,0
2002,530052,1,1,0,0,0,0,0,0,0,0,0,0
2002,530052,2,1,0,0,0,0,0,0,0,0,0,0
2002,530053,1,1,0,0,0,0,0,0,0,0,0,0
2002,530054,1,1,0,0,0,0,0,0,0,0,0,0
2002,530054,2,1,0,0,0,0,0,0,0,0,0,0
2002,530055,1,1,20,20,20,20,20,20,20,20,20,20
2002,530055,2,1,0,0,0,0,0,0,0,0,0,0
2002,530056,1,1,15,15,15,15,15,15,15,15,15,15
2002,530056,2,1,0,0,0,0,0,0,0,0,0,0
2002,530057,0,1,10,0,16,20,21,0,19,5,3,0
2002,530057,0,2,0,0,0,12,0,0,0,19,9,40
2002,530057,0,3,2,2,2,2,2,2,2,2,2,2
2002,530057,1,1,0,0,0,0,0,0,0,0,0,0
2002,530058,1,1,0,0,0,0,0,0,0,0,0,0
2002,530059,1,1,0,0,0,0,0,0,0,0,0,0
2002,530060,1,1,14,14,14,14,14,14,14,14,14,14
2002,530060,2,1,0,0,0,0,0,0,0,0,25,0
2002,530061,1,1,0,0,0,0,0,0,0,0,0,0
2002,530061,2,1,0,0,0,0,0,0,0,0,0,0
2002,530062,1,1,0,0,0,0,0,0,0,0,0,0
2002,530062,2,1,0,0,0,0,0,0,0,0,0,0
2002,530063,1,1,0,0,0,0,0,0,0,0,0,0
2002,530063,2,1,0,0,0,0,0,0,0,0,0,0
2002,530064,0,1,13,13,13,13,13,13,13,13,13,13
2002,530064,1,1,0,0,0,0,0,0,0,0,0,0
2002,530065,1,1,0,0,0,0,0,0,0,0,0,0
2002,530066,1,1,0,0,0,0,0,0,0,0,0,0
2002,530066,2,1,0,0,0,0,0,0,0,0,0,0
2002,530067,1,1,0,9,9,0,37,0,23,0,20,30
2002,530068,0,1,2,0,6,0,0,0,0,0,22,0
2002,530068,1,1,0,0,0,0,0,0,0,0,0,0
2002,530069,0,1,0,0,0,0,0,0,0,0,0,0
2002,530069,1,1,0,0,0,0,0,0,0,0,0,0
2002,530070,1,1,0,0,0,0,0,0,0,0,0,0
2002,530070,2,1,0,0,0,0,0,10,0,0,0,0
2002,530071,1,1,8,8,8,8,8,8,8,8,8,8
2002,530072,0,1,0,0,0,0,0,0,0,0,0,0
2002,530072,0,2,0,0,0,0,0,0,0,0,0,0
2002,530072,1,1,0,0,0,0,0,0,0,6,0,0
2002,530073,0,1,13,13,13,13,13,13,13,13,13,13
2002,530073,1,1,0,0,0,0,0,0,0,0,0,0
2002,530074,0,1,7,7,7,7,7,7,7,7,7,7
2002,530074,1,1,20,20,20,20,20,20,20,20,20,20
2002,530075,1,1,21,21,21,21,21,21,21,21,21,21
2002,530076,1,1,0,0,0,0,0,0,0,0,0,0
2002,530076,2,1,0,0,0,0,0,0,0,0,0,0
2002,530077,1,1,10,10,10,10,10,10,10,10,10,10
2002,530078,1,1,0,0,0,0,0,0,0,0,0,0
2002,530079,1,1,0,0,0,0,0,0,0,0,0,0
2002,530079,2,1,0,0,0,0,0,0,0,0,0,0
2002,530080,1,1,24,24,24,24,24,24,24,24,24,24
2002,530082,1,1,18,18,18,18,18,18,18,18,18,18
2002,530083,0,1,27,27,27,27,27,27,27,27,27,27
2002,530083,1,1,0,0,0,0,0,0,0,0,0,0
2002,530084,0,1,0,0,0,0,0,0,0,0,0,0
2002,530084,1,1,0,0,0,0,0,0,0,0,0,0
2002,530085,1,1,13,13,13,13,13,13,13,13,13,13
2002,530085,2,1,0,0,0,0,0,0,0,0,0,0
2002,530086,1,1,0,0,0,0,0,0,0,0,0,0
2002,530086,2,1,0,0,0,0,0,0,0,0,0,0
2002,530087,1,1,10,10,10,10,10,10,10,10,10,10
2002,530088,1,1,13,13,13,13,13,13,13,13,13,13
2002,530088,2,1,0,0,0,0,0,0,0,0,0,0
2002,530089,1,1,0,0,0,0,0,0,0,0,0,0
2002,530089,2,1,0,0,0,0,0,0,0,0,0,0
2002,530090,1,1,19,0,0,0,17,0,21,13,0,0
2002,530091,1,1,17,17,17,17,17,17,17,17,17,17
2002,530092,1,1,20,20,20,20,20,20,20,20,20,20
2002,530092,2,1,0,0,0,0,0,0,0,0,0,0
2002,530093,1,1,0,0,0,0,0,0,0,0,0,0
2002,530093,2,1,0,0,0,0,0,0,7,0,0,0
2002,530094,1,1,0,0,0,0,0,0,0,0,0,0
2002,530094,2,1,0,0,0,0,0,0,0,0,15,0
2002,530095,1,1,0,0,0,0,0,0,0,0,0,0
2002,530096,1,1,18,18,18,18,18,18,18,18,18,18
2002,530097,1,1,0,0,0,0,0,0,0,0,0,0
2002,530097,2,1,0,0,0,0,0,0,0,0,0,0
2002,530098,1,1,23,23,23,23,23,23,23,23,23,23
2002,530099,1,1,13,13,13,13,13,13,13,13,13,13
2002,530100,1,1,32,32,32,32,32,32,32,32,32,32
2002,530101,1,1,27,27,27,27,27,27,27,27,27,27
2002,530102,1,1,0,0,0,0,0,0,0,0,0,0
2002,530103,1,1,17,17,17,17,17,17,17,17,17,17
2002,530104,1,1,0,0,0,0,0,0,0,0,0,0
2002,530104,2,1,0,0,0,0,0,0,0,0,0,0
2002,530104,3,1,0,0,0,0,0,0,0,0,0,0
2002,530105,0,1,0,0,0,0,0,0,0,0,0,0
2002,530105,1,1,0,0,0,0,0,0,0,0,0,0
2002,530106,1,1,0,0,0,0,0,0,0,0,0,0
2002,530106,2,1,0,0,0,0,0,0,0,0,0,0
2002,530107,0,1,0,0,0,0,0,0,0,0,0,0
2002,530107,0,2,0,0,0,0,0,0,0,0,0,0
2002,530107,1,1,0,0,0,0,14,0,0,0,0,0
2002,530108,1,1,0,0,0,0,0,0,0,0,0,0
2002,530108,2,1,0,0,0,0,0,0,0,0,0,0
2002,530109,1,1,0,0,0,0,0,0,0,0,0,0
2002,530110,1,1,5,5,5,5,5,5,5,5,5,5
2002,530111,1,1,22,22,22,22,22,22,22,22,22,22
2002,530112,1,1,0,0,0,0,0,0,0,0,0,0
2002,530112,2,1,0,0,0,0,0,0,0,0,0,0
2002,530113,1,1,27,27,27,27,27,27,27,27,27,27
2002,530113,2,1,0,0,0,0,0,0,18,0,0,0
2002,530113,3,1,0,0,0,0,0,14,20,0,0,0
2002,530114,1,1,0,0,0,0,0,0,0,0,0,0
2002,530114,2,1,0,0,0,0,0,0,0,0,0,0
2002,530115,1,1,0,27,0,0,5,0,0,0,0,0
2002,530116,1,1,38,38,38,38,38,38,38,38,38,38
2002,530117,1,1,20,0,0,18,0,0,0,7,0,16
2002,530118,1,1,0,0,0,0,0,0,0,0,0,0
2002,530118,2,1,0,0,0,0,0,0,0,0,0,25
2002,530119,1,1,0,0,0,0,0,0,0,0,0,0
2002,530119,2,1,0,0,0,0,0,0,0,0,0,0
2002,530120,1,1,0,0,0,0,0,0,0,0,0,0
2002,530121,1,1,26,26,26,26,26,26,26,26,26,26
2002,530122,0,1,0,0,0,0,0,0,0,0,0,0
2002,530122,1,1,2,2,2,2,2,2,2,2,2,2
2002,530123,1,1,0,0,0,0,0,0,0,0,0,6
2002,530123,2,1,0,0,0,0,0,0,0,0,0,0
2002,530124,0,1,0,0,0,0,0,0,0,0,0,0
2002,530124,0,2,0,0,0,0,0,0,0,0,0,0
2002,530124,1,1,0,0,0,0,0,0,0,0,0,0
2002,530125,1,1,21,21,21,21,21,21,21,21,21,21
2002,530126,1,1,0,0,0,0,0,0,0,0,0,0
2002,530126,2,1,0,0,0,0,0,0,0,0,0,0
2002,530127,1,1,0,0,0,0,0,0,0,0,0,0
2002,530128,1,1,20,20,20,20,20,20,20,20,20,20
2002,530129,1,1,0,0,0,0,0,0,0,0,0,0
2002,530130,1,1,15,2,21,15,4,25,22,14,0,24
2002,530131,1,1,19,19,19,19,19,19,19,19,19,19
2002,530132,1,1,15,15,15,15,15,15,15,15,15,15
2002,530133,1,1,0,0,0,0,0,0,0,0,0,0
2002,530133,2,1,0,0,0,0,0,0,0,0,0,0
2002,530134,1,1,9,9,9,9,9,9,9,9,9,9
2002,530135,1,1,0,0,0,0,0,0,0,0,0,0
2002,530136,1,1,6,6,6,6,6,6,6,6,6,6
2002,530137,0,1,0,0,0,0,0,0,0,0,0,0
2002,530137,1,1,0,0,0,0,0,0,0,0,0,0
2002,530138,1,1,0,0,0,0,0,0,0,0,0,0
2002,530139,1,1,0,0,0,0,0,13,0,0,0,0
2002,530140,1,1,0,0,0,0,0,0,0,0,0,0
2002,530141,0,1,20,20,20,20,20,20,20,20,20,20