YEAR,ST_CASE,veh_no,per_no,P1,P2,P3,P4,P5,P6,P7,P8,P9,P10
2002,550023,1,1,24,24,24,24,24,24,24,24,24,24
2002,550024,1,1,19,19,19,19,19,19,19,19,19,19
2002,550024,2,1,13,13,13,13,13,13,13,13,13,13
2002,550025,1,1,0,0,0,0,0,0,0,0,0,0
2002,550026,1,1,0,0,0,0,0,0,0,0,0,0
2002,550026,2,1,0,0,0,0,0,0,0,0,0,0
2002,550027,1,1,0,0,0,0,0,0,0,0,0,0
2002,550028,0,1,0,0,0,0,0,0,0,0,0,0
2002,550028,1,1,0,0,0,0,0,0,0,0,0,0
2002,550029,1,1,0,0,0,0,0,0,0,0,0,0
2002,550029,2,1,0,0,0,0,0,0,0,0,0,0
2002,550030,1,1,20,16,12,12,24,35,29,9,23,7
2002,550031,1,1,0,0,0,0,0,0,0,0,0,0
2002,550031,2,1,0,0,0,0,0,0,0,0,0,0
2002,550032,1,1,0,0,0,0,0,0,0,0,0,0
2002,550032,2,1,0,0,0,0,0,0,0,0,0,0
2002,550033,1,1,0,0,0,0,0,0,0,0,0,0
2002,550033,2,1,0,0,0,0,0,0,0,0,0,0
2002,550034,1,1,0,0,0,0,0,0,0,0,0,0
2002,550035,1,1,0,0,0,0,0,0,0,0,0,0
2002,550035,2,1,0,0,12,0,0,0,0,0,0,0
2002,550036,0,1,0,0,0,0,0,0,0,0,0,0
2002,550036,1,1,0,0,0,0,0,0,0,0,0,0
2002,550037,1,1,0,0,0,0,0,0,0,0,0,0
2002,550038,1,1,18,18,18,18,18,18,18,18,18,18
2002,550039,1,1,0,0,0,0,0,0,0,0,0,0
2002,550039,2,1,0,0,0,0,0,0,0,0,0,0
2002,550040,1,1,12,12,12,12,12,12,12,12,12,12
2002,550041,1,1,0,0,0,0,0,14,0,0,0,0
2002,550042,1,1,0,0,0,0,0,0,0,0,0,0
2002,550042,2,1,0,0,0,0,0,0,0,0,0,0
2002,550043,1,1,0,0,0,0,0,0,0,0,0,0
2002,550044,1,1,14,14,14,14,14,14,14,14,14,14
2002,550045,1,1,10,10,10,10,10,10,10,10,10,10
2002,550045,2,1,0,0,0,0,0,0,0,0,0,0
2002,550046,0,1,0,0,0,0,0,0,0,0,0,0
2002,550046,0,2,0,0,0,0,0,0,6,0,0,0
2002,550046,1,1,1,1,1,1,1,1,1,1,1,1
2002,550047,1,1,0,0,0,0,0,0,0,0,0,0
2002,550047,2,1,17,17,17,17,17,17,17,17,17,17
2002,550048,1,1,0,0,0,0,0,0,0,0,8,0
2002,550048,2,1,0,0,0,0,0,0,0,0,0,0
2002,550049,1,1,13,13,13,13,13,13,13,13,13,13
2002,550050,1,1,0,0,0,0,0,0,0,0,0,0
2002,550050,2,1,0,0,0,0,0,0,0,0,0,0
2002,550051,1,1,0,0,0,0,0,0,0,0,0,0
2002,550051,2,1,0,0,0,0,0,0,18,0,0,0
2002,550052,1,1,0,0,0,0,0,0,0,0,0,20
2002,550052,2,1,0,0,0,0,0,0,0,0,0,0
2002,550052,3,1,0,0,0,0,7,0,0,0,5,0
2002,550053,1,1,0,0,0,0,0,0,0,0,0,0
2002,550053,2,1,0,0,0,0,0,0,0,0,0,0
2002,550054,1,1,22,22,22,22,22,22,22,22,22,22
2002,550055,1,1,0,0,0,0,0,0,0,0,0,0
2002,550056,1,1,0,0,0,0,0,0,0,0,0,0
2002,550056,2,1,0,0,0,0,0,0,0,0,0,0
2002,550057,1,1,0,0,0,0,0,0,0,0,0,0
2002,550057,2,1,0,0,0,0,0,0,0,0,0,0
2002,550057,3,1,0,0,0,0,0,0,0,0,0,12
2002,550058,1,1,0,0,0,0,0,0,0,0,0,0
2002,550058,2,1,0,0,0,0,0,0,0,0,0,0
2002,550059,1,1,0,0,0,0,0,0,0,0,0,0
2002,550059,2,1,21,21,21,21,21,21,21,21,21,21
2002,550060,1,1,28,28,28,28,28,28,28,28,28,28
2002,550061,1,1,13,13,13,13,13,13,13,13,13,13
2002,550062,1,1,0,0,0,0,0,0,0,0,0,0
2002,550063,0,1,16,24,14,31,44,24,15,0,0,16
2002,550063,1,1,12,12,12,12,12,12,12,12,12,12
2002,550064,1,1,0,0,0,0,0,0,0,0,0,0
2002,550064,2,1,0,0,0,0,0,0,0,0,0,0
2002,550065,1,1,0,0,0,0,0,0,0,0,0,0
2002,550065,2,1,0,0,0,0,0,0,0,0,0,0
2002,550065,3,1,0,0,0,0,0,0,0,0,0,0
2002,550066,1,1,5,5,5,5,5,5,5,5,5,5
2002,550067,1,1,0,0,0,0,0,0,0,0,0,0
2002,550067,2,1,0,0,0,0,0,0,0,0,0,0
2002,550068,1,1,0,0,0,0,0,0,0,0,0,0
2002,550068,2,1,0,0,8,0,0,0,0,0,0,0
2002,550069,1,1,23,23,23,23,23,23,23,23,23,23
2002,550070,1,1,0,0,0,0,0,0,0,0,0,0
2002,550071,1,1,0,0,0,0,0,0,0,0,0,0
2002,550072,1,1,0,0,0,0,0,0,0,0,0,0
2002,550072,2,1,0,0,0,0,0,0,0,0,0,0
2002,550073,0,1,17,17,17,17,17,17,17,17,17,17
2002,550073,1,1,0,0,0,0,0,0,0,0,0,0
2002,550074,1,1,16,16,16,16,16,16,16,16,16,16
2002,550075,1,1,0,0,0,0,0,0,0,0,0,0
2002,550075,2,1,0,0,0,0,0,0,0,0,0,0
2002,550076,0,1,0,0,0,0,0,0,0,0,0,0
2002,550076,1,1,0,0,0,0,0,0,0,0,0,0
2002,550077,1,1,19,19,19,19,19,19,19,19,19,19
2002,550078,0,1,0,0,0,0,0,0,0,0,0,0
2002,550078,0,2,0,0,0,0,0,0,0,0,0,0
2002,550078,1,1,0,0,0,0,0,0,0,0,0,0
2002,550078,2,1,0,0,0,26,0,0,0,0,0,0
2002,550079,1,1,0,0,0,0,0,0,0,0,0,0
2002,550079,2,1,0,0,0,0,0,0,0,0,0,0
2002,550080,1,1,0,0,0,0,0,0,0,0,0,0
2002,550080,2,1,0,0,0,0,0,0,0,0,0,0
2002,550081,1,1,0,0,0,0,0,0,0,0,0,0
2002,550082,1,1,0,0,0,0,0,0,0,0,0,0
2002,550082,2,1,0,7,0,0,0,0,0,0,0,9
2002,550083,1,1,2,2,2,2,2,2,2,2,2,2
2002,550084,1,1,0,0,0,0,0,0,0,0,0,0
2002,550084,2,1,0,0,0,0,0,0,0,0,0,0
2002,550085,1,1,25,25,25,25,25,25,25,25,25,25
2002,550085,2,1,0,0,0,0,0,0,0,0,0,0
2002,550086,1,1,0,0,0,0,0,0,0,0,0,0
2002,550086,2,1,0,5,0,0,0,0,0,0,0,0
2002,550087,1,1,0,0,0,0,6,0,0,0,0,0
2002,550087,2,1,0,0,0,0,0,0,0,0,0,0
2002,550088,1,1,0,0,0,0,0,0,0,0,0,0
2002,550089,1,1,25,25,25,25,25,25,25,25,25,25
2002,550090,1,1,0,0,0,0,0,0,0,0,0,0
2002,550090,2,1,8,0,0,0,0,0,0,0,0,0
2002,550091,1,1,0,0,0,0,0,0,0,0,0,0
2002,550091,2,1,8,24,0,0,0,0,0,0,0,0
2002,550092,1,1,0,0,0,11,0,0,0,0,0,0
2002,550092,2,1,0,0,0,0,0,0,0,0,0,0
2002,550093,1,1,27,27,27,27,27,27,27,27,27,27
2002,550094,1,1,28,28,28,28,28,28,28,28,28,28
2002,550095,1,1,0,0,0,0,0,0,0,0,0,0
2002,550095,2,1,0,0,0,0,0,0,0,0,0,0
2002,550096,1,1,42,42,42,42,42,42,42,42,42,42
2002,550096,2,1,0,0,0,0,0,0,0,0,0,0
2002,550097,1,1,0,0,0,0,0,0,0,0,0,0
2002,550097,2,1,0,0,0,0,0,0,0,0,0,0
2002,550098,1,1,0,0,0,0,0,0,0,0,0,0
2002,550098,2,1,0,0,0,0,0,0,0,0,0,0
2002,550099,1,1,16,16,16,16,16,16,16,16,16,16
2002,550100,1,1,16,16,16,16,16,16,16,16,16,16
2002,550100,2,1,0,0,0,0,0,0,0,0,0,0
2002,550101,1,1,0,0,0,0,0,0,0,0,0,0
2002,550101,2,1,0,0,0,0,0,0,0,0,0,0
2002,550101,3,1,0,12,0,0,0,9,0,0,0,0
2002,550102,1,1,0,0,0,0,0,0,0,0,0,0
2002,550102,2,1,0,0,0,0,0,0,0,0,0,0
2002,550103,1,1,17,17,17,17,17,17,17,17,17,17
2002,550104,1,1,3,3,3,3,3,3,3,3,3,3
2002,550104,2,1,0,0,0,0,0,0,0,0,0,0
2002,550105,1,1,37,37,37,37,37,37,37,37,37,37
2002,550106,1,1,0,0,0,0,0,0,0,0,0,0
2002,550106,2,1,0,0,0,0,0,0,0,0,0,0
2002,550107,1,1,0,8,16,0,0,0,16,15,0,0
2002,550107,2,1,0,0,5,0,0,0,0,2,0,0
2002,550107,3,1,0,16,0,7,0,0,0,0,32,0
2002,550108,1,1,1,1,1,1,1,1,1,1,1,1
2002,550109,1,1,0,0,0,0,0,0,0,0,0,0
2002,550110,1,1,0,0,0,0,0,0,0,0,0,0
2002,550110,2,1,0,0,0,0,0,0,24,0,0,0
2002,550111,1,1,0,0,0,0,0,0,0,0,0,0
2002,550111,2,1,0,0,0,0,0,0,0,0,0,0
2002,550112,1,1,26,26,26,26,26,26,26,26,26,26
2002,550113,1,1,23,23,23,23,23,23,23,23,23,23
2002,550113,2,1,0,0,0,0,0,0,0,0,9,0
2002,550113,3,1,0,0,0,0,0,0,0,0,0,0
2002,550114,1,1,20,20,20,20,20,20,20,20,20,20
2002,550115,1,1,29,29,29,29,29,29,29,29,29,29
2002,550116,1,1,0,0,0,0,0,0,0,0,0,0
2002,550116,2,1,0,0,0,0,0,0,0,0,0,0
2002,550116,3,1,0,0,0,0,0,0,0,0,0,0
2002,550116,4,1,0,0,0,0,0,0,0,0,0,0
2002,550116,5,1,0,0,0,0,0,0,0,0,0,0
2002,550117,1,1,0,0,0,0,0,0,0,0,0,0
2002,550117,2,1,0,0,0,0,0,0,0,0,0,0
2002,550118,1,1,0,0,0,0,0,0,0,0,0,0
2002,550118,2,1,0,0,0,0,0,0,0,0,0,0
2002,550119,1,1,0,0,0,0,0,0,0,0,0,0
2002,550119,2,1,0,0,0,0,0,0,0,0,0,0
2002,550120,1,1,0,0,0,0,0,0,0,0,0,0
2002,550120,2,1,0,0,0,0,0,0,0,0,0,0
2002,550120,3,1,0,0,0,0,0,0,0,0,0,0
2002,550121,1,1,0,0,0,0,0,0,0,0,0,0
2002,550122,1,1,0,0,0,0,0,0,0,0,0,0
2002,550122,2,1,0,0,0,0,0,0,0,0,0,0
2002,550123,1,1,19,19,19,19,19,19,19,19,19,19
2002,550124,1,1,20,20,20,20,20,20,20,20,20,20
2002,550125,1,1,24,24,24,24,24,24,24,24,24,24
2002,550126,1,1,0,0,0,0,0,0,0,0,0,0
2002,550126,2,1,0,0,0,0,0,0,0,0,0,0
2002,550127,1,1,0,0,0,0,0,0,0,0,0,0
2002,550127,2,1,0,0,0,0,0,0,0,0,0,0
2002,550128,1,1,26,26,26,26,26,26,26,26,26,26
2002,550129,1,1,0,0,0,0,0,0,0,0,0,0
2002,550129,2,1,0,0,0,0,0,0,0,0,0,0
2002,550130,1,1,0,0,0,9,0,0,0,0,0,0
2002,550130,2,1,0,0,0,0,0,0,0,0,0,0
2002,550131,1,1,0,0,0,0,0,0,0,0,0,0
2002,550131,2,1,0,0,0,0,0,0,0,0,0,0
2002,550132,1,1,0,0,0,0,0,0,0,0,0,0
2002,550132,2,1,26,26,26,26,26,26,26,26,26,26
2002,550133,1,1,0,0,0,0,0,0,0,0,0,0
2002,550134,1,1,14,14,14,14,14,14,14,14,14,14
2002,550135,1,1,0,0,0,0,0,0,0,0,0,0
2002,550136,0,1,0,0,0,0,0,0,0,0,0,0
2002,550136,1,1,0,0,0,0,0,0,0,0,0,0
2002,550137,1,1,17,17,17,17,17,17,17,17,17,17
2002,550138,0,1,0,0,0,0,0,0,0,0,0,0
2002,550138,1,1,0,0,0,0,0,0,0,0,0,0
2002,550139,1,1,0,0,0,0,0,0,0,0,0,0
2002,550139,2,1,0,0,0,0,0,0,0,0,0,0
2002,550140,0,1,0,0,0,0,0,0,0,0,0,0
2002,550140,1,1,0,0,0,0,0,0,0,0,0,0
2002,550141,1,1,0,0,0,0,0,0,0,0,0,0
2002,550141,2,1,0,0,0,0,0,0,0,0,0,0
2002,550142,1,1,10,10,10,10,10,10,10,10,10,10
2002,550142,2,1,0,0,0,0,0,0,0,0,0,0
2002,550142,3,1,0,0,0,0,0,0,0,0,12,0
2002,550143,1,1,0,0,0,0,0,0,0,0,0,0
2002,550143,2,1,0,0,0,0,0,0,0,0,0,0
2002,550144,1,1,0,0,0,0,0,0,0,0,14,0
2002,550145,1,1,0,6,0,16,14,0,17,0,0,38
2002,550146,1,1,21,21,21,21,21,21,21,21,21,21
2002,550147,1,1,0,0,0,0,0,0,0,0,0,0
2002,550147,2,1,0,0,0,0,0,0,0,0,0,0
2002,550148,1,1,0,0,0,0,0,0,0,0,0,0
2002,550149,1,1,0,0,0,0,0,0,0,0,0,0
2002,550150,1,1,23,23,23,23,23,23,23,23,23,23
2002,550151,1,1,0,0,0,0,0,0,0,0,0,0
2002,550151,2,1,0,0,0,0,0,0,0,0,0,0
2002,550152,0,1,0,0,0,0,0,0,0,0,0,0
2002,550152,1,1,0,0,0,0,10,0,0,0,0,0
2002,550153,1,1,27,27,27,27,27,27,27,27,27,27
2002,550154,1,1,21,21,21,21,21,21,21,21,21,21
2002,550155,1,1,0,0,0,0,0,0,0,0,0,0
2002,550155,2,1,0,0,0,0,0,0,0,0,0,0
2002,550156,1,1,7,0,0,22,0,0,0,20,0,19
2002,550157,1,1,0,0,0,0,0,0,0,0,0,0
2002,550158,1,1,0,0,0,0,0,0,0,0,0,0
2002,550159,1,1,0,22,0,0,19,0,0,0,0,0
2002,550159,2,1,0,0,0,0,0,0,0,0,0,0
2002,550160,1,1,33,33,33,33,33,33,33,33,33,33
2002,550161,1,1,19,19,19,19,19,19,19,19,19,19
2002,550161,2,1,19,19,19,19,19,19,19,19,19,19
2002,550161,3,1,0,0,0,0,0,0,0,0,0,0
2002,550162,1,1,13,36,33,17,35,25,13,21,24,20
2002,550163,1,1,0,0,0,0,0,0,0,0,0,0
2002,550163,2,1,0,0,0,0,0,0,0,0,0,0
2002,550164,0,1,0,15,0,0,0,0,0,0,16,0
2002,550164,1,1,0,0,0,0,0,0,0,0,0,0
2002,550165,1,1,9,0,13,0,0,0,0,29,0,0
2002,550165,2,1,0,0,0,0,0,0,0,0,0,0
2002,550166,1,1,0,0,0,0,0,0,0,0,0,0
2002,550166,2,1,29,16,0,13,0,0,0,10,0,0
2002,550167,1,1,0,0,0,0,0,0,0,0,0,0
2002,550168,1,1,27,11,6,6,0,7,13,27,12,27
2002,550168,2,1,0,0,0,0,0,0,0,0,0,0
2002,550169,1,1,3,3,3,3,3,3,3,3,3,3
2002,550170,1,1,30,30,30,30,30,30,30,30,30,30
2002,550171,1,1,14,0,24,26,9,9,28,9,7,4
2002,550172,1,1,0,0,0,0,0,0,0,0,0,0
2002,550172,2,1,0,0,0,0,0,0,0,0,0,0
2002,550173,1,1,0,0,0,0,0,0,0,0,0,0
2002,550173,2,1,0,0,0,0,0,8,0,20,7,0
2002,550174,0,1,0,0,0,0,0,0,0,0,0,0
2002,550174,1,1,11,28,0,0,22,0,0,12,18,0
2002,550175,1,1,0,0,0,0,0,0,0,0,0,0
2002,550176,1,1,21,21,21,21,21,21,21,21,21,21
2002,550177,1,1,18,18,18,18,18,18,18,18,18,18
2002,550178,1,1,0,0,0,0,0,0,0,0,0,0
2002,550179,1,1,23,23,23,23,23,23,23,23,23,23
2002,550180,1,1,0,0,0,0,0,0,0,0,0,0
2002,550180,2,1,0,9,0,0,0,12,0,0,0,0
2002,550181,1,1,26,15,0,0,0,0,0,0,0,0
2002,550181,2,1,0,6,5,0,0,0,0,0,0,0
2002,550182,1,1,0,0,0,0,0,0,0,0,0,0
2002,550182,2,1,0,0,0,0,0,0,0,0,0,0
2002,550183,1,1,0,0,0,0,0,0,0,0,0,0
2002,550183,2,1,0,0,0,0,0,0,0,0,0,0
2002,550184,1,1,0,0,0,0,0,0,0,0,0,0
2002,550185,1,1,0,0,0,0,0,0,0,0,0,0
2002,550185,2,1,0,0,0,0,0,0,0,0,0,0
2002,550186,1,1,28,27,17,23,12,18,5,0,29,11
2002,550187,1,1,0,0,0,0,0,0,0,0,0,0
2002,550188,1,1,0,0,0,0,0,0,0,0,0,0
2002,550189,1,1,0,0,0,0,0,0,0,0,0,0
2002,550190,1,1,0,0,0,28,0,0,16,17,0,0
2002,550190,2,1,0,0,0,0,0,0,0,0,0,0
2002,550191,1,1,17,17,17,17,17,17,17,17,17,17
2002,550191,2,1,0,0,0,0,0,0,0,0,0,0
2002,550191,3,1,0,0,0,0,0,0,0,0,0,0
2002,550192,0,1,0,0,0,0,0,0,0,0,0,0
2002,550192,1,1,7,7,7,7,7,7,7,7,7,7
2002,550193,1,1,0,0,0,0,0,0,0,0,0,0
2002,550194,1,1,16,16,16,16,16,16,16,16,16,16
2002,550195,1,1,23,34,25,25,24,14,6,11,15,15
2002,550196,1,1,18,18,18,18,18,18,18,18,18,18
2002,550197,1,1,15,15,15,15,15,15,15,15,15,15
2002,550197,2,1,21,21,21,21,21,21,21,21,21,21
2002,550198,1,1,0,0,0,0,0,0,0,0,0,0
2002,550198,2,1,0,0,0,0,0,0,0,0,0,0
2002,550199,1,1,0,0,0,0,0,0,0,0,0,0
2002,550200,1,1,0,0,0,0,0,0,0,0,0,0
2002,550201,1,1,0,0,0,0,0,0,0,0,0,0
2002,550201,2,1,0,0,0,0,0,0,0,0,0,0
2002,550202,1,1,22,22,22,22,22,22,22,22,22,22
2002,550203,0,1,0,0,0,0,0,0,0,0,0,0
2002,550203,1,1,0,3,0,0,0,0,0,0,0,0
2002,550204,1,1,0,0,0,0,0,0,0,0,0,0
2002,550205,1,1,0,0,0,0,0,0,0,0,0,0
2002,550206,1,1,15,15,15,15,15,15,15,15,15,15
2002,550207,1,1,0,0,0,0,0,0,0,0,0,0
2002,550207,2,1,0,0,0,0,0,0,0,0,0,0
2002,550208,1,1,0,0,0,0,0,0,0,0,0,0
2002,550209,1,1,0,0,0,0,0,0,0,0,0,0
2002,550209,2,1,0,0,0,0,0,0,0,0,0,0
2002,550210,1,1,0,0,0,0,0,0,0,0,0,0
2002,550210,2,1,0,0,0,0,0,0,0,0,0,0
2002,550211,1,1,24,24,24,24,24,24,24,24,24,24
2002,550212,0,1,0,0,0,0,0,0,35,0,0,0
2002,550212,1,1,0,0,0,0,0,0,0,0,0,0
2002,550213,1,1,16,16,16,16,16,16,16,16,16,16
2002,550214,1,1,10,10,10,10,10,10,10,10,10,10
2002,550215,1,1,0,0,0,0,0,0,0,0,0,0
2002,550216,1,1,6,6,6,6,6,6,6,6,6,6
2002,550217,1,1,0,0,0,0,0,0,0,0,0,0
2002,550218,1,1,0,0,0,0,0,0,0,0,0,0
2002,550219,1,1,0,26,0,22,0,0,18,0,0,0
2002,550219,2,1,0,0,0,0,0,0,0,0,0,0
2002,550220,1,1,0,0,0,0,0,0,0,0,0,0
2002,550220,2,1,0,0,0,0,0,0,0,0,0,0
2002,550221,1,1,0,0,0,0,0,0,0,0,0,0
2002,550221,2,1,0,0,0,0,0,0,0,0,0,0
2002,550222,1,1,6,6,0,15,0,0,0,4,28,11
2002,550222,2,1,0,0,0,0,0,0,0,0,0,0
2002,550223,1,1,0,0,0,0,0,0,0,0,0,0
2002,550223,2,1,0,0,0,0,0,0,0,0,0,0
2002,550223,3,1,0,0,0,0,0,0,0,0,0,0
2002,550224,1,1,0,0,0,0,0,0,0,0,0,0
2002,550224,2,1,0,14,0,0,0,0,0,0,0,0
2002,550225,1,1,0,0,0,0,0,0,0,0,0,0
2002,550225,2,1,0,0,0,0,0,0,0,0,0,0
2002,550226,1,1,0,0,0,0,0,16,0,0,0,0
2002,550226,2,1,0,0,0,0,0,0,0,0,0,0
2002,550227,1,1,0,0,0,0,0,0,0,0,0,0
2002,550228,1,1,0,0,0,0,0,0,0,0,0,0
2002,550228,2,1,0,0,0,0,0,0,0,0,0,0
2002,550229,1,1,0,0,0,0,0,0,0,0,0,0
2002,550229,2,1,0,0,0,0,0,0,0,0,0,0
2002,550230,1,1,19,19,19,19,19,19,19,19,19,19
2002,550231,1,1,0,0,0,0,0,0,0,0,0,0
2002,550231,2,1,0,0,0,0,0,0,0,0,0,0
2002,550232,1,1,12,12,12,12,12,12,12,12,12,12
2002,550233,1,1,0,0,0,0,0,0,0,0,0,0
2002,550234,1,1,0,0,0,0,0,0,0,0,0,0
2002,550234,2,1,30,30,30,30,30,30,30,30,30,30
2002,550234,3,1,0,0,0,0,0,0,0,0,0,0
2002,550235,1,1,18,18,18,18,18,18,18,18,18,18
2002,550236,1,1,0,0,0,0,0,0,0,0,0,0
2002,550236,2,1,0,0,0,0,0,0,0,0,0,0
2002,550237,1,1,5,5,5,5,5,5,5,5,5,5
2002,550238,1,1,16,16,16,16,16,16,16,16,16,16
2002,550239,1,1,13,13,13,13,13,13,13,13,13,13
2002,550240,1,1,0,0,0,0,0,0,0,0,0,0
2002,550241,1,1,25,25,25,25,25,25,25,25,25,25
2002,550241,2,1,0,0,0,0,0,0,0,0,0,0
2002,550242,0,1,0,0,8,0,0,0,0,0,0,0
2002,550242,1,1,0,0,0,0,0,0,0,0,0,0
2002,550243,1,1,0,0,0,0,0,0,0,0,0,0
2002,550243,2,1,0,0,0,0,0,0,0,0,0,0
2002,550244,1,1,0,0,0,0,0,0,0,0,0,0
2002,550245,1,1,0,0,0,0,0,0,0,0,0,0
2002,550245,2,1,0,0,0,0,0,0,0,0,0,0
2002,550246,1,1,3,3,3,3,3,3,3,3,3,3
2002,550247,1,1,18,18,18,18,18,18,18,18,18,18
2002,550248,1,1,0,0,0,0,0,0,0,0,0,0
2002,550248,2,1,0,14,0,0,0,0,0,0,0,0
2002,550249,1,1,4,4,4,4,4,4,4,4,4,4
2002,550249,2,1,20,20,20,20,20,20,20,20,20,20
2002,550250,1,1,17,17,17,17,17,17,17,17,17,17
2002,550250,2,1,0,0,0,0,0,0,0,0,0,0
2002,550251,1,1,11,11,11,11,11,11,11,11,11,11
2002,550252,1,1,12,12,12,12,12,12,12,12,12,12
2002,550253,1,1,0,0,0,0,0,0,0,0,0,0
2002,550254,1,1,0,0,0,0,0,0,0,0,0,0
2002,550255,1,1,0,0,0,0,0,0,0,0,0,0
2002,550255,2,1,13,0,20,0,0,0,0,0,13,0
2002,550255,3,1,0,0,0,0,0,0,0,0,0,0
2002,550256,0,1,0,0,0,0,2,0,0,0,0,0
2002,550256,1,1,0,0,0,0,0,0,0,0,0,0
2002,550257,1,1,3,3,3,3,3,3,3,3,3,3
2002,550257,2,1,0,0,0,0,0,0,0,0,0,0
2002,550258,1,1,0,0,0,0,0,0,0,0,0,0
2002,550258,2,1,0,0,0,0,0,0,0,0,0,0
2002,550259,1,1,0,0,0,0,0,0,0,0,0,0
2002,550260,1,1,0,16,0,15,0,0,0,0,0,0
2002,550260,2,1,5,0,21,0,21,0,0,10,18,0
2002,550261,1,1,21,21,21,21,21,21,21,21,21,21
2002,550262,1,1,27,31,14,17,0,0,0,18,0,16
2002,550263,1,1,11,11,11,11,11,11,11,11,11,11
2002,550263,2,1,0,0,0,0,0,0,0,0,0,0
2002,550264,1,1,0,0,0,0,0,0,0,0,0,0
2002,550265,1,1,0,0,0,0,0,0,0,0,0,0
2002,550266,1,1,0,0,0,0,0,0,0,0,0,0
2002,550266,2,1,13,13,13,13,13,13,13,13,13,13
2002,550267,1,1,22,22,22,22,22,22,22,22,22,22
2002,550267,2,1,0,0,0,0,0,0,0,0,0,0
2002,550268,1,1,0,0,0,0,0,0,0,0,0,0
2002,550269,1,1,24,24,24,24,24,24,24,24,24,24
2002,550269,2,1,0,0,0,0,0,0,0,0,0,0
2002,550270,1,1,10,10,10,10,10,10,10,10,10,10
2002,550271,1,1,0,0,0,0,0,0,0,0,0,0
2002,550271,2,1,0,0,0,0,0,0,0,0,0,0
2002,550272,1,1,0,0,0,0,0,0,0,0,0,0
2002,550272,2,1,0,0,0,0,0,0,0,0,0,0
2002,550273,1,1,0,0,0,0,0,0,0,0,0,0
2002,550273,2,1,0,0,0,0,0,0,0,0,0,0
2002,550274,1,1,0,0,0,0,0,0,0,0,0,0
2002,550274,2,1,0,0,0,0,0,0,0,0,0,0
2002,550275,0,1,0,0,0,0,0,0,0,0,0,0
2002,550275,1,1,0,0,0,0,0,0,0,0,0,0
2002,550276,1,1,10,10,10,10,10,10,10,10,10,10
2002,550277,1,1,0,0,0,0,0,0,0,0,0,0
2002,550277,2,1,0,0,0,0,0,0,0,0,0,0
2002,550278,1,1,19,19,19,19,19,19,19,19,19,19
2002,550278,2,1,10,10,10,10,10,10,10,10,10,10
2002,550279,1,1,7,7,7,7,7,7,7,7,7,7
2002,550279,2,1,0,0,6,0,0,0,4,0,0,0
2002,550280,1,1,0,0,0,0,0,0,0,0,0,0
2002,550280,2,1,0,0,0,0,0,25,0,0,0,0
2002,550281,1,1,0,0,0,0,0,0,0,0,0,0
2002,550281,2,1,0,0,0,0,0,0,0,0,0,0
2002,550282,1,1,0,0,0,0,0,0,0,0,0,0
2002,550282,2,1,0,0,0,0,0,0,0,0,0,0
2002,550282,3,1,0,0,0,0,0,0,0,0,0,0
2002,550283,0,1,25,25,25,25,25,25,25,25,25,25
2002,550283,1,1,0,0,0,0,14,0,0,18,0,0
2002,550284,1,1,0,16,0,25,12,0,0,0,11,0
2002,550286,1,1,20,20,20,20,20,20,20,20,20,20
2002,550287,1,1,11,0,0,0,0,0,0,0,12,0
2002,550287,2,1,27,0,0,0,0,0,0,15,0,0
2002,550288,1,1,0,0,0,0,0,0,0,0,0,0
2002,550288,2,1,0,0,0,0,0,0,0,0,0,0
2002,550289,1,1,0,0,0,0,0,0,0,0,0,0
2002,550289,2,1,0,0,0,0,0,0,0,0,0,0
2002,550290,0,1,0,15,50,0,26,0,0,20,22,22
2002,550290,1,1,16,16,16,16,16,16,16,16,16,16
2002,550291,1,1,0,29,22,19,5,22,0,0,21,14
2002,550292,1,1,29,29,29,29,29,29,29,29,29,29
2002,550293,1,1,26,26,26,26,26,26,26,26,26,26
2002,550294,1,1,0,0,0,0,0,0,0,0,0,0
2002,550295,1,1,0,0,0,0,0,0,0,0,0,0
2002,550295,2,1,0,0,0,0,0,0,0,0,0,0
2002,550296,1,1,0,0,0,0,0,0,0,0,0,0
2002,550296,2,1,0,0,0,0,0,0,0,0,0,0
2002,550297,1,1,26,26,26,26,26,26,26,26,26,26
2002,550298,1,1,9,20,19,5,22,15,10,17,13,15
2002,550299,1,1,0,0,0,0,0,17,12,0,0,0
2002,550300,1,1,0,9,7,0,15,0,0,0,0,0
2002,550301,1,1,0,0,0,0,0,0,0,0,0,0
2002,550301,2,1,0,0,0,0,0,0,0,0,0,0
2002,550301,3,1,0,0,0,0,0,0,0,0,22,0
2002,550302,0,1,0,0,0,0,0,0,0,0,0,0
2002,550302,1,1,0,0,0,0,0,0,0,0,0,0
2002,550303,1,1,11,11,11,11,11,11,11,11,11,11
2002,550304,1,1,0,0,12,0,0,0,0,0,0,0
2002,550305,1,1,0,0,0,0,0,0,0,0,0,0
2002,550305,2,1,0,0,0,0,0,0,0,0,0,0
2002,550306,1,1,0,0,0,0,0,0,0,0,0,0