YEAR,ST_CASE,veh_no,per_no,P1,P2,P3,P4,P5,P6,P7,P8,P9,P10
2002,60001,1,1,0,0,0,0,0,0,0,0,0,0
2002,60002,1,1,0,0,0,0,0,0,0,0,0,0
2002,60003,1,1,0,0,0,0,0,0,0,0,0,0
2002,60003,2,1,0,0,0,0,0,0,0,0,0,0
2002,60004,1,1,26,26,26,26,26,26,26,26,26,26
2002,60005,1,1,17,17,17,17,17,17,17,17,17,17
2002,60006,0,1,0,0,0,0,0,0,0,0,0,0
2002,60006,1,1,6,0,0,0,0,0,0,0,0,0
2002,60007,1,1,0,0,0,0,0,0,0,0,0,0
2002,60008,1,1,0,0,0,0,0,0,0,0,0,0
2002,60008,2,1,0,0,0,0,0,0,0,0,0,0
2002,60009,0,1,0,0,0,0,0,0,0,0,0,0
2002,60009,1,1,0,0,0,0,0,0,0,0,0,0
2002,60010,1,1,0,0,0,0,0,0,0,0,0,0
2002,60011,1,1,0,0,0,0,0,0,0,0,0,0
2002,60011,2,1,0,0,0,0,0,0,0,0,0,0
2002,60012,1,1,0,0,0,0,0,0,0,0,0,0
2002,60012,2,1,0,0,0,0,0,0,0,0,0,0
2002,60013,1,1,27,27,27,27,27,27,27,27,27,27
2002,60013,2,1,0,0,0,0,0,0,0,0,0,0
2002,60014,1,1,30,30,30,30,30,30,30,30,30,30
2002,60014,2,1,0,0,0,0,14,0,0,0,0,0
2002,60015,1,1,0,0,7,0,0,18,0,0,0,0
2002,60016,0,1,0,0,0,0,0,0,0,0,0,0
2002,60016,1,1,0,0,0,0,0,0,0,0,0,0
2002,60017,1,1,0,0,0,0,0,0,0,0,0,0
2002,60018,1,1,0,0,0,0,0,0,0,0,0,0
2002,60018,2,1,0,0,0,0,0,10,5,0,0,0
2002,60019,1,1,0,0,0,0,0,0,0,0,0,0
2002,60020,1,1,14,14,14,14,14,14,14,14,14,14
2002,60021,1,1,0,0,0,0,0,0,0,0,0,0
2002,60021,2,1,0,0,0,0,0,0,0,0,0,0
2002,60022,0,1,39,39,39,39,39,39,39,39,39,39
2002,60022,1,1,0,0,0,0,0,0,0,0,0,0
2002,60023,0,1,0,0,0,0,0,0,0,0,0,0
2002,60023,1,1,0,0,0,0,0,0,0,0,0,0
2002,60024,1,1,0,0,0,0,0,0,0,0,0,0
2002,60024,2,1,0,0,0,0,0,0,0,0,0,0
2002,60024,3,1,0,0,0,0,0,0,0,6,0,0
2002,60024,4,1,0,0,0,0,0,0,0,0,0,0
2002,60024,5,1,0,0,0,0,0,0,0,0,0,0
2002,60025,0,1,0,0,0,0,0,0,0,0,0,0
2002,60025,0,2,0,0,0,0,0,0,0,0,0,0
2002,60025,0,3,0,0,0,0,0,0,0,0,0,0
2002,60025,0,4,0,0,0,0,0,0,0,0,0,0
2002,60025,0,5,0,0,0,0,0,0,0,0,0,0
2002,60025,0,6,0,0,0,0,0,0,0,0,0,0
2002,60025,1,1,0,10,0,8,0,0,0,0,0,0
2002,60026,1,1,32,32,32,32,32,32,32,32,32,32
2002,60027,1,1,47,47,47,47,47,47,47,47,47,47
2002,60028,1,1,0,0,0,0,0,0,0,0,0,0
2002,60029,1,1,0,12,0,0,0,0,15,0,0,0
2002,60030,1,1,21,21,21,21,21,21,21,21,21,21
2002,60031,1,1,0,0,0,0,0,0,0,0,0,0
2002,60032,1,1,0,0,0,0,0,0,0,0,0,0
2002,60033,1,1,18,18,18,18,18,18,18,18,18,18
2002,60034,1,1,17,17,17,17,17,17,17,17,17,17
2002,60034,2,1,0,0,0,0,0,0,0,0,0,0
2002,60035,0,1,34,34,34,34,34,34,34,34,34,34
2002,60035,1,1,0,13,0,0,0,0,0,0,0,0
2002,60036,1,1,0,0,0,0,0,0,0,0,0,0
2002,60037,0,1,0,0,0,0,0,0,0,0,0,0
2002,60037,1,1,0,0,0,0,0,0,0,0,0,0
2002,60038,1,1,0,0,0,0,0,0,0,0,0,0
2002,60039,1,1,0,0,0,0,0,0,0,0,0,0
2002,60039,2,1,0,0,0,0,0,0,0,0,0,0
2002,60040,1,1,1,1,1,1,1,1,1,1,1,1
2002,60041,1,1,0,0,0,0,0,0,0,0,0,0
2002,60041,2,1,0,0,0,0,0,0,0,0,0,0
2002,60042,1,1,15,15,15,15,15,15,15,15,15,15
2002,60043,0,1,0,0,0,0,0,0,0,0,0,0
2002,60043,1,1,0,0,0,0,0,0,0,0,0,0
2002,60044,0,1,0,0,0,0,0,0,0,0,0,0
2002,60044,1,1,6,0,0,0,0,0,0,0,0,0
2002,60045,1,1,6,6,6,6,6,6,6,6,6,6
2002,60045,2,1,14,0,0,0,0,0,0,0,0,0
2002,60045,3,1,0,0,0,0,0,0,0,0,0,0
2002,60046,0,1,20,26,25,16,32,28,11,34,20,19
2002,60046,1,1,0,0,0,0,0,0,0,0,0,0
2002,60046,2,1,0,0,0,0,0,0,0,0,0,0
2002,60047,0,1,0,0,0,0,0,0,0,0,0,0
2002,60047,1,1,0,0,0,0,0,0,0,0,0,0
2002,60048,0,1,0,0,0,0,0,0,0,0,0,0
2002,60048,1,1,0,0,17,30,0,0,15,22,16,0
2002,60049,1,1,0,0,0,0,0,0,0,0,0,0
2002,60050,1,1,0,0,0,0,0,0,0,0,0,0
2002,60051,1,1,18,18,18,18,18,18,18,18,18,18
2002,60052,1,1,0,0,0,0,0,0,0,0,0,0
2002,60053,1,1,27,27,27,27,27,27,27,27,27,27
2002,60054,1,1,0,0,0,0,0,0,0,0,0,0
2002,60055,1,1,0,0,0,19,0,0,0,0,0,0
2002,60056,1,1,0,0,3,0,0,0,0,0,0,0
2002,60057,1,1,0,0,0,0,0,0,0,0,0,0
2002,60058,1,1,0,10,0,0,8,0,0,0,0,0
2002,60059,1,1,30,30,30,30,30,30,30,30,30,30
2002,60060,1,1,0,0,0,0,0,0,0,0,0,0
2002,60060,2,1,0,0,0,0,0,0,0,0,0,0
2002,60061,1,1,10,16,6,15,6,27,6,0,17,6
2002,60062,0,1,0,0,0,0,0,0,0,0,0,0
2002,60062,1,1,0,0,0,0,0,0,0,0,0,0
2002,60063,0,1,48,41,8,23,32,11,16,44,0,27
2002,60063,1,1,0,21,0,0,0,0,0,0,11,0
2002,60064,0,1,0,0,0,0,0,0,0,0,0,0
2002,60064,1,1,21,30,21,0,0,0,26,19,19,0
2002,60065,0,1,29,29,29,29,29,29,29,29,29,29
2002,60065,1,1,0,14,0,9,0,0,0,0,17,0
2002,60066,1,1,0,0,0,0,0,0,0,0,0,0
2002,60066,2,1,0,0,0,0,0,0,0,0,0,0
2002,60067,0,1,0,0,0,0,0,0,0,0,0,0
2002,60067,1,1,0,0,0,0,0,0,0,0,0,0
2002,60068,1,1,0,0,0,0,0,0,0,0,0,0
2002,60068,2,1,0,0,0,0,0,0,0,0,0,0
2002,60069,0,1,0,0,0,0,0,0,0,0,0,0
2002,60069,1,1,0,0,0,0,0,10,0,0,0,0
2002,60070,0,1,11,11,11,11,11,11,11,11,11,11
2002,60070,1,1,0,0,0,0,0,0,0,0,0,0
2002,60071,1,1,25,25,25,25,25,25,25,25,25,25
2002,60071,2,1,0,0,0,0,0,0,0,0,0,0
2002,60072,0,1,0,0,0,0,0,0,0,0,0,0
2002,60072,1,1,0,0,0,0,0,0,0,0,0,0
2002,60073,1,1,10,10,10,10,10,10,10,10,10,10
2002,60073,2,1,0,0,0,0,0,0,0,0,0,0
2002,60074,1,1,0,0,0,0,0,0,0,0,0,0
2002,60075,1,1,0,0,0,0,0,0,0,0,0,0
2002,60075,2,1,0,0,0,0,0,0,0,0,0,0
2002,60076,1,1,0,0,0,0,0,0,0,0,0,0
2002,60076,2,1,4,4,4,4,4,4,4,4,4,4
2002,60077,1,1,0,0,0,0,0,0,0,0,0,0
2002,60077,2,1,0,0,0,0,0,0,0,0,0,0
2002,60077,3,1,0,0,0,0,0,0,0,0,0,0
2002,60077,4,1,0,0,0,0,0,0,0,0,0,0
2002,60078,0,1,37,37,37,37,37,37,37,37,37,37
2002,60078,1,1,0,0,0,0,0,0,0,0,0,0
2002,60079,0,1,15,15,15,15,15,15,15,15,15,15
2002,60079,1,1,0,0,0,0,0,0,0,0,0,0
2002,60080,1,1,16,16,16,16,16,16,16,16,16,16
2002,60081,1,1,0,0,0,0,18,0,0,0,0,0
2002,60082,1,1,24,24,24,24,24,24,24,24,24,24
2002,60083,1,1,22,22,22,22,22,22,22,22,22,22
2002,60083,2,1,0,0,0,0,0,0,0,0,0,0
2002,60084,1,1,0,14,18,13,10,0,14,6,18,13
2002,60085,1,1,0,0,0,0,0,0,0,0,0,0
2002,60086,1,1,24,24,24,24,24,24,24,24,24,24
2002,60087,0,1,29,29,29,29,29,29,29,29,29,29
2002,60087,1,1,0,12,0,0,0,0,0,0,0,0
2002,60088,0,1,0,0,0,0,0,0,0,0,0,0
2002,60088,1,1,0,0,0,0,0,0,0,0,0,8
2002,60089,1,1,0,17,0,0,0,0,0,20,0,0
2002,60089,2,1,20,0,0,17,0,0,0,0,0,0
2002,60089,3,1,0,0,0,0,0,0,0,0,0,0
2002,60090,1,1,0,15,7,0,0,0,0,0,0,0
2002,60090,2,1,0,0,0,0,0,0,0,0,0,0
2002,60091,1,1,0,0,0,0,0,0,0,0,0,0
2002,60091,2,1,0,0,0,0,0,0,0,0,0,0
2002,60091,3,1,0,0,0,0,0,0,0,0,0,0
2002,60091,4,1,0,0,0,0,0,0,0,0,0,0
2002,60091,5,1,0,0,0,0,0,0,0,0,0,0
2002,60092,1,1,0,0,0,0,0,0,0,0,0,0
2002,60092,2,1,27,0,0,0,0,0,0,0,0,0
2002,60092,3,1,0,0,0,0,0,0,0,0,0,0
2002,60092,4,1,0,0,0,0,0,0,0,0,0,0
2002,60092,5,1,12,0,0,0,0,20,4,0,0,0
2002,60093,1,1,0,0,0,0,0,0,0,0,0,0
2002,60093,2,1,0,0,0,0,0,0,0,0,0,0
2002,60093,3,1,0,0,0,0,0,0,0,0,0,0
2002,60094,1,1,0,0,0,0,0,0,0,0,0,0
2002,60094,2,1,0,0,0,0,0,0,0,0,0,0
2002,60094,3,1,0,0,0,0,0,0,0,0,0,0
2002,60095,1,1,0,0,0,0,0,0,0,0,0,0
2002,60095,2,1,0,0,0,0,0,0,0,0,0,0
2002,60096,1,1,11,11,11,11,11,11,11,11,11,11
2002,60097,1,1,0,0,0,0,0,0,0,0,0,0
2002,60097,2,1,0,0,0,0,0,0,0,0,0,0
2002,60098,0,1,2,2,2,2,2,2,2,2,2,2
2002,60098,1,1,0,0,0,0,0,0,0,0,0,0
2002,60099,0,1,37,37,37,37,37,37,37,37,37,37
2002,60099,1,1,0,0,0,0,0,0,0,0,0,0
2002,60100,1,1,0,0,0,0,0,0,0,0,0,0
2002,60101,0,1,25,25,25,25,25,25,25,25,25,25
2002,60101,1,1,0,0,0,0,0,0,0,0,0,0
2002,60102,0,1,0,4,0,0,0,0,0,0,0,0
2002,60102,1,1,0,0,0,0,0,0,0,0,0,0
2002,60103,1,1,0,0,0,0,0,0,0,0,0,0
2002,60104,0,1,31,0,19,9,0,28,15,8,21,17
2002,60104,1,1,2,2,2,2,2,2,2,2,2,2
2002,60105,0,1,0,0,0,0,0,0,0,0,0,0
2002,60105,1,1,19,19,19,19,19,19,19,19,19,19
2002,60106,1,1,17,17,17,17,17,17,17,17,17,17
2002,60107,1,1,0,0,0,0,0,0,0,0,0,0
2002,60108,1,1,0,0,0,0,0,0,0,0,0,0
2002,60109,1,1,26,26,26,26,26,26,26,26,26,26
2002,60110,1,1,0,0,0,0,0,0,0,0,0,0
2002,60111,1,1,0,0,0,0,0,0,0,0,0,0
2002,60112,1,1,22,22,22,22,22,22,22,22,22,22
2002,60113,1,1,0,0,0,0,0,0,0,0,0,0
2002,60114,1,1,0,0,0,0,0,0,0,0,0,0
2002,60115,1,1,22,22,22,22,22,22,22,22,22,22
2002,60116,1,1,25,25,25,25,25,25,25,25,25,25
2002,60117,1,1,0,0,0,0,0,0,0,0,0,0
2002,60118,1,1,30,30,30,30,30,30,30,30,30,30
2002,60119,1,1,0,0,0,0,0,0,0,0,0,0
2002,60120,1,1,22,22,22,22,22,22,22,22,22,22
2002,60121,1,1,0,0,0,0,0,0,0,0,0,0
2002,60122,1,1,0,0,0,0,0,0,0,0,0,0
2002,60123,1,1,0,0,0,0,0,0,0,0,0,0
2002,60123,2,1,0,0,0,0,0,0,0,0,0,0
2002,60124,1,1,0,0,0,0,0,0,0,0,0,0
2002,60124,2,1,0,0,0,0,0,0,5,0,0,0
2002,60124,3,1,0,0,0,0,0,0,0,0,0,0
2002,60124,4,1,10,0,0,0,0,0,0,0,0,0
2002,60125,1,1,19,19,19,19,19,19,19,19,19,19
2002,60125,2,1,0,0,0,0,0,0,0,0,0,0
2002,60126,0,1,0,0,0,0,0,0,0,0,0,0
2002,60126,0,2,0,0,0,0,0,0,0,0,0,0
2002,60126,0,3,0,0,0,0,0,0,0,0,0,0
2002,60126,0,4,0,0,0,0,0,0,0,0,0,0
2002,60126,0,5,0,0,0,0,0,0,0,0,0,0
2002,60126,1,1,16,19,18,38,11,7,18,18,13,30
2002,60126,2,1,0,0,0,0,0,0,0,0,0,0
2002,60127,1,1,0,0,0,0,0,0,0,0,0,0
2002,60127,2,1,0,0,0,0,0,0,0,0,0,0
2002,60127,3,1,0,0,0,0,0,0,0,0,0,0
2002,60127,4,1,0,0,0,0,0,0,0,0,0,0
2002,60128,1,1,0,0,0,0,0,0,0,0,8,0
2002,60128,2,1,0,0,0,0,0,0,0,0,0,0
2002,60129,0,1,31,31,31,31,31,31,31,31,31,31
2002,60129,1,1,0,0,0,0,0,0,0,0,0,0
2002,60129,2,1,0,0,0,0,0,0,23,0,0,0
2002,60129,3,1,0,0,0,0,0,0,20,0,0,0
2002,60130,1,1,0,0,0,29,0,0,0,0,0,0
2002,60130,2,1,0,0,0,0,0,0,0,0,0,0
2002,60131,1,1,9,9,9,9,9,9,9,9,9,9
2002,60131,2,1,0,0,0,0,0,0,0,0,0,0
2002,60132,1,1,0,0,0,0,0,0,0,0,0,0
2002,60132,2,1,0,0,0,0,0,0,0,0,0,8
2002,60133,1,1,0,0,0,0,0,0,0,0,0,0
2002,60133,2,1,0,0,0,0,0,0,0,0,0,0
2002,60134,1,1,0,0,0,0,0,0,0,0,0,0
2002,60134,2,1,0,0,0,0,0,0,0,0,0,0
2002,60135,1,1,0,0,0,0,0,0,0,0,0,0
2002,60136,1,1,6,6,6,6,6,6,6,6,6,6
2002,60137,1,1,27,27,27,27,27,27,27,27,27,27
2002,60138,1,1,0,0,0,0,0,0,0,0,0,0
2002,60139,1,1,0,0,0,0,0,17,0,0,0,0
2002,60140,1,1,33,33,33,33,33,33,33,33,33,33
2002,60141,1,1,0,0,0,0,0,0,0,0,0,17
2002,60142,1,1,0,0,0,0,0,0,0,0,0,0
2002,60143,1,1,0,0,0,0,0,0,0,0,0,0
2002,60144,1,1,17,17,17,17,17,17,17,17,17,17
2002,60145,1,1,0,0,0,0,0,0,0,0,0,0
2002,60146,1,1,0,0,0,0,0,0,0,0,0,0
2002,60146,2,1,0,0,0,0,0,0,0,0,0,0
2002,60147,1,1,0,0,0,0,0,0,0,0,0,0
2002,60147,2,1,0,0,0,0,0,0,0,0,0,0
2002,60148,1,1,27,27,27,27,27,27,27,27,27,27
2002,60148,2,1,15,0,0,0,0,0,0,0,0,0
2002,60148,3,1,0,0,0,0,0,0,14,0,0,0
2002,60149,1,1,13,13,13,13,13,13,13,13,13,13
2002,60150,0,1,0,0,0,0,0,0,0,0,0,0
2002,60150,1,1,0,0,0,0,0,0,0,0,0,0
2002,60151,1,1,0,0,0,0,0,0,0,0,0,0
2002,60152,1,1,0,0,0,0,0,0,0,0,0,0
2002,60152,2,1,4,4,4,4,4,4,4,4,4,4
2002,60153,0,1,2,2,2,2,2,2,2,2,2,2
2002,60153,1,1,0,0,0,0,0,0,0,0,0,0
2002,60154,1,1,14,11,7,26,0,8,8,0,0,15
2002,60155,1,1,0,0,0,0,0,0,0,0,0,0
2002,60156,1,1,0,12,0,0,0,0,0,0,0,0
2002,60157,1,1,0,0,0,0,0,0,0,0,0,0
2002,60157,2,1,0,0,0,0,0,0,0,0,0,0
2002,60158,0,1,4,0,17,20,0,0,0,0,28,14
2002,60158,1,1,14,14,14,14,14,14,14,14,14,14
2002,60158,2,1,0,4,17,0,7,0,0,0,0,0
2002,60158,3,1,0,0,0,0,0,0,19,0,0,0
2002,60159,0,1,9,9,9,9,9,9,9,9,9,9
2002,60159,1,1,19,5,36,17,28,4,3,0,15,17
2002,60159,3,1,0,5,0,0,0,22,0,9,0,0
2002,60160,1,1,23,23,23,23,23,23,23,23,23,23
2002,60160,2,1,0,0,0,0,0,0,0,0,0,0
2002,60161,1,1,0,0,0,0,0,0,0,0,13,0
2002,60161,2,1,0,0,0,0,0,0,0,0,0,0
2002,60162,1,1,0,0,0,0,0,0,0,0,0,0
2002,60162,2,1,0,0,0,0,10,0,0,0,0,0
2002,60163,0,1,0,0,0,0,0,0,0,0,0,0
2002,60163,1,1,9,15,12,20,0,23,9,21,16,7
2002,60164,1,1,0,0,0,0,0,0,0,0,0,0
2002,60164,2,1,0,0,0,0,0,0,0,0,0,0
2002,60165,0,1,6,6,6,6,6,6,6,6,6,6
2002,60165,1,1,0,0,0,0,0,0,0,0,0,0
2002,60165,2,1,0,0,0,0,0,0,0,0,21,0
2002,60166,1,1,27,27,27,27,27,27,27,27,27,27
2002,60167,1,1,0,0,0,0,0,0,0,0,0,0
2002,60167,2,1,0,0,0,0,0,0,0,0,0,0
2002,60167,3,1,0,0,6,0,0,0,0,0,0,0
2002,60167,4,1,0,0,0,0,0,0,0,0,0,0
2002,60168,1,1,15,0,32,5,0,41,12,18,0,11
2002,60168,2,1,0,13,0,0,0,0,0,0,0,0
2002,60169,0,1,0,0,0,0,0,0,0,0,0,0
2002,60169,1,1,0,0,0,0,0,0,0,0,11,0
2002,60170,1,1,0,0,0,0,0,0,0,0,0,0
2002,60171,1,1,0,0,0,0,0,0,0,0,0,0
2002,60172,0,1,32,32,32,32,32,32,32,32,32,32
2002,60172,1,1,0,0,0,0,0,0,0,0,0,0
2002,60173,0,1,3,3,3,3,3,3,3,3,3,3
2002,60173,1,1,0,0,0,0,0,0,0,0,0,0
2002,60174,1,1,0,0,0,0,0,0,0,0,0,0
2002,60175,1,1,5,5,5,5,5,5,5,5,5,5
2002,60176,1,1,0,0,0,0,0,0,0,0,0,0
2002,60177,0,1,0,0,0,0,0,0,0,0,0,0
2002,60177,1,1,0,0,0,0,0,0,0,0,0,0
2002,60178,0,1,0,0,0,0,0,0,0,0,0,0
2002,60178,1,1,17,17,17,17,17,17,17,17,17,17
2002,60178,2,1,0,0,0,0,0,0,0,0,0,0
2002,60179,1,1,0,0,0,0,0,0,0,0,0,0
2002,60180,0,1,0,0,0,0,0,0,0,0,0,0
2002,60180,1,1,0,0,0,0,0,0,0,0,0,0
2002,60181,1,1,0,0,0,0,0,0,0,0,0,0
2002,60182,1,1,15,15,15,15,15,15,15,15,15,15
2002,60183,1,1,0,0,0,0,0,0,0,0,0,0
2002,60183,2,1,0,0,0,0,0,0,0,0,0,0
2002,60184,1,1,0,0,0,0,0,0,0,0,0,0
2002,60184,2,1,0,0,0,0,0,0,0,0,0,0
2002,60185,1,1,0,0,0,0,0,0,0,0,0,0
2002,60186,1,1,0,0,0,0,0,0,0,0,0,0
2002,60186,2,1,0,0,0,0,0,0,0,0,0,0
2002,60187,0,1,0,0,0,0,0,0,0,0,0,0
2002,60187,1,1,0,0,0,0,0,0,0,0,0,0
2002,60188,1,1,10,10,10,10,10,10,10,10,10,10
2002,60188,2,1,0,0,0,0,0,0,0,0,0,0
2002,60189,1,1,0,0,0,0,0,0,0,0,0,0
2002,60190,1,1,7,20,10,9,23,17,22,21,15,7
2002,60191,0,1,0,0,0,0,0,0,0,0,0,0
2002,60191,1,1,0,7,0,0,0,0,0,0,0,0
2002,60192,1,1,12,12,12,12,12,12,12,12,12,12
2002,60193,1,1,21,0,13,0,0,18,0,0,0,0
2002,60194,1,1,0,0,0,0,7,0,0,0,0,18
2002,60195,0,1,27,27,27,27,27,27,27,27,27,27
2002,60195,1,1,0,0,0,0,0,0,0,0,0,0
2002,60196,1,1,0,0,0,0,0,0,0,0,0,0
2002,60197,0,1,0,0,0,0,0,20,0,0,0,0
2002,60197,1,1,0,0,0,0,0,0,0,0,0,0
2002,60198,0,1,0,0,0,0,0,0,0,0,0,0
2002,60198,1,1,0,0,0,0,0,0,0,0,0,0
2002,60199,1,1,20,20,20,20,20,20,20,20,20,20
2002,60200,1,1,0,0,0,0,0,0,0,0,0,0
2002,60201,1,1,11,11,11,11,11,11,11,11,11,11
2002,60202,1,1,22,22,22,22,22,22,22,22,22,22
2002,60203,1,1,24,24,24,24,24,24,24,24,24,24
2002,60204,1,1,0,0,0,0,0,0,0,0,0,0
2002,60205,1,1,11,11,11,11,11,11,11,11,11,11
2002,60206,1,1,0,0,0,0,0,0,0,0,0,0
2002,60207,1,1,0,0,0,0,0,0,0,0,0,0
2002,60208,1,1,0,0,0,0,0,0,0,0,0,0
2002,60208,2,1,0,0,0,0,0,0,0,0,0,0
2002,60209,1,1,14,14,14,14,14,14,14,14,14,14
2002,60209,2,1,0,0,0,0,0,0,0,0,0,0
2002,60209,3,1,0,0,2,0,0,0,0,0,0,0
2002,60209,4,1,27,0,0,0,0,0,0,0,0,0
2002,60210,0,1,0,0,0,0,0,0,0,0,0,0
2002,60210,1,1,12,0,0,12,0,0,0,14,0,0
2002,60211,1,1,7,0,0,0,0,0,0,0,0,0
2002,60211,2,1,0,0,0,0,0,0,0,0,0,0
2002,60211,3,1,0,0,0,0,0,0,0,0,0,0
2002,60212,1,1,0,0,0,0,0,0,0,0,0,0
2002,60212,2,1,0,0,0,0,0,0,0,0,0,0
2002,60212,3,1,0,0,0,0,0,0,0,0,0,0
2002,60213,1,1,45,45,45,45,45,45,45,45,45,45
2002,60213,2,1,10,7,0,20,21,13,12,22,8,0
2002,60213,3,1,0,0,0,0,0,0,0,0,0,0
2002,60213,4,1,9,0,0,0,0,0,0,0,0,0
2002,60214,1,1,0,0,0,0,0,0,0,0,0,0
2002,60215,1,1,0,0,0,0,0,0,0,0,0,0
2002,60215,2,1,0,0,0,0,0,0,0,0,0,0
2002,60215,3,1,0,0,0,0,0,0,0,0,0,0
2002,60216,1,1,0,0,0,0,0,0,0,0,0,0
2002,60216,2,1,0,0,0,0,0,0,0,0,0,0
2002,60217,0,1,0,0,0,0,0,0,0,0,0,0
2002,60217,1,1,0,0,0,0,0,0,0,0,0,0
2002,60217,2,1,0,0,0,0,0,0,0,0,0,0
2002,60217,3,1,0,25,0,0,0,0,0,0,0,0
2002,60218,1,1,21,21,21,21,21,21,21,21,21,21
2002,60218,2,1,0,0,13,0,0,0,0,0,0,9
2002,60219,1,1,0,0,0,0,0,0,0,0,0,0
2002,60219,2,1,0,0,0,0,0,0,0,0,0,0
2002,60220,1,1,0,0,0,0,0,0,0,0,0,0
2002,60220,2,1,0,0,0,0,0,0,0,0,0,0
2002,60221,1,1,0,0,0,15,0,0,0,0,0,0
2002,60221,2,1,0,7,0,0,7,0,4,19,13,0
2002,60222,1,1,0,0,0,0,0,0,0,0,0,0
2002,60222,2,1,0,0,0,0,0,0,0,0,0,0
2002,60222,3,1,0,0,0,0,0,0,0,0,0,0
2002,60222,4,1,0,0,0,0,0,0,0,0,0,0
2002,60222,5,1,0,0,0,0,0,0,0,0,0,0
2002,60222,6,1,0,0,0,0,0,26,0,0,0,0
2002,60223,1,1,25,25,25,25,25,25,25,25,25,25
2002,60223,2,1,0,0,0,0,0,0,0,0,0,0
2002,60224,1,1,0,16,0,0,0,0,0,0,0,6
2002,60224,2,1,0,0,0,0,0,0,0,0,0,0
2002,60224,3,1,0,17,0,0,0,0,0,0,9,0
2002,60224,4,1,0,0,0,0,0,0,0,0,0,0
2002,60225,0,1,0,0,0,0,0,0,0,0,0,0
2002,60225,1,1,3,3,3,3,3,3,3,3,3,3
2002,60226,1,1,19,19,19,19,19,19,19,19,19,19
2002,60227,1,1,0,0,0,0,0,0,0,0,0,0
2002,60228,1,1,0,0,0,0,0,0,0,0,0,0
2002,60228,2,1,0,0,0,0,0,0,0,0,0,0
2002,60229,1,1,0,0,0,0,0,0,0,0,0,0
2002,60229,2,1,0,0,0,0,0,0,0,0,0,0
2002,60230,1,1,0,0,0,0,0,0,0,0,0,0
2002,60230,2,1,0,0,0,0,0,0,9,0,0,0
2002,60231,1,1,19,19,19,19,19,19,19,19,19,19
2002,60231,2,1,0,0,0,0,0,0,0,0,0,0
2002,60232,1,1,0,0,0,0,0,0,0,0,0,0
2002,60232,2,1,0,0,0,0,16,0,0,0,0,20
2002,60233,1,1,23,23,23,23,23,23,23,23,23,23
2002,60233,2,1,0,0,0,0,0,0,0,0,0,0
2002,60234,1,1,0,0,0,0,0,0,0,0,0,0
2002,60234,2,1,0,0,0,0,0,0,0,0,0,0
2002,60235,0,1,0,0,0,0,0,0,0,0,0,0
2002,60235,1,1,0,0,0,0,0,0,0,0,0,0
2002,60236,0,1,0,0,0,0,0,0,0,0,0,0
2002,60236,1,1,0,0,0,4,0,0,0,0,0,0
2002,60237,1,1,0,0,0,0,0,0,0,0,0,0
2002,60238,1,1,0,0,0,0,0,0,0,0,0,0
2002,60239,1,1,15,15,15,15,15,15,15,15,15,15
2002,60240,1,1,19,19,19,19,19,19,19,19,19,19
2002,60241,1,1,0,0,0,0,0,0,0,0,0,0
2002,60242,1,1,7,7,7,7,7,7,7,7,7,7
2002,60243,1,1,0,0,0,0,0,0,0,0,0,0
2002,60244,0,1,0,0,0,0,0,0,0,0,0,0
2002,60244,1,1,0,0,0,0,0,0,0,0,0,0
2002,60245,1,1,22,22,22,22,22,22,22,22,22,22
2002,60246,1,1,0,0,0,0,0,0,0,0,0,0
2002,60247,1,1,17,16,0,6,22,13,7,8,24,11
2002,60248,0,1,0,0,0,0,0,0,0,0,0,0
2002,60248,1,1,0,0,15,0,0,10,9,0,0,0
2002,60249,0,1,10,10,10,10,10,10,10,10,10,10
2002,60249,1,1,0,0,0,0,0,0,0,0,0,0
2002,60250,1,1,6,6,6,6,6,6,6,6,6,6
2002,60250,2,1,0,0,0,0,0,0,0,6,0,0
2002,60250,3,1,0,0,0,0,15,0,0,0,0,0
2002,60250,4,1,0,0,0,0,0,0,0,0,0,0
2002,60250,5,1,0,0,0,0,0,0,0,0,0,0
2002,60251,0,1,3,3,3,3,3,3,3,3,3,3
2002,60251,1,1,0,0,0,0,0,0,0,0,0,0
2002,60252,1,1,0,0,0,0,0,0,0,0,0,0
2002,60252,2,1,0,0,0,0,0,0,0,0,0,0
2002,60253,1,1,0,0,0,0,0,0,0,0,0,0
2002,60254,1,1,0,0,0,0,0,0,0,0,0,0
2002,60255,1,1,0,0,0,0,0,5,0,17,2,0
2002,60256,0,1,29,29,29,29,29,29,29,29,29,29
2002,60256,1,1,0,0,0,0,0,0,0,0,0,0
2002,60257,1,1,0,0,0,0,0,0,0,0,0,0
2002,60258,1,1,2,2,2,2,2,2,2,2,2,2
2002,60258,2,1,0,0,0,0,0,0,0,0,0,0
2002,60259,1,1,7,7,7,7,7,7,7,7,7,7
2002,60260,1,1,8,20,8,15,10,0,15,11,12,19
2002,60261,0,1,0,0,0,0,0,0,0,0,0,0
2002,60261,1,1,0,0,0,0,0,0,0,0,0,0