YEAR,ST_CASE,veh_no,per_no,P1,P2,P3,P4,P5,P6,P7,P8,P9,P10
2002,60531,2,1,0,0,0,0,0,0,0,0,0,0
2002,60532,0,1,26,26,26,26,26,26,26,26,26,26
2002,60532,1,1,0,6,0,0,0,0,0,0,0,0
2002,60533,1,1,22,22,22,22,22,22,22,22,22,22
2002,60534,0,1,0,0,0,0,0,0,0,0,0,0
2002,60534,1,1,0,0,0,0,0,0,0,0,0,0
2002,60535,1,1,26,26,26,26,26,26,26,26,26,26
2002,60536,0,1,8,8,8,8,8,8,8,8,8,8
2002,60536,1,1,0,0,0,0,0,0,0,0,13,0
2002,60537,0,1,0,0,0,0,0,0,0,0,0,0
2002,60537,1,1,0,0,0,0,0,0,0,0,0,0
2002,60538,1,1,3,3,3,3,3,3,3,3,3,3
2002,60539,0,1,0,0,0,0,0,0,0,0,0,0
2002,60539,1,1,0,0,0,0,0,20,0,0,0,0
2002,60540,1,1,0,0,0,0,0,0,0,0,0,0
2002,60541,0,1,0,0,0,0,0,0,0,0,0,0
2002,60541,0,2,0,0,0,0,0,0,0,0,0,0
2002,60541,1,1,0,0,0,0,0,0,0,0,0,0
2002,60542,0,1,0,0,0,0,0,0,0,0,0,0
2002,60542,1,1,0,0,0,0,0,0,0,0,0,0
2002,60543,1,1,0,0,0,0,0,0,0,0,12,0
2002,60544,0,1,19,19,19,19,19,19,19,19,19,19
2002,60544,0,2,0,13,0,22,9,0,24,16,0,0
2002,60544,1,1,11,11,11,11,11,11,11,11,11,11
2002,60545,1,1,0,0,0,0,0,0,0,0,0,0
2002,60546,1,1,3,3,3,3,3,3,3,3,3,3
2002,60547,0,1,0,0,0,0,0,0,0,0,0,0
2002,60547,1,1,0,0,0,0,0,0,0,0,0,0
2002,60548,1,1,0,0,0,0,8,0,21,0,0,0
2002,60549,1,1,0,0,0,0,0,0,0,0,0,0
2002,60549,2,1,2,2,2,2,2,2,2,2,2,2
2002,60550,0,1,0,0,0,0,0,0,0,0,0,0
2002,60550,1,1,0,0,0,0,0,0,0,0,0,0
2002,60551,1,1,0,0,25,22,4,17,0,5,34,8
2002,60551,2,1,0,0,0,0,0,0,0,0,0,0
2002,60552,1,1,0,0,0,0,0,0,0,0,0,0
2002,60552,2,1,0,0,0,0,0,0,0,0,0,0
2002,60553,1,1,0,0,0,0,0,0,0,0,0,0
2002,60554,1,1,0,0,0,0,0,0,0,0,0,0
2002,60554,2,1,0,0,0,0,0,0,0,0,0,0
2002,60555,1,1,0,0,0,0,0,0,0,0,0,0
2002,60556,1,1,0,0,0,0,0,0,0,0,0,0
2002,60557,1,1,0,0,0,0,0,0,0,0,0,0
2002,60558,0,1,0,0,0,0,0,0,0,0,0,0
2002,60558,1,1,0,0,0,0,0,0,0,0,0,0
2002,60559,1,1,16,16,16,16,16,16,16,16,16,16
2002,60560,1,1,0,0,0,0,0,0,0,0,0,0
2002,60560,2,1,0,0,0,0,0,0,0,0,0,0
2002,60561,1,1,0,0,0,0,0,0,0,0,0,0
2002,60562,1,1,0,0,17,0,0,0,0,0,0,0
2002,60562,2,1,0,0,0,0,0,0,0,0,0,0
2002,60563,1,1,0,0,0,0,0,0,0,0,0,0
2002,60564,0,1,0,0,0,0,0,0,0,0,0,0
2002,60564,1,1,0,0,0,0,0,0,0,0,0,0
2002,60565,1,1,21,21,21,21,21,21,21,21,21,21
2002,60566,0,1,6,6,6,6,6,6,6,6,6,6
2002,60566,1,1,0,0,0,11,0,0,11,0,22,0
2002,60567,0,1,0,0,0,0,0,0,0,0,0,0
2002,60567,1,1,0,0,0,0,0,0,0,0,0,0
2002,60568,1,1,0,0,0,0,0,0,0,0,0,0
2002,60569,1,1,8,8,8,8,8,8,8,8,8,8
2002,60570,1,1,18,18,18,18,18,18,18,18,18,18
2002,60571,1,1,0,0,0,0,0,0,0,0,0,0
2002,60571,2,1,0,0,0,0,0,0,0,0,0,0
2002,60572,1,1,14,14,14,14,14,14,14,14,14,14
2002,60572,2,1,0,0,0,0,0,0,0,0,0,0
2002,60572,3,1,0,0,0,0,0,0,0,0,0,0
2002,60573,1,1,0,0,0,0,0,0,0,0,0,0
2002,60573,2,1,0,0,0,0,0,0,0,0,0,0
2002,60574,1,1,0,0,0,0,0,0,0,0,0,0
2002,60574,2,1,0,0,0,0,0,0,0,0,0,0
2002,60575,0,1,0,0,0,0,0,0,0,0,0,0
2002,60575,1,1,0,0,0,0,0,0,0,0,0,0
2002,60576,1,1,18,18,18,18,18,18,18,18,18,18
2002,60577,1,1,0,0,0,0,0,0,0,0,5,0
2002,60577,2,1,0,0,0,0,0,0,0,0,0,0
2002,60578,1,1,0,17,14,0,0,12,16,0,24,7
2002,60578,2,1,14,14,14,14,14,14,14,14,14,14
2002,60579,1,1,0,0,0,0,0,0,0,0,0,0
2002,60579,2,1,0,0,0,0,0,0,0,0,0,0
2002,60580,1,1,0,0,0,0,0,0,0,0,0,10
2002,60580,2,1,0,0,0,0,0,0,0,0,0,0
2002,60580,3,1,0,12,0,0,0,0,0,0,0,14
2002,60581,1,1,0,0,0,0,0,0,0,0,0,0
2002,60581,2,1,0,0,0,0,0,0,0,0,15,0
2002,60582,0,1,4,4,4,4,4,4,4,4,4,4
2002,60582,0,2,0,0,0,43,0,0,18,0,0,0
2002,60582,1,1,8,8,8,8,8,8,8,8,8,8
2002,60583,1,1,0,0,0,0,0,0,0,0,0,0
2002,60584,0,1,26,26,26,26,26,26,26,26,26,26
2002,60584,1,1,0,0,0,0,0,0,0,19,0,0
2002,60585,1,1,5,5,5,5,5,5,5,5,5,5
2002,60585,2,1,0,0,0,15,0,0,0,0,0,0
2002,60586,1,1,10,10,10,10,10,10,10,10,10,10
2002,60586,2,1,0,0,0,0,0,0,0,5,0,0
2002,60587,1,1,0,0,0,0,0,0,0,0,0,0
2002,60587,2,1,0,0,0,0,0,0,0,0,0,0
2002,60588,1,1,0,0,0,0,0,0,0,0,0,0
2002,60588,2,1,0,0,0,0,0,0,0,0,0,0
2002,60589,1,1,0,0,0,0,0,0,0,0,0,0
2002,60589,2,1,0,0,0,0,0,0,0,0,0,0
2002,60589,3,1,0,0,0,0,0,0,0,0,0,0
2002,60590,1,1,6,6,6,6,6,6,6,6,6,6
2002,60591,1,1,26,26,26,26,26,26,26,26,26,26
2002,60592,0,1,0,11,24,33,0,0,22,0,30,0
2002,60592,1,1,0,0,0,0,0,0,0,0,0,0
2002,60593,0,1,1,1,1,1,1,1,1,1,1,1
2002,60593,1,1,0,0,0,0,0,0,0,0,0,0
2002,60594,1,1,25,25,25,25,25,25,25,25,25,25
2002,60595,0,1,0,0,0,0,0,0,0,0,0,0
2002,60595,1,1,0,0,0,0,0,0,0,0,0,0
2002,60596,1,1,0,0,0,0,0,0,0,0,0,0
2002,60597,1,1,0,0,0,0,0,0,0,0,0,0
2002,60598,1,1,0,0,0,0,0,0,0,0,0,0
2002,60599,1,1,0,0,0,0,0,0,0,0,0,0
2002,60599,2,1,0,0,0,0,0,0,0,0,0,7
2002,60600,1,1,20,20,20,20,20,20,20,20,20,20
2002,60600,2,1,2,2,2,2,2,2,2,2,2,2
2002,60601,1,1,0,0,0,0,0,0,0,0,0,0
2002,60602,1,1,32,32,32,32,32,32,32,32,32,32
2002,60603,1,1,0,0,0,0,0,0,0,0,0,0
2002,60604,1,1,0,0,0,0,0,0,0,0,0,0
2002,60605,1,1,0,0,0,0,0,0,0,0,0,0
2002,60606,1,1,0,0,0,0,0,0,30,0,0,0
2002,60607,1,1,11,11,11,11,11,11,11,11,11,11
2002,60608,1,1,0,0,0,0,0,0,0,0,0,0
2002,60609,1,1,26,26,26,26,26,26,26,26,26,26
2002,60610,1,1,14,14,14,14,14,14,14,14,14,14
2002,60611,0,1,12,7,25,0,0,14,0,0,0,0
2002,60611,1,1,0,17,0,0,0,0,0,0,0,0
2002,60612,1,1,12,12,12,12,12,12,12,12,12,12
2002,60613,1,1,0,0,0,0,0,0,0,0,0,0
2002,60614,1,1,12,12,12,12,12,12,12,12,12,12
2002,60615,1,1,0,0,0,0,0,0,0,0,0,0
2002,60615,2,1,0,0,0,0,0,0,0,0,0,0
2002,60616,1,1,14,14,14,14,14,14,14,14,14,14
2002,60616,2,1,0,9,0,0,0,0,13,15,9,0
2002,60617,1,1,0,0,0,0,0,0,0,0,0,0
2002,60617,2,1,0,0,0,0,0,0,0,0,0,0
2002,60618,1,1,0,0,0,0,0,0,0,0,0,0
2002,60618,2,1,0,0,0,0,0,0,0,0,0,17
2002,60619,1,1,18,18,18,18,18,18,18,18,18,18
2002,60620,0,1,0,0,0,0,0,0,0,0,0,0
2002,60620,1,1,0,0,0,0,0,0,0,0,0,0
2002,60621,0,1,69,69,69,69,69,69,69,69,69,69
2002,60621,1,1,0,0,0,0,0,0,0,0,0,0
2002,60622,1,1,23,23,23,23,23,23,23,23,23,23
2002,60623,0,1,23,23,23,23,23,23,23,23,23,23
2002,60623,1,1,18,18,18,18,18,18,18,18,18,18
2002,60624,1,1,0,0,0,0,0,0,0,0,0,0
2002,60624,2,1,22,22,22,22,22,22,22,22,22,22
2002,60625,1,1,0,0,0,0,0,0,0,0,0,0
2002,60626,1,1,0,0,0,0,0,0,0,0,0,0
2002,60627,1,1,0,0,0,0,11,0,17,15,0,0
2002,60628,1,1,15,15,15,15,15,15,15,15,15,15
2002,60629,1,1,0,0,0,0,0,0,0,0,0,0
2002,60630,1,1,5,5,5,5,5,5,5,5,5,5
2002,60631,1,1,13,13,13,13,13,13,13,13,13,13
2002,60632,1,1,22,16,0,13,0,0,0,0,0,0
2002,60633,0,1,0,0,0,0,0,0,0,0,0,0
2002,60633,1,1,0,18,0,20,0,0,0,0,0,0
2002,60634,1,1,1,1,1,1,1,1,1,1,1,1
2002,60635,0,1,27,27,27,27,27,27,27,27,27,27
2002,60635,1,1,0,9,11,0,0,0,29,0,22,4
2002,60636,1,1,0,0,0,0,0,0,0,0,0,0
2002,60637,1,1,0,0,0,0,0,0,0,0,0,0
2002,60638,1,1,10,10,10,10,10,10,10,10,10,10
2002,60639,0,1,0,0,0,0,0,0,0,0,0,0
2002,60639,1,1,0,0,0,0,0,0,0,0,0,0
2002,60640,0,1,0,0,0,0,0,0,0,0,0,0
2002,60640,1,1,9,0,0,0,0,0,0,0,0,0
2002,60641,0,1,39,39,39,39,39,39,39,39,39,39
2002,60641,1,1,0,10,0,0,0,0,0,0,0,19
2002,60642,0,1,0,0,0,0,0,0,0,0,0,0
2002,60642,1,1,0,0,0,0,0,0,0,0,0,0
2002,60643,1,1,19,19,19,19,19,19,19,19,19,19
2002,60644,1,1,20,20,20,20,20,20,20,20,20,20
2002,60645,0,1,0,0,0,0,0,0,0,0,0,0
2002,60645,1,1,0,0,0,0,0,0,0,0,0,0
2002,60646,0,1,0,0,0,0,0,0,0,0,0,0
2002,60646,1,1,0,0,0,0,0,0,0,0,0,0
2002,60647,1,1,15,21,32,7,5,19,17,29,0,6
2002,60648,1,1,18,18,18,18,18,18,18,18,18,18
2002,60649,1,1,0,0,0,0,0,0,0,0,0,0
2002,60650,0,1,0,0,0,0,0,0,0,0,0,0
2002,60650,1,1,0,0,0,0,0,0,0,0,0,0
2002,60651,1,1,23,23,23,23,23,23,23,23,23,23
2002,60652,0,1,0,0,0,0,0,0,0,0,0,0
2002,60652,1,1,0,0,0,0,0,0,0,0,12,0
2002,60653,0,1,0,0,0,0,0,0,0,0,0,0
2002,60653,1,1,0,0,0,0,0,0,0,0,0,0
2002,60654,1,1,0,0,0,10,0,0,22,0,6,14
2002,60655,1,1,8,8,8,8,8,8,8,8,8,8
2002,60656,1,1,9,9,9,9,9,9,9,9,9,9
2002,60657,1,1,0,0,0,0,0,0,0,0,0,0
2002,60658,1,1,4,4,4,4,4,4,4,4,4,4
2002,60659,1,1,0,0,0,0,0,0,0,13,0,0
2002,60660,1,1,0,0,0,0,0,0,0,0,0,0
2002,60661,0,1,0,0,0,0,0,0,0,0,0,0
2002,60661,1,1,0,0,0,0,0,0,0,0,0,0
2002,60662,1,1,0,0,0,0,0,0,0,0,0,0
2002,60663,0,1,15,15,15,15,15,15,15,15,15,15
2002,60663,1,1,0,0,0,0,0,0,0,0,0,0
2002,60664,1,1,0,0,0,0,0,0,0,0,0,0
2002,60665,1,1,0,0,0,0,0,0,0,0,0,0
2002,60665,2,1,0,0,0,0,0,0,0,0,0,0
2002,60666,0,1,21,21,21,21,21,21,21,21,21,21
2002,60666,1,1,0,0,0,0,0,0,0,0,0,0
2002,60666,3,1,0,0,0,0,3,0,0,0,0,0
2002,60667,1,1,16,16,16,16,16,16,16,16,16,16
2002,60667,2,1,0,0,0,0,0,0,0,0,0,0
2002,60668,0,1,7,7,7,7,7,7,7,7,7,7
2002,60668,1,1,0,0,0,5,0,0,0,0,27,0
2002,60668,2,1,0,0,0,4,0,2,0,0,0,0
2002,60668,3,1,0,0,0,0,0,0,0,0,0,0
2002,60669,1,1,0,0,0,0,0,0,0,0,0,0
2002,60669,2,1,0,0,0,0,0,0,0,0,0,0
2002,60669,3,1,9,0,0,0,0,0,0,0,0,0
2002,60670,1,1,24,24,24,24,24,24,24,24,24,24
2002,60671,1,1,24,24,24,24,24,24,24,24,24,24
2002,60672,1,1,0,0,0,0,0,0,0,0,0,0
2002,60673,1,1,0,0,0,0,0,0,0,0,0,0
2002,60674,1,1,0,0,0,0,0,0,0,0,0,0
2002,60675,1,1,0,0,0,0,0,0,0,0,0,0
2002,60676,0,1,0,0,0,0,0,0,0,0,0,0
2002,60676,1,1,0,0,0,0,0,0,0,0,0,0
2002,60677,1,1,0,0,17,0,0,0,0,0,0,0
2002,60678,1,1,0,0,0,0,0,0,0,0,0,0
2002,60679,1,1,17,17,17,17,17,17,17,17,17,17
2002,60680,1,1,9,9,9,9,9,9,9,9,9,9
2002,60681,0,1,14,0,0,0,0,0,0,0,0,0
2002,60681,1,1,0,0,0,0,0,0,0,0,0,0
2002,60682,0,1,0,0,0,0,0,0,0,0,0,0
2002,60682,1,1,0,0,0,0,0,0,0,0,0,0
2002,60683,0,1,0,0,0,0,0,0,0,0,0,0
2002,60683,1,1,0,0,0,0,0,0,0,0,0,0
2002,60684,0,1,0,0,0,0,0,0,0,0,0,0
2002,60684,1,1,0,0,0,0,0,0,0,0,0,0
2002,60685,1,1,0,0,0,0,0,0,0,0,0,0
2002,60685,2,1,0,0,0,0,0,0,0,0,0,0
2002,60686,1,1,9,12,16,5,16,20,9,11,14,11
2002,60687,1,1,0,0,0,0,0,0,0,0,0,0
2002,60688,1,1,0,0,0,0,0,0,0,0,0,0
2002,60689,1,1,0,0,0,0,0,0,0,0,0,0
2002,60690,1,1,0,0,0,0,0,0,0,0,0,0
2002,60691,1,1,6,6,6,6,6,6,6,6,6,6
2002,60692,1,1,13,13,13,13,13,13,13,13,13,13
2002,60693,1,1,0,0,0,0,0,0,0,0,0,0
2002,60693,2,1,0,0,0,0,0,0,0,0,0,0
2002,60694,1,1,0,0,0,0,0,0,0,0,0,0
2002,60695,1,1,3,3,3,3,3,3,3,3,3,3
2002,60696,1,1,0,0,0,0,0,0,0,0,0,0
2002,60697,1,1,18,18,18,18,18,18,18,18,18,18
2002,60698,1,1,0,0,0,0,13,0,0,0,18,0
2002,60699,1,1,0,0,0,0,0,0,0,0,0,0
2002,60699,2,1,14,24,22,0,21,23,27,43,0,0
2002,60700,1,1,0,0,0,0,0,0,0,0,0,0
2002,60701,0,1,5,5,5,5,5,5,5,5,5,5
2002,60701,1,1,0,0,5,0,0,0,0,0,0,0
2002,60702,1,1,15,15,15,15,15,15,15,15,15,15
2002,60703,0,1,0,0,0,0,0,0,0,0,0,0
2002,60703,1,1,0,0,0,0,0,0,0,0,0,0
2002,60704,1,1,16,16,16,16,16,16,16,16,16,16
2002,60704,2,1,0,0,0,0,0,0,0,0,0,0
2002,60704,3,1,2,0,0,0,0,0,0,0,0,0
2002,60705,1,1,0,0,0,0,0,0,0,0,0,0
2002,60705,2,1,0,0,0,0,0,0,0,0,0,0
2002,60706,1,1,29,29,29,29,29,29,29,29,29,29
2002,60706,2,1,0,0,0,0,0,0,0,0,0,0
2002,60707,1,1,18,0,0,10,0,23,0,0,44,0
2002,60707,2,1,0,0,0,0,0,0,0,0,0,0
2002,60708,1,1,0,0,0,0,0,0,0,0,0,0
2002,60709,0,1,0,0,0,0,0,0,0,0,0,0
2002,60709,1,1,0,0,0,0,0,0,0,0,0,0
2002,60710,1,1,0,0,0,0,0,0,0,0,0,0
2002,60711,1,1,30,30,30,30,30,30,30,30,30,30
2002,60712,1,1,0,0,0,0,0,0,0,0,0,0
2002,60713,1,1,0,0,0,0,0,0,0,0,0,0
2002,60714,1,1,0,0,0,0,0,0,0,0,0,0
2002,60715,0,1,0,0,0,0,0,0,0,0,0,0
2002,60715,1,1,0,0,0,0,0,0,0,0,0,0
2002,60716,1,1,16,19,15,13,9,25,20,14,19,10
2002,60717,1,1,24,24,24,24,24,24,24,24,24,24
2002,60718,1,1,2,2,2,2,2,2,2,2,2,2
2002,60719,1,1,0,0,0,0,0,0,18,0,0,0
2002,60720,1,1,0,0,0,0,0,0,0,0,0,0
2002,60721,1,1,16,16,16,16,16,16,16,16,16,16
2002,60722,0,1,0,0,0,0,0,0,0,0,0,0
2002,60722,1,1,0,0,0,0,0,0,0,0,0,0
2002,60723,0,1,0,33,11,6,23,24,13,16,11,22
2002,60723,1,1,0,0,0,11,0,0,0,0,0,0
2002,60724,1,1,49,49,49,49,49,49,49,49,49,49
2002,60725,0,1,0,0,8,0,0,0,0,0,0,0
2002,60725,1,1,0,0,0,0,0,0,0,0,0,0
2002,60726,0,1,0,0,0,0,0,0,0,0,0,0
2002,60726,1,1,0,0,0,0,0,0,0,0,0,0
2002,60727,0,1,6,6,6,6,6,6,6,6,6,6
2002,60727,1,1,3,3,3,3,3,3,3,3,3,3
2002,60728,0,1,0,0,0,0,0,0,0,0,0,0
2002,60728,1,1,0,0,0,0,0,0,0,0,0,0
2002,60729,1,1,5,5,5,5,5,5,5,5,5,5
2002,60730,1,1,12,12,12,12,12,12,12,12,12,12
2002,60731,1,1,0,0,0,0,0,0,0,0,0,0
2002,60731,2,1,0,0,0,0,0,0,0,0,0,0
2002,60732,1,1,15,15,15,15,15,15,15,15,15,15
2002,60733,0,1,0,0,0,0,0,0,0,0,0,0
2002,60733,1,1,0,0,0,0,0,0,0,0,0,0
2002,60734,1,1,14,14,14,14,14,14,14,14,14,14
2002,60735,1,1,37,37,37,37,37,37,37,37,37,37
2002,60736,1,1,0,0,0,0,0,0,0,0,0,0
2002,60737,1,1,9,9,9,9,9,9,9,9,9,9
2002,60738,0,1,0,0,0,0,0,0,0,0,0,0
2002,60738,1,1,0,0,0,0,0,0,0,0,0,0
2002,60739,0,1,0,0,0,0,0,0,0,0,0,0
2002,60739,1,1,0,0,0,0,0,0,0,0,0,13
2002,60740,1,1,26,0,0,0,0,0,0,0,0,0
2002,60741,1,1,0,0,0,0,0,0,0,0,0,0
2002,60742,1,1,11,11,11,11,11,11,11,11,11,11
2002,60743,1,1,0,0,0,0,0,0,0,0,0,0
2002,60744,1,1,0,0,0,0,0,0,0,0,0,0
2002,60745,1,1,0,0,0,0,0,0,0,0,0,0
2002,60746,1,1,0,0,0,0,0,0,0,0,0,0
2002,60747,1,1,23,23,23,23,23,23,23,23,23,23
2002,60748,0,1,0,0,0,10,0,0,0,0,0,19
2002,60748,1,1,0,0,0,0,0,0,0,0,0,0
2002,60749,1,1,23,23,23,23,23,23,23,23,23,23
2002,60750,1,1,23,23,23,23,23,23,23,23,23,23
2002,60751,1,1,28,28,28,28,28,28,28,28,28,28
2002,60752,1,1,0,0,0,0,0,0,0,0,0,0
2002,60753,1,1,0,0,0,0,0,0,0,0,0,0
2002,60754,1,1,0,0,0,0,0,0,0,0,0,0
2002,60755,1,1,6,6,6,6,6,6,6,6,6,6
2002,60756,0,1,0,0,0,0,0,0,0,0,0,0
2002,60756,1,1,0,0,0,0,0,0,0,0,0,0
2002,60757,1,1,2,2,2,2,2,2,2,2,2,2
2002,60758,0,1,0,0,0,0,0,0,0,0,0,0
2002,60758,1,1,0,0,0,0,0,0,0,0,0,0
2002,60759,1,1,10,10,10,10,10,10,10,10,10,10
2002,60760,1,1,11,11,11,11,11,11,11,11,11,11
2002,60761,1,1,0,0,0,0,0,0,0,0,0,0
2002,60762,1,1,0,0,0,0,0,0,0,0,0,0
2002,60762,2,1,0,0,0,0,0,0,0,0,0,0
2002,60763,1,1,0,0,0,0,0,0,0,0,0,4
2002,60764,0,1,8,8,8,8,8,8,8,8,8,8
2002,60764,1,1,0,0,0,0,0,0,0,0,0,0
2002,60765,1,1,16,16,16,16,16,16,16,16,16,16
2002,60766,0,1,0,0,0,10,16,0,21,0,0,0
2002,60766,1,1,0,0,0,0,0,0,0,0,0,0
2002,60767,1,1,0,0,0,0,0,0,0,0,0,0
2002,60768,1,1,10,10,10,10,10,10,10,10,10,10
2002,60769,0,1,0,0,0,0,0,0,0,0,0,0
2002,60769,1,1,0,0,0,0,0,0,0,0,0,0
2002,60770,1,1,15,15,15,15,15,15,15,15,15,15
2002,60771,1,1,0,0,0,0,0,0,0,0,0,0
2002,60772,1,1,16,23,0,25,0,18,0,0,11,42
2002,60773,1,1,17,17,17,17,17,17,17,17,17,17
2002,60774,1,1,0,0,0,0,0,0,0,0,0,0
2002,60775,1,1,0,0,0,0,0,0,0,0,0,0
2002,60776,1,1,0,0,0,0,0,0,0,0,0,0
2002,60777,0,1,0,0,0,0,0,0,0,0,0,0
2002,60777,1,1,0,0,0,0,0,0,0,0,0,0
2002,60778,1,1,0,0,0,0,0,0,0,0,0,0
2002,60779,1,1,0,0,0,0,0,0,0,0,0,0
2002,60780,1,1,0,0,0,0,0,0,0,0,0,0
2002,60781,1,1,0,0,0,0,0,0,0,0,0,0
2002,60782,1,1,0,0,0,0,0,0,0,0,0,0
2002,60783,1,1,31,31,31,31,31,31,31,31,31,31
2002,60784,0,1,0,0,0,0,0,0,0,0,0,0
2002,60784,1,1,0,0,0,0,0,0,0,0,0,0
2002,60785,0,1,25,25,25,25,25,25,25,25,25,25
2002,60785,1,1,0,0,0,7,0,0,0,0,0,0
2002,60786,1,1,0,0,0,0,0,0,0,0,0,0
2002,60787,1,1,16,16,16,16,16,16,16,16,16,16
2002,60788,1,1,0,0,0,0,0,0,0,0,0,0
2002,60789,1,1,0,0,0,0,0,0,0,0,0,0
2002,60790,0,1,0,0,0,0,0,0,0,0,0,0
2002,60790,1,1,0,0,0,0,0,0,0,0,0,0
2002,60791,1,1,0,0,0,0,0,0,0,0,0,0
2002,60792,1,1,0,0,0,0,0,0,0,0,0,0
2002,60793,1,1,2,2,2,2,2,2,2,2,2,2
2002,60794,1,1,20,20,20,20,20,20,20,20,20,20
2002,60795,1,1,8,8,8,8,8,8,8,8,8,8
2002,60796,1,1,21,21,21,21,21,21,21,21,21,21
2002,60797,0,1,26,26,26,26,26,26,26,26,26,26
2002,60797,1,1,0,0,0,0,0,0,0,0,0,0
2002,60798,1,1,0,0,0,0,0,0,0,0,0,0
2002,60799,1,1,0,0,0,0,0,0,0,0,0,0
2002,60800,1,1,11,11,11,11,11,11,11,11,11,11
2002,60801,1,1,0,0,0,0,0,0,0,0,0,0
2002,60802,0,1,37,37,37,37,37,37,37,37,37,37
2002,60802,1,1,0,0,0,0,0,0,0,20,0,0
2002,60803,1,1,5,5,5,5,5,5,5,5,5,5
2002,60804,1,1,0,0,0,0,0,0,0,0,0,0
2002,60805,1,1,5,9,0,9,0,12,12,7,6,14
2002,60806,1,1,7,7,7,7,7,7,7,7,7,7
2002,60807,1,1,0,0,0,0,0,0,0,0,0,0
2002,60808,0,1,4,4,4,4,4,4,4,4,4,4
2002,60808,1,1,0,0,5,0,0,0,0,0,0,0
2002,60809,1,1,0,0,0,0,0,0,0,0,0,0
2002,60810,1,1,21,21,21,21,21,21,21,21,21,21
2002,60811,1,1,6,6,6,6,6,6,6,6,6,6
2002,60812,1,1,16,16,16,16,16,16,16,16,16,16
2002,60813,1,1,13,0,0,0,0,26,0,0,0,28
2002,60813,2,1,0,0,0,0,0,0,0,0,0,0
2002,60814,1,1,0,0,0,0,0,0,0,0,0,0
2002,60815,1,1,31,31,31,31,31,31,31,31,31,31
2002,60816,1,1,18,21,15,7,19,29,27,12,11,16
2002,60817,1,1,0,0,0,0,0,0,0,0,0,0
2002,60818,1,1,0,0,0,0,0,0,0,0,0,0
2002,60819,1,1,4,4,4,4,4,4,4,4,4,4
2002,60820,1,1,0,0,0,0,0,0,0,0,0,0
2002,60821,1,1,0,0,0,0,0,0,0,0,0,0
2002,60822,0,1,22,22,22,22,22,22,22,22,22,22
2002,60822,1,1,7,7,7,7,7,7,7,7,7,7
2002,60823,1,1,16,16,16,16,16,16,16,16,16,16
2002,60824,1,1,0,0,0,0,0,0,0,0,0,0
2002,60825,1,1,17,17,17,17,17,17,17,17,17,17
2002,60826,1,1,0,0,0,0,0,15,0,7,0,0
2002,60827,1,1,0,0,0,0,0,0,0,0,0,0
2002,60827,2,1,0,0,0,0,0,0,0,0,0,0
2002,60827,3,1,0,0,0,18,0,0,0,0,0,0
2002,60828,1,1,0,0,0,0,0,0,0,0,0,0
2002,60828,2,1,0,0,0,0,0,0,0,0,0,0
2002,60829,0,1,0,0,0,0,0,0,0,0,0,0
2002,60829,1,1,0,0,0,0,0,0,0,0,0,0
2002,60829,2,1,0,0,0,0,0,0,0,0,0,0
2002,60830,0,1,0,0,0,0,0,0,0,0,0,0
2002,60830,1,1,0,10,0,0,0,0,0,0,22,13
2002,60831,1,1,0,0,0,0,0,0,0,0,0,0
2002,60831,2,1,0,0,0,0,0,0,0,27,0,0
2002,60832,1,1,0,0,0,0,0,0,0,0,0,0
2002,60832,2,1,0,0,0,30,0,0,0,0,0,0
2002,60832,3,1,0,0,0,0,0,0,0,0,0,0
2002,60832,4,1,0,0,0,0,0,0,0,0,0,0
2002,60832,5,1,0,0,0,0,0,0,0,0,0,0
2002,60833,1,1,0,0,0,0,0,0,0,0,0,0
2002,60834,1,1,13,13,13,13,13,13,13,13,13,13
2002,60835,1,1,0,0,0,0,0,0,0,0,0,0
2002,60836,1,1,1,1,1,1,1,1,1,1,1,1
2002,60837,1,1,22,22,22,22,22,22,22,22,22,22
2002,60838,0,1,0,0,0,0,0,0,0,0,0,0
2002,60838,1,1,0,0,0,23,0,0,0,0,0,0
2002,60839,1,1,19,19,19,19,19,19,19,19,19,19
2002,60840,0,1,28,28,28,28,28,28,28,28,28,28
2002,60840,1,1,0,0,0,0,0,0,0,0,0,0
2002,60841,1,1,0,0,0,0,0,0,0,0,0,0
2002,60842,1,1,0,0,0,0,0,0,0,0,0,0
2002,60843,1,1,0,0,0,0,0,0,0,0,0,0
2002,60844,1,1,0,0,0,0,0,0,0,0,0,0
2002,60845,1,1,3,3,3,3,3,3,3,3,3,3
2002,60846,1,1,0,0,0,14,0,0,10,0,0,0
2002,60847,1,1,0,0,0,0,0,0,0,0,0,0
2002,60848,1,1,10,10,10,10,10,10,10,10,10,10
2002,60849,1,1,0,0,0,0,0,0,0,0,0,0
2002,60850,1,1,19,19,19,19,19,19,19,19,19,19